[NX v21.5.1 Daemon Server] - 2025-09-11T05:34:58.732Z - Started listening on: /private/var/folders/xt/r7ghqgqx69xc59_fw8txct8c0000gn/T/6e505779ec31f1ac16ae/d.sock
[NX v21.5.1 Daemon Server] - 2025-09-11T05:34:58.733Z - [WATCHER]: Subscribed to changes within: /Users/curiosity/tools/wcw (native)
[NX v21.5.1 Daemon Server] - 2025-09-11T05:34:58.736Z - Established a connection. Number of open connections: 1
[NX v21.5.1 Daemon Server] - 2025-09-11T05:34:58.736Z - Established a connection. Number of open connections: 2
[NX v21.5.1 Daemon Server] - 2025-09-11T05:34:58.737Z - Closed a connection. Number of open connections: 1
[NX v21.5.1 Daemon Server] - 2025-09-11T05:34:58.737Z - [REQUEST]: Client Request for Project Graph Received
[NX v21.5.1 Daemon Server] - 2025-09-11T05:34:58.739Z - Time taken for 'loadSpecifiedNxPlugins' 0.4575839999999971ms
Time for 'plugin worker 92802 code loading' 2.4696250000000006
Time for 'plugin worker 92800 code loading' 2.1302920000000007
Time for 'plugin worker 92801 code loading' 2.7540840000000006
[NX v21.5.1 Daemon Server] - 2025-09-11T05:34:58.795Z - [WATCHER]: Processing file changes in outputs
[NX v21.5.1 Daemon Server] - 2025-09-11T05:34:58.823Z - Time taken for 'Load Nx Plugin: /Users/curiosity/tools/wcw/.nx/installation/node_modules/nx/src/plugins/project-json/build-nodes/project-json' 85.63766700000001ms
[NX v21.5.1 Daemon Server] - 2025-09-11T05:34:58.824Z - Time taken for 'Load Nx Plugin: /Users/curiosity/tools/wcw/.nx/installation/node_modules/nx/src/plugins/package-json' 86.785875ms
[NX v21.5.1 Daemon Server] - 2025-09-11T05:34:58.832Z - [REQUEST]: Updated workspace context based on watched changes, recomputing project graph...
[NX v21.5.1 Daemon Server] - 2025-09-11T05:34:58.832Z - [REQUEST]: 
[NX v21.5.1 Daemon Server] - 2025-09-11T05:34:58.832Z - [REQUEST]: 
[NX v21.5.1 Daemon Server] - 2025-09-11T05:34:58.833Z - No files changed, but no in-memory cached project graph found. Recomputing it...
[NX v21.5.1 Daemon Server] - 2025-09-11T05:34:58.833Z - Time taken for 'loadDefaultNxPlugins' 95.03774999999999ms
Time for 'nx/js/dependencies-and-lockfile:createNodes' 0.07737499999998931
Time for 'nx/core/project-json:createNodes' 0.08945800000000759
Time for 'nx/core/package-json:createNodes' 0.24566700000001163
[NX v21.5.1 Daemon Server] - 2025-09-11T05:34:58.842Z - Time taken for 'build-project-configs' 0.7649999999999864ms
Time for 'build typescript dependencies' 0.048208999999999946
[NX v21.5.1 Daemon Server] - 2025-09-11T05:34:58.844Z - Wrote project graph cache to /Users/curiosity/tools/wcw/.nx/workspace-data/project-graph.json
[NX v21.5.1 Daemon Server] - 2025-09-11T05:34:58.844Z - [SYNC]: collect registered sync generators
[NX v21.5.1 Daemon Server] - 2025-09-11T05:34:58.844Z - [REQUEST]: Responding to the client. project-graph
[NX v21.5.1 Daemon Server] - 2025-09-11T05:34:58.844Z - Done responding to the client project-graph
[NX v21.5.1 Daemon Server] - 2025-09-11T05:34:58.844Z - Handled REQUEST_PROJECT_GRAPH. Handling time: 107. Response time: 0.
[NX v21.5.1 Daemon Server] - 2025-09-11T05:34:58.844Z - Time taken for 'total for creating and serializing project graph' 106.9455ms
[NX v21.5.1 Daemon Server] - 2025-09-11T05:34:58.845Z - Closed a connection. Number of open connections: 0
[NX v21.5.1 Daemon Server] - 2025-09-11T05:36:05.423Z - [WATCHER]: 1 file(s) created or restored, 0 file(s) modified, 1 file(s) deleted
[NX v21.5.1 Daemon Server] - 2025-09-11T05:36:05.423Z - [WATCHER]: Processing file changes in outputs
[NX v21.5.1 Daemon Server] - 2025-09-11T05:36:05.525Z - [REQUEST]: Updated workspace context based on watched changes, recomputing project graph...
[NX v21.5.1 Daemon Server] - 2025-09-11T05:36:05.525Z - [REQUEST]: apps/backend/src/main/java/com/shanergy/bprev/BprevApplication.java
[NX v21.5.1 Daemon Server] - 2025-09-11T05:36:05.525Z - [REQUEST]: apps/backend/src/main/java/com/shanergy/bprev/BprevApplication.java.tmp.46553.1757568965358
[NX v21.5.1 Daemon Server] - 2025-09-11T05:36:05.526Z - Time taken for 'hash changed files from watcher' 0.1376659999950789ms
Time for 'nx/js/dependencies-and-lockfile:createNodes' 0.13079199999629054
Time for 'nx/core/project-json:createNodes' 0.14295799999672454
Time for 'nx/core/package-json:createNodes' 0.4500410000036936
[NX v21.5.1 Daemon Server] - 2025-09-11T05:36:05.528Z - Time taken for 'build-project-configs' 1.000291999996989ms
Time for 'build typescript dependencies' 0.014624999996158294
[NX v21.5.1 Daemon Server] - 2025-09-11T05:36:05.529Z - Wrote project graph cache to /Users/curiosity/tools/wcw/.nx/workspace-data/project-graph.json
[NX v21.5.1 Daemon Server] - 2025-09-11T05:36:05.529Z - [SYNC]: collect registered sync generators
[NX v21.5.1 Daemon Server] - 2025-09-11T05:36:05.529Z - [SYNC]: project graph hash is the same, not collecting task sync generators
[NX v21.5.1 Daemon Server] - 2025-09-11T05:36:05.529Z - [SYNC]: nx.json hash is the same, not collecting global sync generators
[NX v21.5.1 Daemon Server] - 2025-09-11T05:36:05.529Z - Time taken for 'total execution time for createProjectGraph()' 1.2150410000031115ms
[NX v21.5.1 Daemon Server] - 2025-09-11T05:36:14.284Z - [WATCHER]: 1 file(s) created or restored, 0 file(s) modified, 1 file(s) deleted
[NX v21.5.1 Daemon Server] - 2025-09-11T05:36:14.284Z - [WATCHER]: Processing file changes in outputs
[NX v21.5.1 Daemon Server] - 2025-09-11T05:36:14.386Z - [REQUEST]: Updated workspace context based on watched changes, recomputing project graph...
[NX v21.5.1 Daemon Server] - 2025-09-11T05:36:14.386Z - [REQUEST]: apps/frontend-pc/src/main.js
[NX v21.5.1 Daemon Server] - 2025-09-11T05:36:14.386Z - [REQUEST]: apps/frontend-pc/src/main.js.tmp.46553.1757568974220
[NX v21.5.1 Daemon Server] - 2025-09-11T05:36:14.387Z - Time taken for 'hash changed files from watcher' 0.11612500000046566ms
Time for 'nx/js/dependencies-and-lockfile:createNodes' 0.06087500001012813
Time for 'nx/core/project-json:createNodes' 0.06412499998987187
Time for 'nx/core/package-json:createNodes' 0.1341249999968568
[NX v21.5.1 Daemon Server] - 2025-09-11T05:36:14.388Z - Time taken for 'build-project-configs' 0.5575000000098953ms
Time for 'build typescript dependencies' 0.007458000007318333
[NX v21.5.1 Daemon Server] - 2025-09-11T05:36:14.389Z - Wrote project graph cache to /Users/curiosity/tools/wcw/.nx/workspace-data/project-graph.json
[NX v21.5.1 Daemon Server] - 2025-09-11T05:36:14.389Z - [SYNC]: collect registered sync generators
[NX v21.5.1 Daemon Server] - 2025-09-11T05:36:14.389Z - [SYNC]: project graph hash is the same, not collecting task sync generators
[NX v21.5.1 Daemon Server] - 2025-09-11T05:36:14.389Z - [SYNC]: nx.json hash is the same, not collecting global sync generators
[NX v21.5.1 Daemon Server] - 2025-09-11T05:36:14.389Z - Time taken for 'total execution time for createProjectGraph()' 1.155417000001762ms
[NX v21.5.1 Daemon Server] - 2025-09-11T05:36:17.747Z - [WATCHER]: Processing file changes in outputs
[NX v21.5.1 Daemon Server] - 2025-09-11T05:36:17.747Z - [WATCHER]: 1 file(s) created or restored, 0 file(s) modified, 1 file(s) deleted
[NX v21.5.1 Daemon Server] - 2025-09-11T05:36:17.848Z - [REQUEST]: Updated workspace context based on watched changes, recomputing project graph...
[NX v21.5.1 Daemon Server] - 2025-09-11T05:36:17.848Z - [REQUEST]: apps/frontend-mobile/src/main.js
[NX v21.5.1 Daemon Server] - 2025-09-11T05:36:17.848Z - [REQUEST]: apps/frontend-mobile/src/main.js.tmp.46553.1757568977683
[NX v21.5.1 Daemon Server] - 2025-09-11T05:36:17.848Z - Time taken for 'hash changed files from watcher' 0.11604199999419507ms
Time for 'nx/js/dependencies-and-lockfile:createNodes' 0.046375000005355105
Time for 'nx/core/project-json:createNodes' 0.055082999999285676
Time for 'nx/core/package-json:createNodes' 0.11479200000758283
[NX v21.5.1 Daemon Server] - 2025-09-11T05:36:17.849Z - Time taken for 'build-project-configs' 0.4975410000042757ms
Time for 'build typescript dependencies' 0.005292000001645647
[NX v21.5.1 Daemon Server] - 2025-09-11T05:36:17.850Z - Wrote project graph cache to /Users/curiosity/tools/wcw/.nx/workspace-data/project-graph.json
[NX v21.5.1 Daemon Server] - 2025-09-11T05:36:17.850Z - [SYNC]: collect registered sync generators
[NX v21.5.1 Daemon Server] - 2025-09-11T05:36:17.850Z - [SYNC]: project graph hash is the same, not collecting task sync generators
[NX v21.5.1 Daemon Server] - 2025-09-11T05:36:17.850Z - [SYNC]: nx.json hash is the same, not collecting global sync generators
[NX v21.5.1 Daemon Server] - 2025-09-11T05:36:17.850Z - Time taken for 'total execution time for createProjectGraph()' 0.5392500000016298ms
[NX v21.5.1 Daemon Server] - 2025-09-11T05:36:20.867Z - [WATCHER]: Processing file changes in outputs
[NX v21.5.1 Daemon Server] - 2025-09-11T05:36:20.867Z - [WATCHER]: 1 file(s) created or restored, 0 file(s) modified, 1 file(s) deleted
[NX v21.5.1 Daemon Server] - 2025-09-11T05:36:20.969Z - [REQUEST]: Updated workspace context based on watched changes, recomputing project graph...
[NX v21.5.1 Daemon Server] - 2025-09-11T05:36:20.969Z - [REQUEST]: libs/shared-types/src/index.ts
[NX v21.5.1 Daemon Server] - 2025-09-11T05:36:20.969Z - [REQUEST]: libs/shared-types/src/index.ts.tmp.46553.1757568980802
[NX v21.5.1 Daemon Server] - 2025-09-11T05:36:20.970Z - Time taken for 'hash changed files from watcher' 0.13945799999055453ms
Time for 'nx/js/dependencies-and-lockfile:createNodes' 0.06729200000700075
Time for 'nx/core/package-json:createNodes' 0.15962500000023283
Time for 'nx/core/project-json:createNodes' 0.06566700000257697
[NX v21.5.1 Daemon Server] - 2025-09-11T05:36:20.971Z - Time taken for 'build-project-configs' 0.736665999997058ms
Time for 'build typescript dependencies' 0.008999999990919605
[NX v21.5.1 Daemon Server] - 2025-09-11T05:36:20.972Z - Wrote project graph cache to /Users/curiosity/tools/wcw/.nx/workspace-data/project-graph.json
[NX v21.5.1 Daemon Server] - 2025-09-11T05:36:20.972Z - [SYNC]: collect registered sync generators
[NX v21.5.1 Daemon Server] - 2025-09-11T05:36:20.972Z - [SYNC]: project graph hash is the same, not collecting task sync generators
[NX v21.5.1 Daemon Server] - 2025-09-11T05:36:20.972Z - [SYNC]: nx.json hash is the same, not collecting global sync generators
[NX v21.5.1 Daemon Server] - 2025-09-11T05:36:20.972Z - Time taken for 'total execution time for createProjectGraph()' 0.8605830000014976ms
[NX v21.5.1 Daemon Server] - 2025-09-11T05:36:27.024Z - [WATCHER]: 1 file(s) created or restored, 0 file(s) modified, 1 file(s) deleted
[NX v21.5.1 Daemon Server] - 2025-09-11T05:36:27.025Z - [WATCHER]: Processing file changes in outputs
[NX v21.5.1 Daemon Server] - 2025-09-11T05:36:27.126Z - [REQUEST]: Updated workspace context based on watched changes, recomputing project graph...
[NX v21.5.1 Daemon Server] - 2025-09-11T05:36:27.126Z - [REQUEST]: tools/jenkins/Jenkinsfile
[NX v21.5.1 Daemon Server] - 2025-09-11T05:36:27.126Z - [REQUEST]: tools/jenkins/Jenkinsfile.tmp.46553.1757568986960
[NX v21.5.1 Daemon Server] - 2025-09-11T05:36:27.127Z - Time taken for 'hash changed files from watcher' 0.13870799999858718ms
Time for 'nx/js/dependencies-and-lockfile:createNodes' 0.05433400000038091
Time for 'nx/core/project-json:createNodes' 0.14537500000733417
Time for 'nx/core/package-json:createNodes' 0.33195900000282563
[NX v21.5.1 Daemon Server] - 2025-09-11T05:36:27.128Z - Time taken for 'build-project-configs' 0.8412089999910677ms
Time for 'build typescript dependencies' 0.009166000003460795
[NX v21.5.1 Daemon Server] - 2025-09-11T05:36:27.130Z - Wrote project graph cache to /Users/curiosity/tools/wcw/.nx/workspace-data/project-graph.json
[NX v21.5.1 Daemon Server] - 2025-09-11T05:36:27.130Z - [SYNC]: collect registered sync generators
[NX v21.5.1 Daemon Server] - 2025-09-11T05:36:27.130Z - [SYNC]: project graph hash is the same, not collecting task sync generators
[NX v21.5.1 Daemon Server] - 2025-09-11T05:36:27.130Z - [SYNC]: nx.json hash is the same, not collecting global sync generators
[NX v21.5.1 Daemon Server] - 2025-09-11T05:36:27.130Z - Time taken for 'total execution time for createProjectGraph()' 1.0810829999973066ms
[NX v21.5.1 Daemon Server] - 2025-09-11T05:36:35.513Z - [WATCHER]: Processing file changes in outputs
[NX v21.5.1 Daemon Server] - 2025-09-11T05:36:35.514Z - [WATCHER]: 1 file(s) created or restored, 0 file(s) modified, 1 file(s) deleted
[NX v21.5.1 Daemon Server] - 2025-09-11T05:36:35.616Z - [REQUEST]: Updated workspace context based on watched changes, recomputing project graph...
[NX v21.5.1 Daemon Server] - 2025-09-11T05:36:35.616Z - [REQUEST]: docs/stories/1.1.项目初始化与核心框架搭建.story.md
[NX v21.5.1 Daemon Server] - 2025-09-11T05:36:35.616Z - [REQUEST]: docs/stories/1.1.项目初始化与核心框架搭建.story.md.tmp.46553.1757568995450
[NX v21.5.1 Daemon Server] - 2025-09-11T05:36:35.616Z - Time taken for 'hash changed files from watcher' 0.12108399999851827ms
Time for 'nx/js/dependencies-and-lockfile:createNodes' 0.06520799999998417
Time for 'nx/core/project-json:createNodes' 0.07791700000234414
Time for 'nx/core/package-json:createNodes' 0.15404200000921264
[NX v21.5.1 Daemon Server] - 2025-09-11T05:36:35.617Z - Time taken for 'build-project-configs' 0.552624999996624ms
Time for 'build typescript dependencies' 0.008541000002878718
[NX v21.5.1 Daemon Server] - 2025-09-11T05:36:35.618Z - Wrote project graph cache to /Users/curiosity/tools/wcw/.nx/workspace-data/project-graph.json
[NX v21.5.1 Daemon Server] - 2025-09-11T05:36:35.618Z - [SYNC]: collect registered sync generators
[NX v21.5.1 Daemon Server] - 2025-09-11T05:36:35.618Z - [SYNC]: project graph hash is the same, not collecting task sync generators
[NX v21.5.1 Daemon Server] - 2025-09-11T05:36:35.618Z - [SYNC]: nx.json hash is the same, not collecting global sync generators
[NX v21.5.1 Daemon Server] - 2025-09-11T05:36:35.618Z - Time taken for 'total execution time for createProjectGraph()' 0.5542500000010477ms
[NX v21.5.1 Daemon Server] - 2025-09-11T05:36:44.148Z - [WATCHER]: 1 file(s) created or restored, 0 file(s) modified, 1 file(s) deleted
[NX v21.5.1 Daemon Server] - 2025-09-11T05:36:44.148Z - [WATCHER]: Processing file changes in outputs
[NX v21.5.1 Daemon Server] - 2025-09-11T05:36:44.249Z - [REQUEST]: Updated workspace context based on watched changes, recomputing project graph...
[NX v21.5.1 Daemon Server] - 2025-09-11T05:36:44.249Z - [REQUEST]: docs/stories/1.1.项目初始化与核心框架搭建.story.md
[NX v21.5.1 Daemon Server] - 2025-09-11T05:36:44.249Z - [REQUEST]: docs/stories/1.1.项目初始化与核心框架搭建.story.md.tmp.46553.1757569004082
[NX v21.5.1 Daemon Server] - 2025-09-11T05:36:44.250Z - Time taken for 'hash changed files from watcher' 0.11804099999426398ms
Time for 'nx/js/dependencies-and-lockfile:createNodes' 0.048458000004757196
Time for 'nx/core/project-json:createNodes' 0.08245800000440795
Time for 'nx/core/package-json:createNodes' 0.17516599998634774
[NX v21.5.1 Daemon Server] - 2025-09-11T05:36:44.251Z - Time taken for 'build-project-configs' 0.5807090000016615ms
Time for 'build typescript dependencies' 0.005416999993030913
[NX v21.5.1 Daemon Server] - 2025-09-11T05:36:44.252Z - Wrote project graph cache to /Users/curiosity/tools/wcw/.nx/workspace-data/project-graph.json
[NX v21.5.1 Daemon Server] - 2025-09-11T05:36:44.252Z - [SYNC]: collect registered sync generators
[NX v21.5.1 Daemon Server] - 2025-09-11T05:36:44.252Z - [SYNC]: project graph hash is the same, not collecting task sync generators
[NX v21.5.1 Daemon Server] - 2025-09-11T05:36:44.252Z - [SYNC]: nx.json hash is the same, not collecting global sync generators
[NX v21.5.1 Daemon Server] - 2025-09-11T05:36:44.252Z - Time taken for 'total execution time for createProjectGraph()' 0.5366659999999683ms
[NX v21.5.1 Daemon Server] - 2025-09-11T05:36:53.818Z - [WATCHER]: 1 file(s) created or restored, 0 file(s) modified, 1 file(s) deleted
[NX v21.5.1 Daemon Server] - 2025-09-11T05:36:53.818Z - [WATCHER]: Processing file changes in outputs
[NX v21.5.1 Daemon Server] - 2025-09-11T05:36:53.919Z - [REQUEST]: Updated workspace context based on watched changes, recomputing project graph...
[NX v21.5.1 Daemon Server] - 2025-09-11T05:36:53.919Z - [REQUEST]: apps/backend/pom.xml
[NX v21.5.1 Daemon Server] - 2025-09-11T05:36:53.919Z - [REQUEST]: apps/backend/pom.xml.tmp.46553.1757569013754
Time for 'nx/js/dependencies-and-lockfile:createNodes' 0.10512500000186265
[NX v21.5.1 Daemon Server] - 2025-09-11T05:36:53.921Z - Time taken for 'hash changed files from watcher' 0.12754100000893231ms
Time for 'nx/core/package-json:createNodes' 0.21220899999025278
Time for 'nx/core/project-json:createNodes' 0.07262500000069849
[NX v21.5.1 Daemon Server] - 2025-09-11T05:36:53.922Z - Time taken for 'build-project-configs' 0.9181249999965075ms
Time for 'build typescript dependencies' 0.027583999995840713
[NX v21.5.1 Daemon Server] - 2025-09-11T05:36:53.923Z - Wrote project graph cache to /Users/curiosity/tools/wcw/.nx/workspace-data/project-graph.json
[NX v21.5.1 Daemon Server] - 2025-09-11T05:36:53.923Z - [SYNC]: collect registered sync generators
[NX v21.5.1 Daemon Server] - 2025-09-11T05:36:53.923Z - [SYNC]: project graph hash is the same, not collecting task sync generators
[NX v21.5.1 Daemon Server] - 2025-09-11T05:36:53.923Z - [SYNC]: nx.json hash is the same, not collecting global sync generators
[NX v21.5.1 Daemon Server] - 2025-09-11T05:36:53.923Z - Time taken for 'total execution time for createProjectGraph()' 0.8678749999962747ms
[NX v21.5.1 Daemon Server] - 2025-09-11T05:37:10.980Z - [WATCHER]: 1 file(s) created or restored, 0 file(s) modified, 1 file(s) deleted
[NX v21.5.1 Daemon Server] - 2025-09-11T05:37:10.981Z - [WATCHER]: Processing file changes in outputs
[NX v21.5.1 Daemon Server] - 2025-09-11T05:37:11.082Z - [REQUEST]: Updated workspace context based on watched changes, recomputing project graph...
[NX v21.5.1 Daemon Server] - 2025-09-11T05:37:11.082Z - [REQUEST]: apps/backend/src/main/resources/application.properties
[NX v21.5.1 Daemon Server] - 2025-09-11T05:37:11.082Z - [REQUEST]: apps/backend/src/main/resources/application.properties.tmp.46553.1757569030856
[NX v21.5.1 Daemon Server] - 2025-09-11T05:37:11.083Z - Time taken for 'hash changed files from watcher' 0.19945799998822622ms
Time for 'nx/js/dependencies-and-lockfile:createNodes' 0.08783299999777228
Time for 'nx/core/project-json:createNodes' 0.09229199998662807
Time for 'nx/core/package-json:createNodes' 0.2217919999966398
[NX v21.5.1 Daemon Server] - 2025-09-11T05:37:11.085Z - Time taken for 'build-project-configs' 0.8538750000006985ms
Time for 'build typescript dependencies' 0.011125000019092113
[NX v21.5.1 Daemon Server] - 2025-09-11T05:37:11.086Z - Wrote project graph cache to /Users/curiosity/tools/wcw/.nx/workspace-data/project-graph.json
[NX v21.5.1 Daemon Server] - 2025-09-11T05:37:11.086Z - [SYNC]: collect registered sync generators
[NX v21.5.1 Daemon Server] - 2025-09-11T05:37:11.086Z - [SYNC]: project graph hash is the same, not collecting task sync generators
[NX v21.5.1 Daemon Server] - 2025-09-11T05:37:11.086Z - [SYNC]: nx.json hash is the same, not collecting global sync generators
[NX v21.5.1 Daemon Server] - 2025-09-11T05:37:11.086Z - Time taken for 'total execution time for createProjectGraph()' 1.027750000008382ms
[NX v21.5.1 Daemon Server] - 2025-09-11T05:37:32.327Z - [WATCHER]: 1 file(s) created or restored, 0 file(s) modified, 1 file(s) deleted
[NX v21.5.1 Daemon Server] - 2025-09-11T05:37:32.327Z - [WATCHER]: Processing file changes in outputs
[NX v21.5.1 Daemon Server] - 2025-09-11T05:37:32.428Z - [REQUEST]: Updated workspace context based on watched changes, recomputing project graph...
[NX v21.5.1 Daemon Server] - 2025-09-11T05:37:32.429Z - [REQUEST]: apps/backend/src/main/resources/schema.sql
[NX v21.5.1 Daemon Server] - 2025-09-11T05:37:32.429Z - [REQUEST]: apps/backend/src/main/resources/schema.sql.tmp.46553.1757569052175
[NX v21.5.1 Daemon Server] - 2025-09-11T05:37:32.429Z - Time taken for 'hash changed files from watcher' 0.1587909999943804ms
Time for 'nx/js/dependencies-and-lockfile:createNodes' 0.06466699999873526
Time for 'nx/core/project-json:createNodes' 0.05545799998799339
Time for 'nx/core/package-json:createNodes' 0.18433300001197495
[NX v21.5.1 Daemon Server] - 2025-09-11T05:37:32.430Z - Time taken for 'build-project-configs' 0.5089589999988675ms
Time for 'build typescript dependencies' 0.00858300001709722
[NX v21.5.1 Daemon Server] - 2025-09-11T05:37:32.432Z - Wrote project graph cache to /Users/curiosity/tools/wcw/.nx/workspace-data/project-graph.json
[NX v21.5.1 Daemon Server] - 2025-09-11T05:37:32.432Z - [SYNC]: collect registered sync generators
[NX v21.5.1 Daemon Server] - 2025-09-11T05:37:32.432Z - [SYNC]: project graph hash is the same, not collecting task sync generators
[NX v21.5.1 Daemon Server] - 2025-09-11T05:37:32.432Z - [SYNC]: nx.json hash is the same, not collecting global sync generators
[NX v21.5.1 Daemon Server] - 2025-09-11T05:37:32.432Z - Time taken for 'total execution time for createProjectGraph()' 0.9770409999764524ms
[NX v21.5.1 Daemon Server] - 2025-09-11T05:37:42.308Z - [WATCHER]: 1 file(s) created or restored, 0 file(s) modified, 1 file(s) deleted
[NX v21.5.1 Daemon Server] - 2025-09-11T05:37:42.309Z - [WATCHER]: Processing file changes in outputs
[NX v21.5.1 Daemon Server] - 2025-09-11T05:37:42.410Z - [REQUEST]: Updated workspace context based on watched changes, recomputing project graph...
[NX v21.5.1 Daemon Server] - 2025-09-11T05:37:42.410Z - [REQUEST]: docs/stories/1.1.项目初始化与核心框架搭建.story.md
[NX v21.5.1 Daemon Server] - 2025-09-11T05:37:42.410Z - [REQUEST]: docs/stories/1.1.项目初始化与核心框架搭建.story.md.tmp.46553.1757569062238
[NX v21.5.1 Daemon Server] - 2025-09-11T05:37:42.411Z - Time taken for 'hash changed files from watcher' 0.22095799999078736ms
Time for 'nx/js/dependencies-and-lockfile:createNodes' 0.26895800000056624
Time for 'nx/core/project-json:createNodes' 0.3766250000044238
Time for 'nx/core/package-json:createNodes' 0.8384169999917503
[NX v21.5.1 Daemon Server] - 2025-09-11T05:37:42.415Z - Time taken for 'build-project-configs' 2.4575829999812413ms
Time for 'build typescript dependencies' 0.011916999996174127
[NX v21.5.1 Daemon Server] - 2025-09-11T05:37:42.416Z - Wrote project graph cache to /Users/curiosity/tools/wcw/.nx/workspace-data/project-graph.json
[NX v21.5.1 Daemon Server] - 2025-09-11T05:37:42.416Z - [SYNC]: collect registered sync generators
[NX v21.5.1 Daemon Server] - 2025-09-11T05:37:42.416Z - [SYNC]: project graph hash is the same, not collecting task sync generators
[NX v21.5.1 Daemon Server] - 2025-09-11T05:37:42.416Z - [SYNC]: nx.json hash is the same, not collecting global sync generators
[NX v21.5.1 Daemon Server] - 2025-09-11T05:37:42.416Z - Time taken for 'total execution time for createProjectGraph()' 1.2197500000183936ms
[NX v21.5.1 Daemon Server] - 2025-09-11T05:37:47.294Z - [WATCHER]: Processing file changes in outputs
[NX v21.5.1 Daemon Server] - 2025-09-11T05:37:47.295Z - [WATCHER]: 1 file(s) created or restored, 0 file(s) modified, 1 file(s) deleted
[NX v21.5.1 Daemon Server] - 2025-09-11T05:37:47.396Z - [REQUEST]: Updated workspace context based on watched changes, recomputing project graph...
[NX v21.5.1 Daemon Server] - 2025-09-11T05:37:47.396Z - [REQUEST]: apps/backend/src/main/java/com/shanergy/bprev/controller/HealthController.java
[NX v21.5.1 Daemon Server] - 2025-09-11T05:37:47.396Z - [REQUEST]: apps/backend/src/main/java/com/shanergy/bprev/controller/HealthController.java.tmp.46553.1757569067231
[NX v21.5.1 Daemon Server] - 2025-09-11T05:37:47.397Z - Time taken for 'hash changed files from watcher' 0.12662500000442378ms
Time for 'nx/js/dependencies-and-lockfile:createNodes' 0.0472499999741558
Time for 'nx/core/project-json:createNodes' 0.04166699998313561
Time for 'nx/core/package-json:createNodes' 0.11687499997788109
[NX v21.5.1 Daemon Server] - 2025-09-11T05:37:47.397Z - Time taken for 'build-project-configs' 0.44979099999181926ms
Time for 'build typescript dependencies' 0.005375000007916242
[NX v21.5.1 Daemon Server] - 2025-09-11T05:37:47.399Z - Wrote project graph cache to /Users/curiosity/tools/wcw/.nx/workspace-data/project-graph.json
[NX v21.5.1 Daemon Server] - 2025-09-11T05:37:47.399Z - [SYNC]: collect registered sync generators
[NX v21.5.1 Daemon Server] - 2025-09-11T05:37:47.399Z - [SYNC]: project graph hash is the same, not collecting task sync generators
[NX v21.5.1 Daemon Server] - 2025-09-11T05:37:47.399Z - [SYNC]: nx.json hash is the same, not collecting global sync generators
[NX v21.5.1 Daemon Server] - 2025-09-11T05:37:47.399Z - Time taken for 'total execution time for createProjectGraph()' 0.5970420000085142ms
[NX v21.5.1 Daemon Server] - 2025-09-11T05:38:05.477Z - [WATCHER]: 1 file(s) created or restored, 0 file(s) modified, 1 file(s) deleted
[NX v21.5.1 Daemon Server] - 2025-09-11T05:38:05.477Z - [WATCHER]: Processing file changes in outputs
[NX v21.5.1 Daemon Server] - 2025-09-11T05:38:05.578Z - [REQUEST]: Updated workspace context based on watched changes, recomputing project graph...
[NX v21.5.1 Daemon Server] - 2025-09-11T05:38:05.578Z - [REQUEST]: apps/backend/src/test/java/com/shanergy/bprev/controller/HealthControllerTest.java
[NX v21.5.1 Daemon Server] - 2025-09-11T05:38:05.578Z - [REQUEST]: apps/backend/src/test/java/com/shanergy/bprev/controller/HealthControllerTest.java.tmp.46553.1757569085369
[NX v21.5.1 Daemon Server] - 2025-09-11T05:38:05.579Z - Time taken for 'hash changed files from watcher' 0.1517500000190921ms
Time for 'nx/core/project-json:createNodes' 0.03974999999627471
Time for 'nx/js/dependencies-and-lockfile:createNodes' 0.04662499998812564
Time for 'nx/core/package-json:createNodes' 0.10729200000059791
[NX v21.5.1 Daemon Server] - 2025-09-11T05:38:05.580Z - Time taken for 'build-project-configs' 0.5722079999977723ms
Time for 'build typescript dependencies' 0.008250000013504177
[NX v21.5.1 Daemon Server] - 2025-09-11T05:38:05.582Z - Wrote project graph cache to /Users/curiosity/tools/wcw/.nx/workspace-data/project-graph.json
[NX v21.5.1 Daemon Server] - 2025-09-11T05:38:05.582Z - [SYNC]: collect registered sync generators
[NX v21.5.1 Daemon Server] - 2025-09-11T05:38:05.582Z - [SYNC]: project graph hash is the same, not collecting task sync generators
[NX v21.5.1 Daemon Server] - 2025-09-11T05:38:05.582Z - [SYNC]: nx.json hash is the same, not collecting global sync generators
[NX v21.5.1 Daemon Server] - 2025-09-11T05:38:05.582Z - Time taken for 'total execution time for createProjectGraph()' 1.9437089999846648ms
[NX v21.5.1 Daemon Server] - 2025-09-11T05:38:10.297Z - [WATCHER]: 1 file(s) created or restored, 0 file(s) modified, 1 file(s) deleted
[NX v21.5.1 Daemon Server] - 2025-09-11T05:38:10.297Z - [WATCHER]: Processing file changes in outputs
[NX v21.5.1 Daemon Server] - 2025-09-11T05:38:10.399Z - [REQUEST]: Updated workspace context based on watched changes, recomputing project graph...
[NX v21.5.1 Daemon Server] - 2025-09-11T05:38:10.399Z - [REQUEST]: start-backend.sh
[NX v21.5.1 Daemon Server] - 2025-09-11T05:38:10.399Z - [REQUEST]: start-backend.sh.tmp.46553.1757569090234
[NX v21.5.1 Daemon Server] - 2025-09-11T05:38:10.400Z - Time taken for 'hash changed files from watcher' 0.11991599999601021ms
Time for 'nx/core/package-json:createNodes' 0.1085410000232514
Time for 'nx/core/project-json:createNodes' 0.03829200001200661
Time for 'nx/js/dependencies-and-lockfile:createNodes' 0.059249999991152436
[NX v21.5.1 Daemon Server] - 2025-09-11T05:38:10.401Z - Time taken for 'build-project-configs' 0.39504200001829304ms
Time for 'build typescript dependencies' 0.005291999987093732
[NX v21.5.1 Daemon Server] - 2025-09-11T05:38:10.402Z - Wrote project graph cache to /Users/curiosity/tools/wcw/.nx/workspace-data/project-graph.json
[NX v21.5.1 Daemon Server] - 2025-09-11T05:38:10.402Z - [SYNC]: collect registered sync generators
[NX v21.5.1 Daemon Server] - 2025-09-11T05:38:10.402Z - [SYNC]: project graph hash is the same, not collecting task sync generators
[NX v21.5.1 Daemon Server] - 2025-09-11T05:38:10.402Z - [SYNC]: nx.json hash is the same, not collecting global sync generators
[NX v21.5.1 Daemon Server] - 2025-09-11T05:38:10.402Z - Time taken for 'total execution time for createProjectGraph()' 0.6576249999925494ms
[NX v21.5.1 Daemon Server] - 2025-09-11T05:38:34.432Z - [WATCHER]: 1 file(s) created or restored, 0 file(s) modified, 1 file(s) deleted
[NX v21.5.1 Daemon Server] - 2025-09-11T05:38:34.433Z - [WATCHER]: Processing file changes in outputs
[NX v21.5.1 Daemon Server] - 2025-09-11T05:38:34.534Z - [REQUEST]: Updated workspace context based on watched changes, recomputing project graph...
[NX v21.5.1 Daemon Server] - 2025-09-11T05:38:34.534Z - [REQUEST]: docs/stories/1.1.项目初始化与核心框架搭建.story.md
[NX v21.5.1 Daemon Server] - 2025-09-11T05:38:34.534Z - [REQUEST]: docs/stories/1.1.项目初始化与核心框架搭建.story.md.tmp.46553.1757569114367
[NX v21.5.1 Daemon Server] - 2025-09-11T05:38:34.534Z - Time taken for 'hash changed files from watcher' 0.12029200000688434ms
Time for 'nx/js/dependencies-and-lockfile:createNodes' 0.06087499999557622
Time for 'nx/core/project-json:createNodes' 0.04333300000871532
Time for 'nx/core/package-json:createNodes' 0.19895800002268516
[NX v21.5.1 Daemon Server] - 2025-09-11T05:38:34.536Z - Time taken for 'build-project-configs' 0.5241669999959413ms
Time for 'build typescript dependencies' 0.00720799999544397
[NX v21.5.1 Daemon Server] - 2025-09-11T05:38:34.537Z - Wrote project graph cache to /Users/curiosity/tools/wcw/.nx/workspace-data/project-graph.json
[NX v21.5.1 Daemon Server] - 2025-09-11T05:38:34.537Z - [SYNC]: collect registered sync generators
[NX v21.5.1 Daemon Server] - 2025-09-11T05:38:34.537Z - [SYNC]: project graph hash is the same, not collecting task sync generators
[NX v21.5.1 Daemon Server] - 2025-09-11T05:38:34.537Z - [SYNC]: nx.json hash is the same, not collecting global sync generators
[NX v21.5.1 Daemon Server] - 2025-09-11T05:38:34.537Z - Time taken for 'total execution time for createProjectGraph()' 0.7685420000052545ms
[NX v21.5.1 Daemon Server] - 2025-09-11T05:38:49.533Z - [WATCHER]: 1 file(s) created or restored, 0 file(s) modified, 1 file(s) deleted
[NX v21.5.1 Daemon Server] - 2025-09-11T05:38:49.533Z - [WATCHER]: Processing file changes in outputs
[NX v21.5.1 Daemon Server] - 2025-09-11T05:38:49.634Z - [REQUEST]: Updated workspace context based on watched changes, recomputing project graph...
[NX v21.5.1 Daemon Server] - 2025-09-11T05:38:49.635Z - [REQUEST]: apps/frontend-pc/package.json
[NX v21.5.1 Daemon Server] - 2025-09-11T05:38:49.635Z - [REQUEST]: apps/frontend-pc/package.json.tmp.46553.1757569129433
Time for 'nx/js/dependencies-and-lockfile:createNodes' 0.20225000000209548
[NX v21.5.1 Daemon Server] - 2025-09-11T05:38:49.646Z - Time taken for 'hash changed files from watcher' 0.23904099999344908ms
Time for 'nx/core/project-json:createNodes' 0.6695839999883901
Time for 'nx/core/package-json:createNodes' 3.017707999999402
[NX v21.5.1 Daemon Server] - 2025-09-11T05:38:49.649Z - Time taken for 'build-project-configs' 11.826415999996243ms
Time for 'build typescript dependencies' 0.2670829999842681
[NX v21.5.1 Daemon Server] - 2025-09-11T05:38:49.656Z - Wrote project graph cache to /Users/curiosity/tools/wcw/.nx/workspace-data/project-graph.json
[NX v21.5.1 Daemon Server] - 2025-09-11T05:38:49.657Z - [SYNC]: collect registered sync generators
[NX v21.5.1 Daemon Server] - 2025-09-11T05:38:49.658Z - [SYNC]: project graph hash is the same, not collecting task sync generators
[NX v21.5.1 Daemon Server] - 2025-09-11T05:38:49.658Z - [SYNC]: nx.json hash is the same, not collecting global sync generators
[NX v21.5.1 Daemon Server] - 2025-09-11T05:38:49.659Z - Time taken for 'total execution time for createProjectGraph()' 5.70566599999438ms
[NX v21.5.1 Daemon Server] - 2025-09-11T05:39:05.777Z - [WATCHER]: 1 file(s) created or restored, 0 file(s) modified, 1 file(s) deleted
[NX v21.5.1 Daemon Server] - 2025-09-11T05:39:05.777Z - [WATCHER]: Processing file changes in outputs
[NX v21.5.1 Daemon Server] - 2025-09-11T05:39:05.878Z - [REQUEST]: Updated workspace context based on watched changes, recomputing project graph...
[NX v21.5.1 Daemon Server] - 2025-09-11T05:39:05.878Z - [REQUEST]: apps/frontend-pc/src/App.vue
[NX v21.5.1 Daemon Server] - 2025-09-11T05:39:05.878Z - [REQUEST]: apps/frontend-pc/src/App.vue.tmp.46553.1757569145684
Time for 'nx/js/dependencies-and-lockfile:createNodes' 0.05187500000465661
[NX v21.5.1 Daemon Server] - 2025-09-11T05:39:05.879Z - Time taken for 'hash changed files from watcher' 0.13166699997964315ms
Time for 'nx/core/project-json:createNodes' 0.044790999992983416
Time for 'nx/core/package-json:createNodes' 0.12254199999733828
[NX v21.5.1 Daemon Server] - 2025-09-11T05:39:05.880Z - Time taken for 'build-project-configs' 0.9183750000083819ms
Time for 'build typescript dependencies' 0.0033329999714624137
[NX v21.5.1 Daemon Server] - 2025-09-11T05:39:05.881Z - Wrote project graph cache to /Users/curiosity/tools/wcw/.nx/workspace-data/project-graph.json
[NX v21.5.1 Daemon Server] - 2025-09-11T05:39:05.881Z - [SYNC]: collect registered sync generators
[NX v21.5.1 Daemon Server] - 2025-09-11T05:39:05.881Z - [SYNC]: project graph hash is the same, not collecting task sync generators
[NX v21.5.1 Daemon Server] - 2025-09-11T05:39:05.881Z - [SYNC]: nx.json hash is the same, not collecting global sync generators
[NX v21.5.1 Daemon Server] - 2025-09-11T05:39:05.881Z - Time taken for 'total execution time for createProjectGraph()' 0.6005420000001322ms
[NX v21.5.1 Daemon Server] - 2025-09-11T05:39:25.718Z - [WATCHER]: 1 file(s) created or restored, 0 file(s) modified, 1 file(s) deleted
[NX v21.5.1 Daemon Server] - 2025-09-11T05:39:25.718Z - [WATCHER]: Processing file changes in outputs
[NX v21.5.1 Daemon Server] - 2025-09-11T05:39:25.818Z - [REQUEST]: Updated workspace context based on watched changes, recomputing project graph...
[NX v21.5.1 Daemon Server] - 2025-09-11T05:39:25.818Z - [REQUEST]: apps/frontend-pc/src/router/index.js
[NX v21.5.1 Daemon Server] - 2025-09-11T05:39:25.818Z - [REQUEST]: apps/frontend-pc/src/router/index.js.tmp.46553.1757569165628
Time for 'nx/js/dependencies-and-lockfile:createNodes' 0.03633299999637529
[NX v21.5.1 Daemon Server] - 2025-09-11T05:39:25.819Z - Time taken for 'hash changed files from watcher' 0.13395799999125302ms
Time for 'nx/core/project-json:createNodes' 0.04341699997894466
Time for 'nx/core/package-json:createNodes' 0.11829200002830476
[NX v21.5.1 Daemon Server] - 2025-09-11T05:39:25.820Z - Time taken for 'build-project-configs' 0.5222910000011325ms
Time for 'build typescript dependencies' 0.004040999978315085
[NX v21.5.1 Daemon Server] - 2025-09-11T05:39:25.821Z - Wrote project graph cache to /Users/curiosity/tools/wcw/.nx/workspace-data/project-graph.json
[NX v21.5.1 Daemon Server] - 2025-09-11T05:39:25.821Z - [SYNC]: collect registered sync generators
[NX v21.5.1 Daemon Server] - 2025-09-11T05:39:25.821Z - [SYNC]: project graph hash is the same, not collecting task sync generators
[NX v21.5.1 Daemon Server] - 2025-09-11T05:39:25.821Z - [SYNC]: nx.json hash is the same, not collecting global sync generators
[NX v21.5.1 Daemon Server] - 2025-09-11T05:39:25.821Z - Time taken for 'total execution time for createProjectGraph()' 0.7368750000023283ms
[NX v21.5.1 Daemon Server] - 2025-09-11T05:39:30.753Z - [WATCHER]: 1 file(s) created or restored, 0 file(s) modified, 1 file(s) deleted
[NX v21.5.1 Daemon Server] - 2025-09-11T05:39:30.753Z - [WATCHER]: Processing file changes in outputs
[NX v21.5.1 Daemon Server] - 2025-09-11T05:39:30.854Z - [REQUEST]: Updated workspace context based on watched changes, recomputing project graph...
[NX v21.5.1 Daemon Server] - 2025-09-11T05:39:30.854Z - [REQUEST]: apps/frontend-pc/src/views/HomeView.vue
[NX v21.5.1 Daemon Server] - 2025-09-11T05:39:30.854Z - [REQUEST]: apps/frontend-pc/src/views/HomeView.vue.tmp.46553.1757569170690
[NX v21.5.1 Daemon Server] - 2025-09-11T05:39:30.855Z - Time taken for 'hash changed files from watcher' 0.11866699997335672ms
Time for 'nx/js/dependencies-and-lockfile:createNodes' 0.038333000033162534
Time for 'nx/core/project-json:createNodes' 0.03974999999627471
Time for 'nx/core/package-json:createNodes' 0.11741599999368191
[NX v21.5.1 Daemon Server] - 2025-09-11T05:39:30.855Z - Time taken for 'build-project-configs' 0.4282919999677688ms
Time for 'build typescript dependencies' 0.003541999962180853
[NX v21.5.1 Daemon Server] - 2025-09-11T05:39:30.856Z - Wrote project graph cache to /Users/curiosity/tools/wcw/.nx/workspace-data/project-graph.json
[NX v21.5.1 Daemon Server] - 2025-09-11T05:39:30.856Z - [SYNC]: collect registered sync generators
[NX v21.5.1 Daemon Server] - 2025-09-11T05:39:30.856Z - [SYNC]: project graph hash is the same, not collecting task sync generators
[NX v21.5.1 Daemon Server] - 2025-09-11T05:39:30.856Z - [SYNC]: nx.json hash is the same, not collecting global sync generators
[NX v21.5.1 Daemon Server] - 2025-09-11T05:39:30.856Z - Time taken for 'total execution time for createProjectGraph()' 0.6143750000046566ms
[NX v21.5.1 Daemon Server] - 2025-09-11T05:39:35.558Z - [WATCHER]: 1 file(s) created or restored, 0 file(s) modified, 1 file(s) deleted
[NX v21.5.1 Daemon Server] - 2025-09-11T05:39:35.558Z - [WATCHER]: Processing file changes in outputs
[NX v21.5.1 Daemon Server] - 2025-09-11T05:39:35.660Z - [REQUEST]: Updated workspace context based on watched changes, recomputing project graph...
[NX v21.5.1 Daemon Server] - 2025-09-11T05:39:35.660Z - [REQUEST]: start-frontend-pc.sh
[NX v21.5.1 Daemon Server] - 2025-09-11T05:39:35.660Z - [REQUEST]: start-frontend-pc.sh.tmp.46553.1757569175494
Time for 'nx/js/dependencies-and-lockfile:createNodes' 0.0354580000275746
[NX v21.5.1 Daemon Server] - 2025-09-11T05:39:35.661Z - Time taken for 'hash changed files from watcher' 0.12329200003296137ms
Time for 'nx/core/project-json:createNodes' 0.03499999997438863
Time for 'nx/core/package-json:createNodes' 0.10775000002468005
[NX v21.5.1 Daemon Server] - 2025-09-11T05:39:35.661Z - Time taken for 'build-project-configs' 0.3922500000335276ms
Time for 'build typescript dependencies' 0.003459000028669834
[NX v21.5.1 Daemon Server] - 2025-09-11T05:39:35.662Z - Wrote project graph cache to /Users/curiosity/tools/wcw/.nx/workspace-data/project-graph.json
[NX v21.5.1 Daemon Server] - 2025-09-11T05:39:35.662Z - [SYNC]: collect registered sync generators
[NX v21.5.1 Daemon Server] - 2025-09-11T05:39:35.662Z - [SYNC]: project graph hash is the same, not collecting task sync generators
[NX v21.5.1 Daemon Server] - 2025-09-11T05:39:35.662Z - [SYNC]: nx.json hash is the same, not collecting global sync generators
[NX v21.5.1 Daemon Server] - 2025-09-11T05:39:35.662Z - Time taken for 'total execution time for createProjectGraph()' 0.4556670000310987ms
[NX v21.5.1 Daemon Server] - 2025-09-11T05:39:39.540Z - [WATCHER]: start-frontend-pc.sh was created or restored
[NX v21.5.1 Daemon Server] - 2025-09-11T05:39:39.540Z - [WATCHER]: Processing file changes in outputs
[NX v21.5.1 Daemon Server] - 2025-09-11T05:39:39.641Z - [REQUEST]: Updated workspace context based on watched changes, recomputing project graph...
[NX v21.5.1 Daemon Server] - 2025-09-11T05:39:39.641Z - [REQUEST]: start-frontend-pc.sh
[NX v21.5.1 Daemon Server] - 2025-09-11T05:39:39.641Z - [REQUEST]: 
Time for 'nx/js/dependencies-and-lockfile:createNodes' 0.03445899998769164
[NX v21.5.1 Daemon Server] - 2025-09-11T05:39:39.642Z - Time taken for 'hash changed files from watcher' 0.11291699996218085ms
Time for 'nx/core/project-json:createNodes' 0.04050000000279397
Time for 'nx/core/package-json:createNodes' 0.11616700002923608
[NX v21.5.1 Daemon Server] - 2025-09-11T05:39:39.643Z - Time taken for 'build-project-configs' 0.4667090000002645ms
Time for 'build typescript dependencies' 0.011834000004455447
[NX v21.5.1 Daemon Server] - 2025-09-11T05:39:39.644Z - Wrote project graph cache to /Users/curiosity/tools/wcw/.nx/workspace-data/project-graph.json
[NX v21.5.1 Daemon Server] - 2025-09-11T05:39:39.644Z - [SYNC]: collect registered sync generators
[NX v21.5.1 Daemon Server] - 2025-09-11T05:39:39.644Z - [SYNC]: project graph hash is the same, not collecting task sync generators
[NX v21.5.1 Daemon Server] - 2025-09-11T05:39:39.644Z - [SYNC]: nx.json hash is the same, not collecting global sync generators
[NX v21.5.1 Daemon Server] - 2025-09-11T05:39:39.644Z - Time taken for 'total execution time for createProjectGraph()' 0.5767079999786802ms
[NX v21.5.1 Daemon Server] - 2025-09-11T05:39:56.871Z - [WATCHER]: Processing file changes in outputs
[NX v21.5.1 Daemon Server] - 2025-09-11T05:39:56.872Z - [WATCHER]: 1 file(s) created or restored, 0 file(s) modified, 1 file(s) deleted
[NX v21.5.1 Daemon Server] - 2025-09-11T05:39:56.973Z - [REQUEST]: Updated workspace context based on watched changes, recomputing project graph...
[NX v21.5.1 Daemon Server] - 2025-09-11T05:39:56.973Z - [REQUEST]: docs/stories/1.1.项目初始化与核心框架搭建.story.md
[NX v21.5.1 Daemon Server] - 2025-09-11T05:39:56.973Z - [REQUEST]: docs/stories/1.1.项目初始化与核心框架搭建.story.md.tmp.46553.1757569196799
[NX v21.5.1 Daemon Server] - 2025-09-11T05:39:56.974Z - Time taken for 'hash changed files from watcher' 0.1526249999878928ms
Time for 'nx/js/dependencies-and-lockfile:createNodes' 0.11758399999234825
Time for 'nx/core/project-json:createNodes' 0.08004099997924641
Time for 'nx/core/package-json:createNodes' 0.3534579999977723
[NX v21.5.1 Daemon Server] - 2025-09-11T05:39:56.976Z - Time taken for 'build-project-configs' 1.118332999991253ms
Time for 'build typescript dependencies' 0.01433299999916926
[NX v21.5.1 Daemon Server] - 2025-09-11T05:39:56.977Z - Wrote project graph cache to /Users/curiosity/tools/wcw/.nx/workspace-data/project-graph.json
[NX v21.5.1 Daemon Server] - 2025-09-11T05:39:56.977Z - [SYNC]: collect registered sync generators
[NX v21.5.1 Daemon Server] - 2025-09-11T05:39:56.977Z - [SYNC]: project graph hash is the same, not collecting task sync generators
[NX v21.5.1 Daemon Server] - 2025-09-11T05:39:56.977Z - [SYNC]: nx.json hash is the same, not collecting global sync generators
[NX v21.5.1 Daemon Server] - 2025-09-11T05:39:56.977Z - Time taken for 'total execution time for createProjectGraph()' 1.3105000000214204ms
[NX v21.5.1 Daemon Server] - 2025-09-11T05:40:22.582Z - [WATCHER]: 1 file(s) created or restored, 0 file(s) modified, 1 file(s) deleted
[NX v21.5.1 Daemon Server] - 2025-09-11T05:40:22.582Z - [WATCHER]: Processing file changes in outputs
[NX v21.5.1 Daemon Server] - 2025-09-11T05:40:22.684Z - [REQUEST]: Updated workspace context based on watched changes, recomputing project graph...
[NX v21.5.1 Daemon Server] - 2025-09-11T05:40:22.684Z - [REQUEST]: tools/jenkins/Jenkinsfile
[NX v21.5.1 Daemon Server] - 2025-09-11T05:40:22.684Z - [REQUEST]: tools/jenkins/Jenkinsfile.tmp.46553.1757569222442
Time for 'nx/js/dependencies-and-lockfile:createNodes' 0.07000000000698492
[NX v21.5.1 Daemon Server] - 2025-09-11T05:40:22.685Z - Time taken for 'hash changed files from watcher' 0.16466700000455603ms
Time for 'nx/core/project-json:createNodes' 0.0549170000012964
Time for 'nx/core/package-json:createNodes' 0.16149999998742715
[NX v21.5.1 Daemon Server] - 2025-09-11T05:40:22.686Z - Time taken for 'build-project-configs' 0.6489580000052229ms
Time for 'build typescript dependencies' 0.06387499999254942
[NX v21.5.1 Daemon Server] - 2025-09-11T05:40:22.688Z - Wrote project graph cache to /Users/curiosity/tools/wcw/.nx/workspace-data/project-graph.json
[NX v21.5.1 Daemon Server] - 2025-09-11T05:40:22.688Z - [SYNC]: collect registered sync generators
[NX v21.5.1 Daemon Server] - 2025-09-11T05:40:22.688Z - [SYNC]: project graph hash is the same, not collecting task sync generators
[NX v21.5.1 Daemon Server] - 2025-09-11T05:40:22.688Z - [SYNC]: nx.json hash is the same, not collecting global sync generators
[NX v21.5.1 Daemon Server] - 2025-09-11T05:40:22.688Z - Time taken for 'total execution time for createProjectGraph()' 1.1133750000153668ms
[NX v21.5.1 Daemon Server] - 2025-09-11T05:40:36.394Z - [WATCHER]: 1 file(s) created or restored, 0 file(s) modified, 1 file(s) deleted
[NX v21.5.1 Daemon Server] - 2025-09-11T05:40:36.394Z - [WATCHER]: Processing file changes in outputs
[NX v21.5.1 Daemon Server] - 2025-09-11T05:40:36.496Z - [REQUEST]: Updated workspace context based on watched changes, recomputing project graph...
[NX v21.5.1 Daemon Server] - 2025-09-11T05:40:36.496Z - [REQUEST]: apps/frontend-mobile/package.json
[NX v21.5.1 Daemon Server] - 2025-09-11T05:40:36.496Z - [REQUEST]: apps/frontend-mobile/package.json.tmp.46553.1757569236330
Time for 'nx/js/dependencies-and-lockfile:createNodes' 0.041250000009313226
[NX v21.5.1 Daemon Server] - 2025-09-11T05:40:36.497Z - Time taken for 'hash changed files from watcher' 0.13724999997066334ms
Time for 'nx/core/project-json:createNodes' 0.047458000015467405
Time for 'nx/core/package-json:createNodes' 0.19008299999404699
[NX v21.5.1 Daemon Server] - 2025-09-11T05:40:36.498Z - Time taken for 'build-project-configs' 0.6524590000044554ms
Time for 'build typescript dependencies' 0.007582999998703599
[NX v21.5.1 Daemon Server] - 2025-09-11T05:40:36.500Z - Wrote project graph cache to /Users/curiosity/tools/wcw/.nx/workspace-data/project-graph.json
[NX v21.5.1 Daemon Server] - 2025-09-11T05:40:36.500Z - [SYNC]: collect registered sync generators
[NX v21.5.1 Daemon Server] - 2025-09-11T05:40:36.500Z - [SYNC]: project graph hash is the same, not collecting task sync generators
[NX v21.5.1 Daemon Server] - 2025-09-11T05:40:36.500Z - [SYNC]: nx.json hash is the same, not collecting global sync generators
[NX v21.5.1 Daemon Server] - 2025-09-11T05:40:36.500Z - Time taken for 'total execution time for createProjectGraph()' 0.9404169999761507ms
[NX v21.5.1 Daemon Server] - 2025-09-11T05:40:43.708Z - [WATCHER]: 1 file(s) created or restored, 0 file(s) modified, 1 file(s) deleted
[NX v21.5.1 Daemon Server] - 2025-09-11T05:40:43.708Z - [WATCHER]: Processing file changes in outputs
[NX v21.5.1 Daemon Server] - 2025-09-11T05:40:43.809Z - [REQUEST]: Updated workspace context based on watched changes, recomputing project graph...
[NX v21.5.1 Daemon Server] - 2025-09-11T05:40:43.810Z - [REQUEST]: apps/frontend-mobile/src/App.vue
[NX v21.5.1 Daemon Server] - 2025-09-11T05:40:43.810Z - [REQUEST]: apps/frontend-mobile/src/App.vue.tmp.46553.1757569243644
Time for 'nx/js/dependencies-and-lockfile:createNodes' 0.04504199995426461
[NX v21.5.1 Daemon Server] - 2025-09-11T05:40:43.810Z - Time taken for 'hash changed files from watcher' 0.13108299998566508ms
Time for 'nx/core/project-json:createNodes' 0.04104199999710545
Time for 'nx/core/package-json:createNodes' 0.1248749999795109
[NX v21.5.1 Daemon Server] - 2025-09-11T05:40:43.811Z - Time taken for 'build-project-configs' 0.5992500000284053ms
Time for 'build typescript dependencies' 0.0032500000088475645
[NX v21.5.1 Daemon Server] - 2025-09-11T05:40:43.812Z - Wrote project graph cache to /Users/curiosity/tools/wcw/.nx/workspace-data/project-graph.json
[NX v21.5.1 Daemon Server] - 2025-09-11T05:40:43.812Z - [SYNC]: collect registered sync generators
[NX v21.5.1 Daemon Server] - 2025-09-11T05:40:43.812Z - [SYNC]: project graph hash is the same, not collecting task sync generators
[NX v21.5.1 Daemon Server] - 2025-09-11T05:40:43.812Z - [SYNC]: nx.json hash is the same, not collecting global sync generators
[NX v21.5.1 Daemon Server] - 2025-09-11T05:40:43.812Z - Time taken for 'total execution time for createProjectGraph()' 0.4879170000203885ms
[NX v21.5.1 Daemon Server] - 2025-09-11T05:40:52.207Z - [WATCHER]: 1 file(s) created or restored, 0 file(s) modified, 1 file(s) deleted
[NX v21.5.1 Daemon Server] - 2025-09-11T05:40:52.207Z - [WATCHER]: Processing file changes in outputs
[NX v21.5.1 Daemon Server] - 2025-09-11T05:40:52.309Z - [REQUEST]: Updated workspace context based on watched changes, recomputing project graph...
[NX v21.5.1 Daemon Server] - 2025-09-11T05:40:52.309Z - [REQUEST]: apps/frontend-mobile/src/pages/index.vue
[NX v21.5.1 Daemon Server] - 2025-09-11T05:40:52.309Z - [REQUEST]: apps/frontend-mobile/src/pages/index.vue.tmp.46553.1757569252144
Time for 'nx/js/dependencies-and-lockfile:createNodes' 0.05591699999058619
[NX v21.5.1 Daemon Server] - 2025-09-11T05:40:52.310Z - Time taken for 'hash changed files from watcher' 0.1300000000046566ms
Time for 'nx/core/project-json:createNodes' 0.058625000005122274
Time for 'nx/core/package-json:createNodes' 0.24816700001247227
[NX v21.5.1 Daemon Server] - 2025-09-11T05:40:52.311Z - Time taken for 'build-project-configs' 0.6478750000242144ms
Time for 'build typescript dependencies' 0.006791000021621585
[NX v21.5.1 Daemon Server] - 2025-09-11T05:40:52.312Z - Wrote project graph cache to /Users/curiosity/tools/wcw/.nx/workspace-data/project-graph.json
[NX v21.5.1 Daemon Server] - 2025-09-11T05:40:52.312Z - [SYNC]: collect registered sync generators
[NX v21.5.1 Daemon Server] - 2025-09-11T05:40:52.312Z - [SYNC]: project graph hash is the same, not collecting task sync generators
[NX v21.5.1 Daemon Server] - 2025-09-11T05:40:52.312Z - [SYNC]: nx.json hash is the same, not collecting global sync generators
[NX v21.5.1 Daemon Server] - 2025-09-11T05:40:52.312Z - Time taken for 'total execution time for createProjectGraph()' 0.8592499999795109ms
[NX v21.5.1 Daemon Server] - 2025-09-11T05:40:56.733Z - [WATCHER]: Processing file changes in outputs
[NX v21.5.1 Daemon Server] - 2025-09-11T05:40:56.733Z - [WATCHER]: 1 file(s) created or restored, 0 file(s) modified, 1 file(s) deleted
[NX v21.5.1 Daemon Server] - 2025-09-11T05:40:56.834Z - [REQUEST]: Updated workspace context based on watched changes, recomputing project graph...
[NX v21.5.1 Daemon Server] - 2025-09-11T05:40:56.834Z - [REQUEST]: apps/frontend-mobile/src/pages.json
[NX v21.5.1 Daemon Server] - 2025-09-11T05:40:56.834Z - [REQUEST]: apps/frontend-mobile/src/pages.json.tmp.46553.1757569256669
Time for 'nx/js/dependencies-and-lockfile:createNodes' 0.041708000004291534
[NX v21.5.1 Daemon Server] - 2025-09-11T05:40:56.834Z - Time taken for 'hash changed files from watcher' 0.15612500003771856ms
Time for 'nx/core/project-json:createNodes' 0.08608400000957772
Time for 'nx/core/package-json:createNodes' 0.1215000000083819
[NX v21.5.1 Daemon Server] - 2025-09-11T05:40:56.835Z - Time taken for 'build-project-configs' 0.4416250000358559ms
Time for 'build typescript dependencies' 0.006249999976716936
[NX v21.5.1 Daemon Server] - 2025-09-11T05:40:56.836Z - Wrote project graph cache to /Users/curiosity/tools/wcw/.nx/workspace-data/project-graph.json
[NX v21.5.1 Daemon Server] - 2025-09-11T05:40:56.836Z - [SYNC]: collect registered sync generators
[NX v21.5.1 Daemon Server] - 2025-09-11T05:40:56.836Z - [SYNC]: project graph hash is the same, not collecting task sync generators
[NX v21.5.1 Daemon Server] - 2025-09-11T05:40:56.836Z - [SYNC]: nx.json hash is the same, not collecting global sync generators
[NX v21.5.1 Daemon Server] - 2025-09-11T05:40:56.836Z - Time taken for 'total execution time for createProjectGraph()' 0.8226249999715947ms
[NX v21.5.1 Daemon Server] - 2025-09-11T05:41:01.365Z - [WATCHER]: 1 file(s) created or restored, 0 file(s) modified, 1 file(s) deleted
[NX v21.5.1 Daemon Server] - 2025-09-11T05:41:01.365Z - [WATCHER]: Processing file changes in outputs
[NX v21.5.1 Daemon Server] - 2025-09-11T05:41:01.466Z - [REQUEST]: Updated workspace context based on watched changes, recomputing project graph...
[NX v21.5.1 Daemon Server] - 2025-09-11T05:41:01.466Z - [REQUEST]: start-frontend-mobile.sh
[NX v21.5.1 Daemon Server] - 2025-09-11T05:41:01.466Z - [REQUEST]: start-frontend-mobile.sh.tmp.46553.1757569261300
Time for 'nx/js/dependencies-and-lockfile:createNodes' 0.048458000004757196
[NX v21.5.1 Daemon Server] - 2025-09-11T05:41:01.467Z - Time taken for 'hash changed files from watcher' 0.12225000001490116ms
Time for 'nx/core/project-json:createNodes' 0.04595800000242889
Time for 'nx/core/package-json:createNodes' 0.16262499999720603
[NX v21.5.1 Daemon Server] - 2025-09-11T05:41:01.468Z - Time taken for 'build-project-configs' 0.5095829999772832ms
Time for 'build typescript dependencies' 0.007875000010244548
[NX v21.5.1 Daemon Server] - 2025-09-11T05:41:01.469Z - Wrote project graph cache to /Users/curiosity/tools/wcw/.nx/workspace-data/project-graph.json
[NX v21.5.1 Daemon Server] - 2025-09-11T05:41:01.469Z - [SYNC]: collect registered sync generators
[NX v21.5.1 Daemon Server] - 2025-09-11T05:41:01.469Z - [SYNC]: project graph hash is the same, not collecting task sync generators
[NX v21.5.1 Daemon Server] - 2025-09-11T05:41:01.469Z - [SYNC]: nx.json hash is the same, not collecting global sync generators
[NX v21.5.1 Daemon Server] - 2025-09-11T05:41:01.469Z - Time taken for 'total execution time for createProjectGraph()' 0.5914580000098795ms
[NX v21.5.1 Daemon Server] - 2025-09-11T05:41:05.168Z - [WATCHER]: Processing file changes in outputs
[NX v21.5.1 Daemon Server] - 2025-09-11T05:41:05.168Z - [WATCHER]: start-frontend-mobile.sh was created or restored
[NX v21.5.1 Daemon Server] - 2025-09-11T05:41:05.269Z - [REQUEST]: Updated workspace context based on watched changes, recomputing project graph...
[NX v21.5.1 Daemon Server] - 2025-09-11T05:41:05.270Z - [REQUEST]: start-frontend-mobile.sh
[NX v21.5.1 Daemon Server] - 2025-09-11T05:41:05.270Z - [REQUEST]: 
[NX v21.5.1 Daemon Server] - 2025-09-11T05:41:05.270Z - Time taken for 'hash changed files from watcher' 0.14125000004423782ms
Time for 'nx/js/dependencies-and-lockfile:createNodes' 0.03983399999560788
Time for 'nx/core/project-json:createNodes' 0.0429160000057891
Time for 'nx/core/package-json:createNodes' 0.1371250000083819
[NX v21.5.1 Daemon Server] - 2025-09-11T05:41:05.271Z - Time taken for 'build-project-configs' 0.46429199998965487ms
Time for 'build typescript dependencies' 0.004625000001396984
[NX v21.5.1 Daemon Server] - 2025-09-11T05:41:05.272Z - Wrote project graph cache to /Users/curiosity/tools/wcw/.nx/workspace-data/project-graph.json
[NX v21.5.1 Daemon Server] - 2025-09-11T05:41:05.272Z - [SYNC]: collect registered sync generators
[NX v21.5.1 Daemon Server] - 2025-09-11T05:41:05.272Z - [SYNC]: project graph hash is the same, not collecting task sync generators
[NX v21.5.1 Daemon Server] - 2025-09-11T05:41:05.272Z - [SYNC]: nx.json hash is the same, not collecting global sync generators
[NX v21.5.1 Daemon Server] - 2025-09-11T05:41:05.272Z - Time taken for 'total execution time for createProjectGraph()' 0.6198330000042915ms
[NX v21.5.1 Daemon Server] - 2025-09-11T05:41:23.673Z - [WATCHER]: Processing file changes in outputs
[NX v21.5.1 Daemon Server] - 2025-09-11T05:41:23.677Z - [WATCHER]: 1 file(s) created or restored, 0 file(s) modified, 1 file(s) deleted
[NX v21.5.1 Daemon Server] - 2025-09-11T05:41:23.778Z - [REQUEST]: Updated workspace context based on watched changes, recomputing project graph...
[NX v21.5.1 Daemon Server] - 2025-09-11T05:41:23.778Z - [REQUEST]: docs/stories/1.1.项目初始化与核心框架搭建.story.md
[NX v21.5.1 Daemon Server] - 2025-09-11T05:41:23.778Z - [REQUEST]: docs/stories/1.1.项目初始化与核心框架搭建.story.md.tmp.46553.1757569283545
Time for 'nx/js/dependencies-and-lockfile:createNodes' 0.04270900000119582
[NX v21.5.1 Daemon Server] - 2025-09-11T05:41:23.779Z - Time taken for 'hash changed files from watcher' 0.1334579999675043ms
Time for 'nx/core/project-json:createNodes' 0.03933399997185916
Time for 'nx/core/package-json:createNodes' 0.11883300001500174
[NX v21.5.1 Daemon Server] - 2025-09-11T05:41:23.780Z - Time taken for 'build-project-configs' 0.4714590000221506ms
Time for 'build typescript dependencies' 0.008083000022452325
[NX v21.5.1 Daemon Server] - 2025-09-11T05:41:23.781Z - Wrote project graph cache to /Users/curiosity/tools/wcw/.nx/workspace-data/project-graph.json
[NX v21.5.1 Daemon Server] - 2025-09-11T05:41:23.781Z - [SYNC]: collect registered sync generators
[NX v21.5.1 Daemon Server] - 2025-09-11T05:41:23.781Z - [SYNC]: project graph hash is the same, not collecting task sync generators
[NX v21.5.1 Daemon Server] - 2025-09-11T05:41:23.781Z - [SYNC]: nx.json hash is the same, not collecting global sync generators
[NX v21.5.1 Daemon Server] - 2025-09-11T05:41:23.781Z - Time taken for 'total execution time for createProjectGraph()' 0.9891669999924488ms
[NX v21.5.1 Daemon Server] - 2025-09-11T05:41:48.693Z - [WATCHER]: Processing file changes in outputs
[NX v21.5.1 Daemon Server] - 2025-09-11T05:41:48.694Z - [WATCHER]: 1 file(s) created or restored, 0 file(s) modified, 1 file(s) deleted
[NX v21.5.1 Daemon Server] - 2025-09-11T05:41:48.795Z - [REQUEST]: Updated workspace context based on watched changes, recomputing project graph...
[NX v21.5.1 Daemon Server] - 2025-09-11T05:41:48.795Z - [REQUEST]: docs/stories/1.1.项目初始化与核心框架搭建.story.md
[NX v21.5.1 Daemon Server] - 2025-09-11T05:41:48.795Z - [REQUEST]: docs/stories/1.1.项目初始化与核心框架搭建.story.md.tmp.46553.1757569308562
[NX v21.5.1 Daemon Server] - 2025-09-11T05:41:48.796Z - Time taken for 'hash changed files from watcher' 0.2577080000191927ms
Time for 'nx/js/dependencies-and-lockfile:createNodes' 0.23387499997625127
Time for 'nx/core/package-json:createNodes' 0.56004099996062
Time for 'nx/core/project-json:createNodes' 0.2520840000361204
[NX v21.5.1 Daemon Server] - 2025-09-11T05:41:48.799Z - Time taken for 'build-project-configs' 1.969416000007186ms
Time for 'build typescript dependencies' 0.009917000017594546
[NX v21.5.1 Daemon Server] - 2025-09-11T05:41:48.800Z - Wrote project graph cache to /Users/curiosity/tools/wcw/.nx/workspace-data/project-graph.json
[NX v21.5.1 Daemon Server] - 2025-09-11T05:41:48.800Z - [SYNC]: collect registered sync generators
[NX v21.5.1 Daemon Server] - 2025-09-11T05:41:48.800Z - [SYNC]: project graph hash is the same, not collecting task sync generators
[NX v21.5.1 Daemon Server] - 2025-09-11T05:41:48.800Z - [SYNC]: nx.json hash is the same, not collecting global sync generators
[NX v21.5.1 Daemon Server] - 2025-09-11T05:41:48.800Z - Time taken for 'total execution time for createProjectGraph()' 1.1916670000064187ms
[NX v21.5.1 Daemon Server] - 2025-09-11T05:43:39.715Z - [WATCHER]: 0 file(s) created or restored, 1 file(s) modified, 1 file(s) deleted
[NX v21.5.1 Daemon Server] - 2025-09-11T05:43:39.717Z - [WATCHER]: Processing file changes in outputs
[NX v21.5.1 Daemon Server] - 2025-09-11T05:43:39.919Z - [REQUEST]: Updated workspace context based on watched changes, recomputing project graph...
[NX v21.5.1 Daemon Server] - 2025-09-11T05:43:39.919Z - [REQUEST]: docs/ux_spec.md
[NX v21.5.1 Daemon Server] - 2025-09-11T05:43:39.919Z - [REQUEST]: ux_spec.md
[NX v21.5.1 Daemon Server] - 2025-09-11T05:43:39.922Z - Time taken for 'hash changed files from watcher' 0.7718329999479465ms
Time for 'nx/js/dependencies-and-lockfile:createNodes' 0.7204579999670386
Time for 'nx/core/project-json:createNodes' 0.6771249999874271
Time for 'nx/core/package-json:createNodes' 1.6920420000096783
[NX v21.5.1 Daemon Server] - 2025-09-11T05:43:39.929Z - Time taken for 'build-project-configs' 5.409417000017129ms
Time for 'build typescript dependencies' 0.053499999979976565
[NX v21.5.1 Daemon Server] - 2025-09-11T05:43:39.935Z - Wrote project graph cache to /Users/curiosity/tools/wcw/.nx/workspace-data/project-graph.json
[NX v21.5.1 Daemon Server] - 2025-09-11T05:43:39.935Z - [SYNC]: collect registered sync generators
[NX v21.5.1 Daemon Server] - 2025-09-11T05:43:39.935Z - [SYNC]: project graph hash is the same, not collecting task sync generators
[NX v21.5.1 Daemon Server] - 2025-09-11T05:43:39.935Z - [SYNC]: nx.json hash is the same, not collecting global sync generators
[NX v21.5.1 Daemon Server] - 2025-09-11T05:43:39.936Z - Time taken for 'total execution time for createProjectGraph()' 3.7137499999953434ms
[NX v21.5.1 Daemon Server] - 2025-09-11T05:45:49.603Z - [WATCHER]: apps/backend/target/classes/com/shanergy/bprev/BprevApplication.class was created or restored
[NX v21.5.1 Daemon Server] - 2025-09-11T05:45:49.604Z - [WATCHER]: Processing file changes in outputs
[NX v21.5.1 Daemon Server] - 2025-09-11T05:45:49.656Z - [WATCHER]: 2 file(s) created or restored, 0 file(s) modified, 0 file(s) deleted
[NX v21.5.1 Daemon Server] - 2025-09-11T05:45:49.656Z - [WATCHER]: Processing file changes in outputs
[NX v21.5.1 Daemon Server] - 2025-09-11T05:45:49.705Z - [REQUEST]: Updated workspace context based on watched changes, recomputing project graph...
[NX v21.5.1 Daemon Server] - 2025-09-11T05:45:49.706Z - [REQUEST]: apps/backend/target/classes/com/shanergy/bprev/BprevApplication.class,apps/backend/target/test-classes/com/shanergy/bprev/controller/HealthControllerTest.class,apps/backend/target/classes/com/shanergy/bprev/controller/HealthController.class
[NX v21.5.1 Daemon Server] - 2025-09-11T05:45:49.706Z - [REQUEST]: 
[NX v21.5.1 Daemon Server] - 2025-09-11T05:45:49.707Z - Time taken for 'hash changed files from watcher' 0.7601659999927506ms
Time for 'nx/js/dependencies-and-lockfile:createNodes' 0.36420800001360476
Time for 'nx/core/project-json:createNodes' 0.4406249999301508
Time for 'nx/core/package-json:createNodes' 0.9626250000437722
[NX v21.5.1 Daemon Server] - 2025-09-11T05:45:49.711Z - Time taken for 'build-project-configs' 2.973333000089042ms
Time for 'build typescript dependencies' 0.0326670000795275
[NX v21.5.1 Daemon Server] - 2025-09-11T05:45:49.715Z - Wrote project graph cache to /Users/curiosity/tools/wcw/.nx/workspace-data/project-graph.json
[NX v21.5.1 Daemon Server] - 2025-09-11T05:45:49.715Z - [SYNC]: collect registered sync generators
[NX v21.5.1 Daemon Server] - 2025-09-11T05:45:49.715Z - [SYNC]: project graph hash is the same, not collecting task sync generators
[NX v21.5.1 Daemon Server] - 2025-09-11T05:45:49.715Z - [SYNC]: nx.json hash is the same, not collecting global sync generators
[NX v21.5.1 Daemon Server] - 2025-09-11T05:45:49.715Z - Time taken for 'total execution time for createProjectGraph()' 2.307249999954365ms
[NX v21.5.1 Daemon Server] - 2025-09-11T05:45:49.800Z - [WATCHER]: 2 file(s) created or restored, 0 file(s) modified, 0 file(s) deleted
[NX v21.5.1 Daemon Server] - 2025-09-11T05:45:49.800Z - [WATCHER]: Processing file changes in outputs
[NX v21.5.1 Daemon Server] - 2025-09-11T05:45:49.901Z - [REQUEST]: Updated workspace context based on watched changes, recomputing project graph...
[NX v21.5.1 Daemon Server] - 2025-09-11T05:45:49.901Z - [REQUEST]: apps/backend/target/classes/application.properties,apps/backend/target/classes/schema.sql
[NX v21.5.1 Daemon Server] - 2025-09-11T05:45:49.901Z - [REQUEST]: 
Time for 'nx/js/dependencies-and-lockfile:createNodes' 0.0694999999832362
Time for 'nx/core/project-json:createNodes' 0.0626250000204891
[NX v21.5.1 Daemon Server] - 2025-09-11T05:45:49.902Z - Time taken for 'hash changed files from watcher' 0.2609579999698326ms
Time for 'nx/core/package-json:createNodes' 0.2564580000471324
[NX v21.5.1 Daemon Server] - 2025-09-11T05:45:49.904Z - Time taken for 'build-project-configs' 0.9457080001011491ms
Time for 'build typescript dependencies' 0.013875000062398612
[NX v21.5.1 Daemon Server] - 2025-09-11T05:45:49.906Z - Wrote project graph cache to /Users/curiosity/tools/wcw/.nx/workspace-data/project-graph.json
[NX v21.5.1 Daemon Server] - 2025-09-11T05:45:49.906Z - [SYNC]: collect registered sync generators
[NX v21.5.1 Daemon Server] - 2025-09-11T05:45:49.907Z - [SYNC]: project graph hash is the same, not collecting task sync generators
[NX v21.5.1 Daemon Server] - 2025-09-11T05:45:49.907Z - [SYNC]: nx.json hash is the same, not collecting global sync generators
[NX v21.5.1 Daemon Server] - 2025-09-11T05:45:49.907Z - Time taken for 'total execution time for createProjectGraph()' 1.5134579999139532ms
[NX v21.5.1 Daemon Server] - 2025-09-11T05:48:45.011Z - [WATCHER]: 1 file(s) created or restored, 0 file(s) modified, 1 file(s) deleted
[NX v21.5.1 Daemon Server] - 2025-09-11T05:48:45.015Z - [WATCHER]: Processing file changes in outputs
[NX v21.5.1 Daemon Server] - 2025-09-11T05:48:45.116Z - [REQUEST]: Updated workspace context based on watched changes, recomputing project graph...
[NX v21.5.1 Daemon Server] - 2025-09-11T05:48:45.117Z - [REQUEST]: docs/stories/1.1.项目初始化与核心框架搭建.story.md
[NX v21.5.1 Daemon Server] - 2025-09-11T05:48:45.117Z - [REQUEST]: docs/stories/1.1.项目初始化与核心框架搭建.story.md.tmp.46553.1757569724936
[NX v21.5.1 Daemon Server] - 2025-09-11T05:48:45.118Z - Time taken for 'hash changed files from watcher' 0.26441699999850243ms
Time for 'nx/js/dependencies-and-lockfile:createNodes' 0.5536670000292361
Time for 'nx/core/project-json:createNodes' 0.4957090000389144
Time for 'nx/core/package-json:createNodes' 1.264708000002429
[NX v21.5.1 Daemon Server] - 2025-09-11T05:48:45.123Z - Time taken for 'build-project-configs' 3.5579999999608845ms
Time for 'build typescript dependencies' 0.04283299995586276
[NX v21.5.1 Daemon Server] - 2025-09-11T05:48:45.126Z - Wrote project graph cache to /Users/curiosity/tools/wcw/.nx/workspace-data/project-graph.json
[NX v21.5.1 Daemon Server] - 2025-09-11T05:48:45.126Z - [SYNC]: collect registered sync generators
[NX v21.5.1 Daemon Server] - 2025-09-11T05:48:45.127Z - [SYNC]: project graph hash is the same, not collecting task sync generators
[NX v21.5.1 Daemon Server] - 2025-09-11T05:48:45.127Z - [SYNC]: nx.json hash is the same, not collecting global sync generators
[NX v21.5.1 Daemon Server] - 2025-09-11T05:48:45.127Z - Time taken for 'total execution time for createProjectGraph()' 2.8507910000626ms
[NX v21.5.1 Daemon Server] - 2025-09-11T05:49:15.589Z - [WATCHER]: .vscode/settings.json was created or restored
[NX v21.5.1 Daemon Server] - 2025-09-11T05:49:15.589Z - [WATCHER]: Processing file changes in outputs
[NX v21.5.1 Daemon Server] - 2025-09-11T05:49:15.691Z - [REQUEST]: Updated workspace context based on watched changes, recomputing project graph...
[NX v21.5.1 Daemon Server] - 2025-09-11T05:49:15.691Z - [REQUEST]: .vscode/settings.json
[NX v21.5.1 Daemon Server] - 2025-09-11T05:49:15.691Z - [REQUEST]: 
Time for 'nx/js/dependencies-and-lockfile:createNodes' 0.07949999999254942
[NX v21.5.1 Daemon Server] - 2025-09-11T05:49:15.693Z - Time taken for 'hash changed files from watcher' 0.2355420000385493ms
Time for 'nx/core/project-json:createNodes' 0.08054200001060963
Time for 'nx/core/package-json:createNodes' 0.24391600000672042
[NX v21.5.1 Daemon Server] - 2025-09-11T05:49:15.695Z - Time taken for 'build-project-configs' 0.9226250000065193ms
Time for 'build typescript dependencies' 0.01304099999833852
[NX v21.5.1 Daemon Server] - 2025-09-11T05:49:15.698Z - Wrote project graph cache to /Users/curiosity/tools/wcw/.nx/workspace-data/project-graph.json
[NX v21.5.1 Daemon Server] - 2025-09-11T05:49:15.698Z - [SYNC]: collect registered sync generators
[NX v21.5.1 Daemon Server] - 2025-09-11T05:49:15.698Z - [SYNC]: project graph hash is the same, not collecting task sync generators
[NX v21.5.1 Daemon Server] - 2025-09-11T05:49:15.698Z - [SYNC]: nx.json hash is the same, not collecting global sync generators
[NX v21.5.1 Daemon Server] - 2025-09-11T05:49:15.698Z - Time taken for 'total execution time for createProjectGraph()' 1.7181669999845326ms
[NX v21.5.1 Daemon Server] - 2025-09-11T05:50:28.919Z - [WATCHER]: Processing file changes in outputs
[NX v21.5.1 Daemon Server] - 2025-09-11T05:50:28.928Z - [WATCHER]: 2 file(s) created or restored, 0 file(s) modified, 3 file(s) deleted
[NX v21.5.1 Daemon Server] - 2025-09-11T05:50:28.972Z - [WATCHER]: 2 file(s) created or restored, 0 file(s) modified, 0 file(s) deleted
[NX v21.5.1 Daemon Server] - 2025-09-11T05:50:28.972Z - [WATCHER]: Processing file changes in outputs
[NX v21.5.1 Daemon Server] - 2025-09-11T05:50:29.030Z - [REQUEST]: Updated workspace context based on watched changes, recomputing project graph...
[NX v21.5.1 Daemon Server] - 2025-09-11T05:50:29.030Z - [REQUEST]: apps/backend/target/classes/application.properties,apps/backend/target/classes/schema.sql
[NX v21.5.1 Daemon Server] - 2025-09-11T05:50:29.030Z - [REQUEST]: apps/backend/target/classes/com/shanergy/bprev/BprevApplication.class,apps/backend/target/test-classes/com/shanergy/bprev/controller/HealthControllerTest.class,apps/backend/target/classes/com/shanergy/bprev/controller/HealthController.class
[NX v21.5.1 Daemon Server] - 2025-09-11T05:50:29.031Z - Time taken for 'hash changed files from watcher' 0.25787500001024455ms
Time for 'nx/js/dependencies-and-lockfile:createNodes' 0.21687500004190952
Time for 'nx/core/package-json:createNodes' 1.284125000005588
Time for 'nx/core/project-json:createNodes' 0.34416700003203005
[NX v21.5.1 Daemon Server] - 2025-09-11T05:50:29.034Z - Time taken for 'build-project-configs' 2.8304169999901205ms
Time for 'build typescript dependencies' 0.054499999969266355
[NX v21.5.1 Daemon Server] - 2025-09-11T05:50:29.036Z - Wrote project graph cache to /Users/curiosity/tools/wcw/.nx/workspace-data/project-graph.json
[NX v21.5.1 Daemon Server] - 2025-09-11T05:50:29.036Z - [SYNC]: collect registered sync generators
[NX v21.5.1 Daemon Server] - 2025-09-11T05:50:29.036Z - [SYNC]: project graph hash is the same, not collecting task sync generators
[NX v21.5.1 Daemon Server] - 2025-09-11T05:50:29.036Z - [SYNC]: nx.json hash is the same, not collecting global sync generators
[NX v21.5.1 Daemon Server] - 2025-09-11T05:50:29.036Z - Time taken for 'total execution time for createProjectGraph()' 1.465250000008382ms
[NX v21.5.1 Daemon Server] - 2025-09-11T05:50:29.047Z - [WATCHER]: apps/backend/target/maven-status/maven-compiler-plugin/compile/default-compile/inputFiles.lst was created or restored
[NX v21.5.1 Daemon Server] - 2025-09-11T05:50:29.047Z - [WATCHER]: Processing file changes in outputs
[NX v21.5.1 Daemon Server] - 2025-09-11T05:50:29.147Z - [REQUEST]: Updated workspace context based on watched changes, recomputing project graph...
[NX v21.5.1 Daemon Server] - 2025-09-11T05:50:29.147Z - [REQUEST]: apps/backend/target/maven-status/maven-compiler-plugin/compile/default-compile/inputFiles.lst
[NX v21.5.1 Daemon Server] - 2025-09-11T05:50:29.147Z - [REQUEST]: 
Time for 'nx/js/dependencies-and-lockfile:createNodes' 0.0347499999916181
[NX v21.5.1 Daemon Server] - 2025-09-11T05:50:29.148Z - Time taken for 'hash changed files from watcher' 0.10745900007896125ms
Time for 'nx/core/package-json:createNodes' 0.10175000003073364
Time for 'nx/core/project-json:createNodes' 0.029707999899983406
[NX v21.5.1 Daemon Server] - 2025-09-11T05:50:29.149Z - Time taken for 'build-project-configs' 0.4780419999733567ms
Time for 'build typescript dependencies' 0.008957999991253018
[NX v21.5.1 Daemon Server] - 2025-09-11T05:50:29.151Z - Wrote project graph cache to /Users/curiosity/tools/wcw/.nx/workspace-data/project-graph.json
[NX v21.5.1 Daemon Server] - 2025-09-11T05:50:29.151Z - [SYNC]: collect registered sync generators
[NX v21.5.1 Daemon Server] - 2025-09-11T05:50:29.151Z - [SYNC]: project graph hash is the same, not collecting task sync generators
[NX v21.5.1 Daemon Server] - 2025-09-11T05:50:29.151Z - [SYNC]: nx.json hash is the same, not collecting global sync generators
[NX v21.5.1 Daemon Server] - 2025-09-11T05:50:29.151Z - Time taken for 'total execution time for createProjectGraph()' 1.4184589999495074ms
[NX v21.5.1 Daemon Server] - 2025-09-11T05:50:29.310Z - [WATCHER]: 4 file(s) created or restored, 0 file(s) modified, 0 file(s) deleted
[NX v21.5.1 Daemon Server] - 2025-09-11T05:50:29.310Z - [WATCHER]: Processing file changes in outputs
[NX v21.5.1 Daemon Server] - 2025-09-11T05:50:29.410Z - [REQUEST]: Updated workspace context based on watched changes, recomputing project graph...
[NX v21.5.1 Daemon Server] - 2025-09-11T05:50:29.410Z - [REQUEST]: apps/backend/target/maven-status/maven-compiler-plugin/compile/default-compile/createdFiles.lst,apps/backend/target/classes/com/shanergy/bprev/controller/HealthController.class,apps/backend/target/classes/com/shanergy/bprev/BprevApplication.class,apps/backend/target/maven-status/maven-compiler-plugin/testCompile/default-testCompile/inputFiles.lst
[NX v21.5.1 Daemon Server] - 2025-09-11T05:50:29.410Z - [REQUEST]: 
[NX v21.5.1 Daemon Server] - 2025-09-11T05:50:29.411Z - Time taken for 'hash changed files from watcher' 0.21220800001174212ms
Time for 'nx/js/dependencies-and-lockfile:createNodes' 0.04104199993889779
Time for 'nx/core/project-json:createNodes' 0.07541699998546392
Time for 'nx/core/package-json:createNodes' 0.2209579999325797
[NX v21.5.1 Daemon Server] - 2025-09-11T05:50:29.412Z - Time taken for 'build-project-configs' 0.6195409999927506ms
Time for 'build typescript dependencies' 0.003541999962180853
[NX v21.5.1 Daemon Server] - 2025-09-11T05:50:29.413Z - Wrote project graph cache to /Users/curiosity/tools/wcw/.nx/workspace-data/project-graph.json
[NX v21.5.1 Daemon Server] - 2025-09-11T05:50:29.413Z - [SYNC]: collect registered sync generators
[NX v21.5.1 Daemon Server] - 2025-09-11T05:50:29.413Z - [SYNC]: project graph hash is the same, not collecting task sync generators
[NX v21.5.1 Daemon Server] - 2025-09-11T05:50:29.413Z - [SYNC]: nx.json hash is the same, not collecting global sync generators
[NX v21.5.1 Daemon Server] - 2025-09-11T05:50:29.413Z - Time taken for 'total execution time for createProjectGraph()' 0.5445419999305159ms
[NX v21.5.1 Daemon Server] - 2025-09-11T05:50:29.424Z - [WATCHER]: 2 file(s) created or restored, 0 file(s) modified, 0 file(s) deleted
[NX v21.5.1 Daemon Server] - 2025-09-11T05:50:29.424Z - [WATCHER]: Processing file changes in outputs
[NX v21.5.1 Daemon Server] - 2025-09-11T05:50:29.526Z - [REQUEST]: Updated workspace context based on watched changes, recomputing project graph...
[NX v21.5.1 Daemon Server] - 2025-09-11T05:50:29.526Z - [REQUEST]: apps/backend/target/test-classes/com/shanergy/bprev/controller/HealthControllerTest.class,apps/backend/target/maven-status/maven-compiler-plugin/testCompile/default-testCompile/createdFiles.lst
[NX v21.5.1 Daemon Server] - 2025-09-11T05:50:29.526Z - [REQUEST]: 
Time for 'nx/js/dependencies-and-lockfile:createNodes' 0.05116600007750094
[NX v21.5.1 Daemon Server] - 2025-09-11T05:50:29.527Z - Time taken for 'hash changed files from watcher' 0.17516700003761798ms
Time for 'nx/core/project-json:createNodes' 0.04070799995679408
Time for 'nx/core/package-json:createNodes' 0.14187499997206032
[NX v21.5.1 Daemon Server] - 2025-09-11T05:50:29.527Z - Time taken for 'build-project-configs' 0.5136250000214204ms
Time for 'build typescript dependencies' 0.005708000040613115
[NX v21.5.1 Daemon Server] - 2025-09-11T05:50:29.528Z - Wrote project graph cache to /Users/curiosity/tools/wcw/.nx/workspace-data/project-graph.json
[NX v21.5.1 Daemon Server] - 2025-09-11T05:50:29.528Z - [SYNC]: collect registered sync generators
[NX v21.5.1 Daemon Server] - 2025-09-11T05:50:29.528Z - [SYNC]: project graph hash is the same, not collecting task sync generators
[NX v21.5.1 Daemon Server] - 2025-09-11T05:50:29.528Z - [SYNC]: nx.json hash is the same, not collecting global sync generators
[NX v21.5.1 Daemon Server] - 2025-09-11T05:50:29.528Z - Time taken for 'total execution time for createProjectGraph()' 0.656542000011541ms
[NX v21.5.1 Daemon Server] - 2025-09-11T05:50:29.582Z - [WATCHER]: 2 file(s) created or restored, 0 file(s) modified, 0 file(s) deleted
[NX v21.5.1 Daemon Server] - 2025-09-11T05:50:29.582Z - [WATCHER]: Processing file changes in outputs
[NX v21.5.1 Daemon Server] - 2025-09-11T05:50:29.684Z - [REQUEST]: Updated workspace context based on watched changes, recomputing project graph...
[NX v21.5.1 Daemon Server] - 2025-09-11T05:50:29.684Z - [REQUEST]: apps/backend/target/bprev-0.0.1-SNAPSHOT.jar,apps/backend/target/maven-archiver/pom.properties
[NX v21.5.1 Daemon Server] - 2025-09-11T05:50:29.684Z - [REQUEST]: 
Time for 'nx/js/dependencies-and-lockfile:createNodes' 0.053041999926790595
[NX v21.5.1 Daemon Server] - 2025-09-11T05:50:29.685Z - Time taken for 'hash changed files from watcher' 0.24250000005122274ms
Time for 'nx/core/project-json:createNodes' 0.060625000041909516
Time for 'nx/core/package-json:createNodes' 0.16879200004041195
[NX v21.5.1 Daemon Server] - 2025-09-11T05:50:29.686Z - Time taken for 'build-project-configs' 0.6170840000268072ms
Time for 'build typescript dependencies' 0.010417000041343272
[NX v21.5.1 Daemon Server] - 2025-09-11T05:50:29.688Z - Wrote project graph cache to /Users/curiosity/tools/wcw/.nx/workspace-data/project-graph.json
[NX v21.5.1 Daemon Server] - 2025-09-11T05:50:29.688Z - [SYNC]: collect registered sync generators
[NX v21.5.1 Daemon Server] - 2025-09-11T05:50:29.688Z - [SYNC]: project graph hash is the same, not collecting task sync generators
[NX v21.5.1 Daemon Server] - 2025-09-11T05:50:29.688Z - [SYNC]: nx.json hash is the same, not collecting global sync generators
[NX v21.5.1 Daemon Server] - 2025-09-11T05:50:29.688Z - Time taken for 'total execution time for createProjectGraph()' 0.9465840000193566ms
[NX v21.5.1 Daemon Server] - 2025-09-11T05:50:32.103Z - [WATCHER]: 2 file(s) created or restored, 0 file(s) modified, 0 file(s) deleted
[NX v21.5.1 Daemon Server] - 2025-09-11T05:50:32.103Z - [WATCHER]: Processing file changes in outputs
[NX v21.5.1 Daemon Server] - 2025-09-11T05:50:32.211Z - [REQUEST]: Updated workspace context based on watched changes, recomputing project graph...
[NX v21.5.1 Daemon Server] - 2025-09-11T05:50:32.211Z - [REQUEST]: apps/backend/target/bprev-0.0.1-SNAPSHOT.jar.original,apps/backend/target/bprev-0.0.1-SNAPSHOT.jar
[NX v21.5.1 Daemon Server] - 2025-09-11T05:50:32.211Z - [REQUEST]: 
[NX v21.5.1 Daemon Server] - 2025-09-11T05:50:32.212Z - [WATCHER]: apps/backend/target/bprev-0.0.1-SNAPSHOT.jar was created or restored
Time for 'nx/js/dependencies-and-lockfile:createNodes' 0.03816599992569536
[NX v21.5.1 Daemon Server] - 2025-09-11T05:50:32.212Z - [WATCHER]: Processing file changes in outputs
Time for 'nx/core/package-json:createNodes' 0.109375
Time for 'nx/core/project-json:createNodes' 0.08454200008418411
[NX v21.5.1 Daemon Server] - 2025-09-11T05:50:32.213Z - Time taken for 'hash changed files from watcher' 8.638416999951005ms
[NX v21.5.1 Daemon Server] - 2025-09-11T05:50:32.213Z - Time taken for 'build-project-configs' 0.6885829999810085ms
Time for 'build typescript dependencies' 0.002915999968536198
[NX v21.5.1 Daemon Server] - 2025-09-11T05:50:32.214Z - Wrote project graph cache to /Users/curiosity/tools/wcw/.nx/workspace-data/project-graph.json
[NX v21.5.1 Daemon Server] - 2025-09-11T05:50:32.214Z - [SYNC]: collect registered sync generators
[NX v21.5.1 Daemon Server] - 2025-09-11T05:50:32.214Z - [SYNC]: project graph hash is the same, not collecting task sync generators
[NX v21.5.1 Daemon Server] - 2025-09-11T05:50:32.214Z - [SYNC]: nx.json hash is the same, not collecting global sync generators
[NX v21.5.1 Daemon Server] - 2025-09-11T05:50:32.214Z - Time taken for 'total execution time for createProjectGraph()' 0.4238340000156313ms
[NX v21.5.1 Daemon Server] - 2025-09-11T05:50:32.314Z - [REQUEST]: Updated workspace context based on watched changes, recomputing project graph...
[NX v21.5.1 Daemon Server] - 2025-09-11T05:50:32.314Z - [REQUEST]: 
[NX v21.5.1 Daemon Server] - 2025-09-11T05:50:32.314Z - [REQUEST]: 
Time for 'nx/js/dependencies-and-lockfile:createNodes' 0.037499999976716936
[NX v21.5.1 Daemon Server] - 2025-09-11T05:50:32.315Z - Time taken for 'hash changed files from watcher' 0.0871250000782311ms
Time for 'nx/core/project-json:createNodes' 0.036709000007249415
Time for 'nx/core/package-json:createNodes' 0.1183750000782311
[NX v21.5.1 Daemon Server] - 2025-09-11T05:50:32.316Z - Time taken for 'build-project-configs' 0.40745800000149757ms
Time for 'build typescript dependencies' 0.004415999981574714
[NX v21.5.1 Daemon Server] - 2025-09-11T05:50:32.316Z - Wrote project graph cache to /Users/curiosity/tools/wcw/.nx/workspace-data/project-graph.json
[NX v21.5.1 Daemon Server] - 2025-09-11T05:50:32.317Z - [SYNC]: collect registered sync generators
[NX v21.5.1 Daemon Server] - 2025-09-11T05:50:32.317Z - [SYNC]: project graph hash is the same, not collecting task sync generators
[NX v21.5.1 Daemon Server] - 2025-09-11T05:50:32.317Z - [SYNC]: nx.json hash is the same, not collecting global sync generators
[NX v21.5.1 Daemon Server] - 2025-09-11T05:50:32.317Z - Time taken for 'total execution time for createProjectGraph()' 0.43954100005794317ms
[NX v21.5.1 Daemon Server] - 2025-09-11T05:51:46.750Z - [WATCHER]: apps/frontend-pc/package-lock.json was created or restored
[NX v21.5.1 Daemon Server] - 2025-09-11T05:51:46.750Z - [WATCHER]: Processing file changes in outputs
[NX v21.5.1 Daemon Server] - 2025-09-11T05:51:46.852Z - [REQUEST]: Updated workspace context based on watched changes, recomputing project graph...
[NX v21.5.1 Daemon Server] - 2025-09-11T05:51:46.852Z - [REQUEST]: apps/frontend-pc/package-lock.json
[NX v21.5.1 Daemon Server] - 2025-09-11T05:51:46.852Z - [REQUEST]: 
[NX v21.5.1 Daemon Server] - 2025-09-11T05:51:46.853Z - Time taken for 'hash changed files from watcher' 0.2260000000242144ms
Time for 'nx/js/dependencies-and-lockfile:createNodes' 0.22716699994634837
Time for 'nx/core/project-json:createNodes' 0.2035000000614673
Time for 'nx/core/package-json:createNodes' 0.6950000000651926
[NX v21.5.1 Daemon Server] - 2025-09-11T05:51:46.856Z - Time taken for 'build-project-configs' 2.1021669999463484ms
Time for 'build typescript dependencies' 0.013125000055879354
[NX v21.5.1 Daemon Server] - 2025-09-11T05:51:46.857Z - Wrote project graph cache to /Users/curiosity/tools/wcw/.nx/workspace-data/project-graph.json
[NX v21.5.1 Daemon Server] - 2025-09-11T05:51:46.857Z - [SYNC]: collect registered sync generators
[NX v21.5.1 Daemon Server] - 2025-09-11T05:51:46.857Z - [SYNC]: project graph hash is the same, not collecting task sync generators
[NX v21.5.1 Daemon Server] - 2025-09-11T05:51:46.857Z - [SYNC]: nx.json hash is the same, not collecting global sync generators
[NX v21.5.1 Daemon Server] - 2025-09-11T05:51:46.857Z - Time taken for 'total execution time for createProjectGraph()' 1.1747089999262244ms
[NX v21.5.1 Daemon Server] - 2025-09-11T05:52:07.273Z - [WATCHER]: apps/frontend-mobile/package.json.tmp.46553.1757569927195 was created or restored
[NX v21.5.1 Daemon Server] - 2025-09-11T05:52:07.274Z - [WATCHER]: Processing file changes in outputs
[NX v21.5.1 Daemon Server] - 2025-09-11T05:52:07.375Z - [REQUEST]: Updated workspace context based on watched changes, recomputing project graph...
[NX v21.5.1 Daemon Server] - 2025-09-11T05:52:07.375Z - [REQUEST]: apps/frontend-mobile/package.json.tmp.46553.1757569927195
[NX v21.5.1 Daemon Server] - 2025-09-11T05:52:07.375Z - [REQUEST]: 
[NX v21.5.1 Daemon Server] - 2025-09-11T05:52:07.376Z - Time taken for 'hash changed files from watcher' 0.2381250000325963ms
Time for 'nx/js/dependencies-and-lockfile:createNodes' 0.060333000030368567
Time for 'nx/core/project-json:createNodes' 0.04662499995902181
Time for 'nx/core/package-json:createNodes' 0.18570799997542053
[NX v21.5.1 Daemon Server] - 2025-09-11T05:52:07.378Z - Time taken for 'build-project-configs' 0.7094580000266433ms
Time for 'build typescript dependencies' 0.009583999984897673
[NX v21.5.1 Daemon Server] - 2025-09-11T05:52:07.410Z - Wrote project graph cache to /Users/curiosity/tools/wcw/.nx/workspace-data/project-graph.json
[NX v21.5.1 Daemon Server] - 2025-09-11T05:52:07.410Z - [SYNC]: collect registered sync generators
[NX v21.5.1 Daemon Server] - 2025-09-11T05:52:07.410Z - [SYNC]: project graph hash is the same, not collecting task sync generators
[NX v21.5.1 Daemon Server] - 2025-09-11T05:52:07.410Z - [SYNC]: nx.json hash is the same, not collecting global sync generators
[NX v21.5.1 Daemon Server] - 2025-09-11T05:52:07.410Z - Time taken for 'total execution time for createProjectGraph()' 1.4522090000100434ms
[NX v21.5.1 Daemon Server] - 2025-09-11T05:52:07.473Z - [WATCHER]: 1 file(s) created or restored, 0 file(s) modified, 1 file(s) deleted
[NX v21.5.1 Daemon Server] - 2025-09-11T05:52:07.473Z - [WATCHER]: Processing file changes in outputs
[NX v21.5.1 Daemon Server] - 2025-09-11T05:52:07.574Z - [REQUEST]: Updated workspace context based on watched changes, recomputing project graph...
[NX v21.5.1 Daemon Server] - 2025-09-11T05:52:07.574Z - [REQUEST]: apps/frontend-mobile/package.json
[NX v21.5.1 Daemon Server] - 2025-09-11T05:52:07.574Z - [REQUEST]: apps/frontend-mobile/package.json.tmp.46553.1757569927195
Time for 'nx/js/dependencies-and-lockfile:createNodes' 0.034709000028669834
[NX v21.5.1 Daemon Server] - 2025-09-11T05:52:07.575Z - Time taken for 'hash changed files from watcher' 0.12554199993610382ms
Time for 'nx/core/project-json:createNodes' 0.04316700005438179
Time for 'nx/core/package-json:createNodes' 0.11979200004134327
[NX v21.5.1 Daemon Server] - 2025-09-11T05:52:07.575Z - Time taken for 'build-project-configs' 0.42879199993330985ms
Time for 'build typescript dependencies' 0.002958000055514276
[NX v21.5.1 Daemon Server] - 2025-09-11T05:52:07.576Z - Wrote project graph cache to /Users/curiosity/tools/wcw/.nx/workspace-data/project-graph.json
[NX v21.5.1 Daemon Server] - 2025-09-11T05:52:07.576Z - [SYNC]: collect registered sync generators
[NX v21.5.1 Daemon Server] - 2025-09-11T05:52:07.576Z - [SYNC]: project graph hash is the same, not collecting task sync generators
[NX v21.5.1 Daemon Server] - 2025-09-11T05:52:07.576Z - [SYNC]: nx.json hash is the same, not collecting global sync generators
[NX v21.5.1 Daemon Server] - 2025-09-11T05:52:07.576Z - Time taken for 'total execution time for createProjectGraph()' 0.4676250000484288ms
[NX v21.5.1 Daemon Server] - 2025-09-11T05:52:10.946Z - [WATCHER]: Processing file changes in outputs
[NX v21.5.1 Daemon Server] - 2025-09-11T05:52:10.946Z - [WATCHER]: apps/frontend-pc/package-lock.json was modified
[NX v21.5.1 Daemon Server] - 2025-09-11T05:52:11.148Z - [REQUEST]: Updated workspace context based on watched changes, recomputing project graph...
[NX v21.5.1 Daemon Server] - 2025-09-11T05:52:11.148Z - [REQUEST]: apps/frontend-pc/package-lock.json
[NX v21.5.1 Daemon Server] - 2025-09-11T05:52:11.148Z - [REQUEST]: 
Time for 'nx/js/dependencies-and-lockfile:createNodes' 0.0704169999808073
[NX v21.5.1 Daemon Server] - 2025-09-11T05:52:11.149Z - Time taken for 'hash changed files from watcher' 0.29795799998100847ms
Time for 'nx/core/project-json:createNodes' 0.0816249999916181
Time for 'nx/core/package-json:createNodes' 0.3220829999772832
[NX v21.5.1 Daemon Server] - 2025-09-11T05:52:11.153Z - Time taken for 'build-project-configs' 1.0521670000161976ms
Time for 'build typescript dependencies' 0.008082999964244664
[NX v21.5.1 Daemon Server] - 2025-09-11T05:52:11.156Z - Wrote project graph cache to /Users/curiosity/tools/wcw/.nx/workspace-data/project-graph.json
[NX v21.5.1 Daemon Server] - 2025-09-11T05:52:11.156Z - [SYNC]: collect registered sync generators
[NX v21.5.1 Daemon Server] - 2025-09-11T05:52:11.156Z - [SYNC]: project graph hash is the same, not collecting task sync generators
[NX v21.5.1 Daemon Server] - 2025-09-11T05:52:11.156Z - [SYNC]: nx.json hash is the same, not collecting global sync generators
[NX v21.5.1 Daemon Server] - 2025-09-11T05:52:11.156Z - Time taken for 'total execution time for createProjectGraph()' 4.613167000003159ms
[NX v21.5.1 Daemon Server] - 2025-09-11T06:20:19.134Z - [WATCHER]: AGENTS.md was created or restored
[NX v21.5.1 Daemon Server] - 2025-09-11T06:20:19.135Z - [WATCHER]: Processing file changes in outputs
[NX v21.5.1 Daemon Server] - 2025-09-11T06:20:19.239Z - [REQUEST]: Updated workspace context based on watched changes, recomputing project graph...
[NX v21.5.1 Daemon Server] - 2025-09-11T06:20:19.239Z - [REQUEST]: AGENTS.md
[NX v21.5.1 Daemon Server] - 2025-09-11T06:20:19.239Z - [REQUEST]: 
[NX v21.5.1 Daemon Server] - 2025-09-11T06:20:19.241Z - Time taken for 'hash changed files from watcher' 0.6492500002495944ms
Time for 'nx/js/dependencies-and-lockfile:createNodes' 0.5866670003160834
Time for 'nx/core/project-json:createNodes' 0.33250000001862645
Time for 'nx/core/package-json:createNodes' 1.1045419997535646
[NX v21.5.1 Daemon Server] - 2025-09-11T06:20:19.246Z - Time taken for 'build-project-configs' 3.4786669998429716ms
Time for 'build typescript dependencies' 0.023666999768465757
[NX v21.5.1 Daemon Server] - 2025-09-11T06:20:19.248Z - Wrote project graph cache to /Users/curiosity/tools/wcw/.nx/workspace-data/project-graph.json
[NX v21.5.1 Daemon Server] - 2025-09-11T06:20:19.249Z - [SYNC]: collect registered sync generators
[NX v21.5.1 Daemon Server] - 2025-09-11T06:20:19.249Z - [SYNC]: project graph hash is the same, not collecting task sync generators
[NX v21.5.1 Daemon Server] - 2025-09-11T06:20:19.249Z - [SYNC]: nx.json hash is the same, not collecting global sync generators
[NX v21.5.1 Daemon Server] - 2025-09-11T06:20:19.249Z - Time taken for 'total execution time for createProjectGraph()' 2.1585830003023148ms
[NX v21.5.1 Daemon Server] - 2025-09-11T06:24:13.816Z - [WATCHER]: docs/stories/1.1.项目初始化与核心框架搭建.story.md was modified
[NX v21.5.1 Daemon Server] - 2025-09-11T06:24:13.818Z - [WATCHER]: Processing file changes in outputs
[NX v21.5.1 Daemon Server] - 2025-09-11T06:24:14.022Z - [REQUEST]: Updated workspace context based on watched changes, recomputing project graph...
[NX v21.5.1 Daemon Server] - 2025-09-11T06:24:14.022Z - [REQUEST]: docs/stories/1.1.项目初始化与核心框架搭建.story.md
[NX v21.5.1 Daemon Server] - 2025-09-11T06:24:14.022Z - [REQUEST]: 
[NX v21.5.1 Daemon Server] - 2025-09-11T06:24:14.024Z - Time taken for 'hash changed files from watcher' 1.3087919997051358ms
Time for 'nx/js/dependencies-and-lockfile:createNodes' 1.0812499998137355
Time for 'nx/core/project-json:createNodes' 0.4812080003321171
Time for 'nx/core/package-json:createNodes' 1.7428330001421273
[NX v21.5.1 Daemon Server] - 2025-09-11T06:24:14.032Z - Time taken for 'build-project-configs' 6.476874999701977ms
Time for 'build typescript dependencies' 0.0364589998498559
[NX v21.5.1 Daemon Server] - 2025-09-11T06:24:14.036Z - Wrote project graph cache to /Users/curiosity/tools/wcw/.nx/workspace-data/project-graph.json
[NX v21.5.1 Daemon Server] - 2025-09-11T06:24:14.036Z - [SYNC]: collect registered sync generators
[NX v21.5.1 Daemon Server] - 2025-09-11T06:24:14.037Z - [SYNC]: project graph hash is the same, not collecting task sync generators
[NX v21.5.1 Daemon Server] - 2025-09-11T06:24:14.037Z - [SYNC]: nx.json hash is the same, not collecting global sync generators
[NX v21.5.1 Daemon Server] - 2025-09-11T06:24:14.037Z - Time taken for 'total execution time for createProjectGraph()' 3.236124999821186ms
[NX v21.5.1 Daemon Server] - 2025-09-11T06:26:24.913Z - [WATCHER]: docs/stories/1.2.基础用户与权限管理.story.md was created or restored
[NX v21.5.1 Daemon Server] - 2025-09-11T06:26:24.914Z - [WATCHER]: Processing file changes in outputs
[NX v21.5.1 Daemon Server] - 2025-09-11T06:26:25.016Z - [REQUEST]: Updated workspace context based on watched changes, recomputing project graph...
[NX v21.5.1 Daemon Server] - 2025-09-11T06:26:25.016Z - [REQUEST]: docs/stories/1.2.基础用户与权限管理.story.md
[NX v21.5.1 Daemon Server] - 2025-09-11T06:26:25.016Z - [REQUEST]: 
[NX v21.5.1 Daemon Server] - 2025-09-11T06:26:25.018Z - Time taken for 'hash changed files from watcher' 0.43691599974408746ms
Time for 'nx/js/dependencies-and-lockfile:createNodes' 0.6028749998658895
Time for 'nx/core/project-json:createNodes' 0.43025000020861626
Time for 'nx/core/package-json:createNodes' 1.2055830000899732
[NX v21.5.1 Daemon Server] - 2025-09-11T06:26:25.023Z - Time taken for 'build-project-configs' 3.3643750003539026ms
Time for 'build typescript dependencies' 0.030624999664723873
[NX v21.5.1 Daemon Server] - 2025-09-11T06:26:25.025Z - Wrote project graph cache to /Users/curiosity/tools/wcw/.nx/workspace-data/project-graph.json
[NX v21.5.1 Daemon Server] - 2025-09-11T06:26:25.026Z - [SYNC]: collect registered sync generators
[NX v21.5.1 Daemon Server] - 2025-09-11T06:26:25.026Z - [SYNC]: project graph hash is the same, not collecting task sync generators
[NX v21.5.1 Daemon Server] - 2025-09-11T06:26:25.026Z - [SYNC]: nx.json hash is the same, not collecting global sync generators
[NX v21.5.1 Daemon Server] - 2025-09-11T06:26:25.026Z - Time taken for 'total execution time for createProjectGraph()' 2.693250000011176ms
[NX v21.5.1 Daemon Server] - 2025-09-11T06:27:06.900Z - [WATCHER]: docs/stories/1.2.基础用户与权限管理.story.md was modified
[NX v21.5.1 Daemon Server] - 2025-09-11T06:27:06.900Z - [WATCHER]: Processing file changes in outputs
[NX v21.5.1 Daemon Server] - 2025-09-11T06:27:07.103Z - [REQUEST]: Updated workspace context based on watched changes, recomputing project graph...
[NX v21.5.1 Daemon Server] - 2025-09-11T06:27:07.103Z - [REQUEST]: docs/stories/1.2.基础用户与权限管理.story.md
[NX v21.5.1 Daemon Server] - 2025-09-11T06:27:07.103Z - [REQUEST]: 
[NX v21.5.1 Daemon Server] - 2025-09-11T06:27:07.105Z - Time taken for 'hash changed files from watcher' 0.3861250001937151ms
Time for 'nx/js/dependencies-and-lockfile:createNodes' 0.11162499990314245
Time for 'nx/core/project-json:createNodes' 0.1440419997088611
Time for 'nx/core/package-json:createNodes' 0.36404100013896823
[NX v21.5.1 Daemon Server] - 2025-09-11T06:27:07.109Z - Time taken for 'build-project-configs' 1.3485829997807741ms
Time for 'build typescript dependencies' 0.02533400012180209
[NX v21.5.1 Daemon Server] - 2025-09-11T06:27:07.113Z - Wrote project graph cache to /Users/curiosity/tools/wcw/.nx/workspace-data/project-graph.json
[NX v21.5.1 Daemon Server] - 2025-09-11T06:27:07.113Z - [SYNC]: collect registered sync generators
[NX v21.5.1 Daemon Server] - 2025-09-11T06:27:07.114Z - [SYNC]: project graph hash is the same, not collecting task sync generators
[NX v21.5.1 Daemon Server] - 2025-09-11T06:27:07.114Z - [SYNC]: nx.json hash is the same, not collecting global sync generators
[NX v21.5.1 Daemon Server] - 2025-09-11T06:27:07.114Z - Time taken for 'total execution time for createProjectGraph()' 4.1545419995673ms
[NX v21.5.1 Daemon Server] - 2025-09-11T06:30:55.098Z - [WATCHER]: Processing file changes in outputs
[NX v21.5.1 Daemon Server] - 2025-09-11T06:30:55.102Z - [WATCHER]: docs/stories/1.2.基础用户与权限管理.story.md was modified
[NX v21.5.1 Daemon Server] - 2025-09-11T06:30:55.506Z - [REQUEST]: Updated workspace context based on watched changes, recomputing project graph...
[NX v21.5.1 Daemon Server] - 2025-09-11T06:30:55.506Z - [REQUEST]: docs/stories/1.2.基础用户与权限管理.story.md
[NX v21.5.1 Daemon Server] - 2025-09-11T06:30:55.506Z - [REQUEST]: 
[NX v21.5.1 Daemon Server] - 2025-09-11T06:30:55.510Z - Time taken for 'hash changed files from watcher' 1.2488750000484288ms
Time for 'nx/js/dependencies-and-lockfile:createNodes' 0.6558340000919998
Time for 'nx/core/project-json:createNodes' 0.3716250001452863
Time for 'nx/core/package-json:createNodes' 1.104625000152737
[NX v21.5.1 Daemon Server] - 2025-09-11T06:30:55.516Z - Time taken for 'build-project-configs' 4.074833999853581ms
Time for 'build typescript dependencies' 0.052540999837219715
[NX v21.5.1 Daemon Server] - 2025-09-11T06:30:55.520Z - Wrote project graph cache to /Users/curiosity/tools/wcw/.nx/workspace-data/project-graph.json
[NX v21.5.1 Daemon Server] - 2025-09-11T06:30:55.520Z - [SYNC]: collect registered sync generators
[NX v21.5.1 Daemon Server] - 2025-09-11T06:30:55.520Z - [SYNC]: project graph hash is the same, not collecting task sync generators
[NX v21.5.1 Daemon Server] - 2025-09-11T06:30:55.521Z - [SYNC]: nx.json hash is the same, not collecting global sync generators
[NX v21.5.1 Daemon Server] - 2025-09-11T06:30:55.521Z - Time taken for 'total execution time for createProjectGraph()' 3.8272919999435544ms
[NX v21.5.1 Daemon Server] - 2025-09-11T06:37:54.475Z - [WATCHER]: Processing file changes in outputs
[NX v21.5.1 Daemon Server] - 2025-09-11T06:37:54.479Z - [WATCHER]: docs/stories/1.2.基础用户与权限管理.story.md was modified
[NX v21.5.1 Daemon Server] - 2025-09-11T06:37:55.282Z - [REQUEST]: Updated workspace context based on watched changes, recomputing project graph...
[NX v21.5.1 Daemon Server] - 2025-09-11T06:37:55.283Z - [REQUEST]: docs/stories/1.2.基础用户与权限管理.story.md
[NX v21.5.1 Daemon Server] - 2025-09-11T06:37:55.283Z - [REQUEST]: 
[NX v21.5.1 Daemon Server] - 2025-09-11T06:37:55.285Z - Time taken for 'hash changed files from watcher' 0.9120829999446869ms
Time for 'nx/js/dependencies-and-lockfile:createNodes' 1.7815409996546805
Time for 'nx/core/project-json:createNodes' 1.4542080000974238
Time for 'nx/core/package-json:createNodes' 3.543166999705136
[NX v21.5.1 Daemon Server] - 2025-09-11T06:37:55.298Z - Time taken for 'build-project-configs' 10.853374999947846ms
Time for 'build typescript dependencies' 0.029583000112324953
[NX v21.5.1 Daemon Server] - 2025-09-11T06:37:55.302Z - Wrote project graph cache to /Users/curiosity/tools/wcw/.nx/workspace-data/project-graph.json
[NX v21.5.1 Daemon Server] - 2025-09-11T06:37:55.302Z - [SYNC]: collect registered sync generators
[NX v21.5.1 Daemon Server] - 2025-09-11T06:37:55.303Z - [SYNC]: project graph hash is the same, not collecting task sync generators
[NX v21.5.1 Daemon Server] - 2025-09-11T06:37:55.303Z - [SYNC]: nx.json hash is the same, not collecting global sync generators
[NX v21.5.1 Daemon Server] - 2025-09-11T06:37:55.303Z - Time taken for 'total execution time for createProjectGraph()' 2.8484579999931157ms
[NX v21.5.1 Daemon Server] - 2025-09-11T06:40:34.699Z - [WATCHER]: docs/stories/1.2.基础用户与权限管理.story.md was modified
[NX v21.5.1 Daemon Server] - 2025-09-11T06:40:34.701Z - [WATCHER]: Processing file changes in outputs
[NX v21.5.1 Daemon Server] - 2025-09-11T06:40:36.302Z - [REQUEST]: Updated workspace context based on watched changes, recomputing project graph...
[NX v21.5.1 Daemon Server] - 2025-09-11T06:40:36.303Z - [REQUEST]: docs/stories/1.2.基础用户与权限管理.story.md
[NX v21.5.1 Daemon Server] - 2025-09-11T06:40:36.303Z - [REQUEST]: 
[NX v21.5.1 Daemon Server] - 2025-09-11T06:40:36.306Z - Time taken for 'hash changed files from watcher' 0.6658330000936985ms
Time for 'nx/js/dependencies-and-lockfile:createNodes' 0.9300420000217855
Time for 'nx/core/project-json:createNodes' 0.5683749997988343
Time for 'nx/core/package-json:createNodes' 1.4046249999664724
[NX v21.5.1 Daemon Server] - 2025-09-11T06:40:36.312Z - Time taken for 'build-project-configs' 5.037874999921769ms
Time for 'build typescript dependencies' 0.03791699977591634
[NX v21.5.1 Daemon Server] - 2025-09-11T06:40:36.316Z - Wrote project graph cache to /Users/curiosity/tools/wcw/.nx/workspace-data/project-graph.json
[NX v21.5.1 Daemon Server] - 2025-09-11T06:40:36.316Z - [SYNC]: collect registered sync generators
[NX v21.5.1 Daemon Server] - 2025-09-11T06:40:36.316Z - [SYNC]: project graph hash is the same, not collecting task sync generators
[NX v21.5.1 Daemon Server] - 2025-09-11T06:40:36.316Z - [SYNC]: nx.json hash is the same, not collecting global sync generators
[NX v21.5.1 Daemon Server] - 2025-09-11T06:40:36.316Z - Time taken for 'total execution time for createProjectGraph()' 3.358291999902576ms
[NX v21.5.1 Daemon Server] - 2025-09-11T06:40:42.501Z - [WATCHER]: Processing file changes in outputs
[NX v21.5.1 Daemon Server] - 2025-09-11T06:40:42.502Z - [WATCHER]: 1 file(s) created or restored, 0 file(s) modified, 1 file(s) deleted
[NX v21.5.1 Daemon Server] - 2025-09-11T06:40:42.603Z - [REQUEST]: Updated workspace context based on watched changes, recomputing project graph...
[NX v21.5.1 Daemon Server] - 2025-09-11T06:40:42.603Z - [REQUEST]: .AGENTS.md.swp
[NX v21.5.1 Daemon Server] - 2025-09-11T06:40:42.603Z - [REQUEST]: .AGENTS.md.swx
[NX v21.5.1 Daemon Server] - 2025-09-11T06:40:42.605Z - Time taken for 'hash changed files from watcher' 0.2410410000011325ms
Time for 'nx/js/dependencies-and-lockfile:createNodes' 0.06166700040921569
Time for 'nx/core/project-json:createNodes' 0.07833300018683076
Time for 'nx/core/package-json:createNodes' 0.33566699968650937
[NX v21.5.1 Daemon Server] - 2025-09-11T06:40:42.607Z - Time taken for 'build-project-configs' 1.0106250001117587ms
Time for 'build typescript dependencies' 0.008291000034660101
[NX v21.5.1 Daemon Server] - 2025-09-11T06:40:42.609Z - Wrote project graph cache to /Users/curiosity/tools/wcw/.nx/workspace-data/project-graph.json
[NX v21.5.1 Daemon Server] - 2025-09-11T06:40:42.609Z - [SYNC]: collect registered sync generators
[NX v21.5.1 Daemon Server] - 2025-09-11T06:40:42.609Z - [SYNC]: project graph hash is the same, not collecting task sync generators
[NX v21.5.1 Daemon Server] - 2025-09-11T06:40:42.609Z - [SYNC]: nx.json hash is the same, not collecting global sync generators
[NX v21.5.1 Daemon Server] - 2025-09-11T06:40:42.609Z - Time taken for 'total execution time for createProjectGraph()' 1.7397080003283918ms
[NX v21.5.1 Daemon Server] - 2025-09-11T06:41:26.881Z - [WATCHER]: Processing file changes in outputs
[NX v21.5.1 Daemon Server] - 2025-09-11T06:41:26.882Z - [WATCHER]: 1 file(s) created or restored, 0 file(s) modified, 2 file(s) deleted
[NX v21.5.1 Daemon Server] - 2025-09-11T06:41:26.983Z - [REQUEST]: Updated workspace context based on watched changes, recomputing project graph...
[NX v21.5.1 Daemon Server] - 2025-09-11T06:41:26.983Z - [REQUEST]: AGENTS.md
[NX v21.5.1 Daemon Server] - 2025-09-11T06:41:26.983Z - [REQUEST]: 4913,.AGENTS.md.swp
[NX v21.5.1 Daemon Server] - 2025-09-11T06:41:26.984Z - Time taken for 'hash changed files from watcher' 0.2632079999893904ms
Time for 'nx/js/dependencies-and-lockfile:createNodes' 0.05537499999627471
Time for 'nx/core/project-json:createNodes' 0.0898330002091825
Time for 'nx/core/package-json:createNodes' 0.20479199988767505
[NX v21.5.1 Daemon Server] - 2025-09-11T06:41:26.986Z - Time taken for 'build-project-configs' 0.8027499997988343ms
Time for 'build typescript dependencies' 0.0071669998578727245
[NX v21.5.1 Daemon Server] - 2025-09-11T06:41:26.987Z - Wrote project graph cache to /Users/curiosity/tools/wcw/.nx/workspace-data/project-graph.json
[NX v21.5.1 Daemon Server] - 2025-09-11T06:41:26.987Z - [SYNC]: collect registered sync generators
[NX v21.5.1 Daemon Server] - 2025-09-11T06:41:26.987Z - [SYNC]: project graph hash is the same, not collecting task sync generators
[NX v21.5.1 Daemon Server] - 2025-09-11T06:41:26.987Z - [SYNC]: nx.json hash is the same, not collecting global sync generators
[NX v21.5.1 Daemon Server] - 2025-09-11T06:41:26.987Z - Time taken for 'total execution time for createProjectGraph()' 1.2616659998893738ms
[NX v21.5.1 Daemon Server] - 2025-09-11T06:48:22.093Z - [WATCHER]: docs/stories/1.2.基础用户与权限管理.story.md was modified
[NX v21.5.1 Daemon Server] - 2025-09-11T06:48:22.095Z - [WATCHER]: Processing file changes in outputs
[NX v21.5.1 Daemon Server] - 2025-09-11T06:48:22.298Z - [REQUEST]: Updated workspace context based on watched changes, recomputing project graph...
[NX v21.5.1 Daemon Server] - 2025-09-11T06:48:22.298Z - [REQUEST]: docs/stories/1.2.基础用户与权限管理.story.md
[NX v21.5.1 Daemon Server] - 2025-09-11T06:48:22.299Z - [REQUEST]: 
[NX v21.5.1 Daemon Server] - 2025-09-11T06:48:22.300Z - Time taken for 'hash changed files from watcher' 1.3666670005768538ms
Time for 'nx/js/dependencies-and-lockfile:createNodes' 0.5697499997913837
Time for 'nx/core/project-json:createNodes' 1.1854999996721745
Time for 'nx/core/package-json:createNodes' 2.783082999289036
[NX v21.5.1 Daemon Server] - 2025-09-11T06:48:22.308Z - Time taken for 'build-project-configs' 5.158999999985099ms
Time for 'build typescript dependencies' 0.03779099974781275
[NX v21.5.1 Daemon Server] - 2025-09-11T06:48:22.313Z - Wrote project graph cache to /Users/curiosity/tools/wcw/.nx/workspace-data/project-graph.json
[NX v21.5.1 Daemon Server] - 2025-09-11T06:48:22.313Z - [SYNC]: collect registered sync generators
[NX v21.5.1 Daemon Server] - 2025-09-11T06:48:22.313Z - [SYNC]: project graph hash is the same, not collecting task sync generators
[NX v21.5.1 Daemon Server] - 2025-09-11T06:48:22.313Z - [SYNC]: nx.json hash is the same, not collecting global sync generators
[NX v21.5.1 Daemon Server] - 2025-09-11T06:48:22.314Z - Time taken for 'total execution time for createProjectGraph()' 3.615667000412941ms
[NX v21.5.1 Daemon Server] - 2025-09-11T06:48:28.793Z - [WATCHER]: apps/backend/pom.xml was modified
[NX v21.5.1 Daemon Server] - 2025-09-11T06:48:28.794Z - [WATCHER]: Processing file changes in outputs
[NX v21.5.1 Daemon Server] - 2025-09-11T06:48:29.196Z - [REQUEST]: Updated workspace context based on watched changes, recomputing project graph...
[NX v21.5.1 Daemon Server] - 2025-09-11T06:48:29.196Z - [REQUEST]: apps/backend/pom.xml
[NX v21.5.1 Daemon Server] - 2025-09-11T06:48:29.196Z - [REQUEST]: 
Time for 'nx/js/dependencies-and-lockfile:createNodes' 0.08016599994152784
[NX v21.5.1 Daemon Server] - 2025-09-11T06:48:29.197Z - Time taken for 'hash changed files from watcher' 0.22662500012665987ms
Time for 'nx/core/project-json:createNodes' 0.06645799987018108
Time for 'nx/core/package-json:createNodes' 0.25620799977332354
[NX v21.5.1 Daemon Server] - 2025-09-11T06:48:29.199Z - Time taken for 'build-project-configs' 0.859375ms
Time for 'build typescript dependencies' 0.016374999657273293
[NX v21.5.1 Daemon Server] - 2025-09-11T06:48:29.202Z - Wrote project graph cache to /Users/curiosity/tools/wcw/.nx/workspace-data/project-graph.json
[NX v21.5.1 Daemon Server] - 2025-09-11T06:48:29.202Z - [SYNC]: collect registered sync generators
[NX v21.5.1 Daemon Server] - 2025-09-11T06:48:29.202Z - [SYNC]: project graph hash is the same, not collecting task sync generators
[NX v21.5.1 Daemon Server] - 2025-09-11T06:48:29.202Z - [SYNC]: nx.json hash is the same, not collecting global sync generators
[NX v21.5.1 Daemon Server] - 2025-09-11T06:48:29.202Z - Time taken for 'total execution time for createProjectGraph()' 1.808665999211371ms
[NX v21.5.1 Daemon Server] - 2025-09-11T06:48:32.500Z - [WATCHER]: apps/backend/src/main/resources/application.properties was modified
[NX v21.5.1 Daemon Server] - 2025-09-11T06:48:32.500Z - [WATCHER]: Processing file changes in outputs
[NX v21.5.1 Daemon Server] - 2025-09-11T06:48:33.302Z - [REQUEST]: Updated workspace context based on watched changes, recomputing project graph...
[NX v21.5.1 Daemon Server] - 2025-09-11T06:48:33.302Z - [REQUEST]: apps/backend/src/main/resources/application.properties
[NX v21.5.1 Daemon Server] - 2025-09-11T06:48:33.303Z - [REQUEST]: 
Time for 'nx/js/dependencies-and-lockfile:createNodes' 0.14566699974238873
Time for 'nx/core/project-json:createNodes' 0.1969999996945262
Time for 'nx/core/package-json:createNodes' 0.6771660000085831
[NX v21.5.1 Daemon Server] - 2025-09-11T06:48:33.307Z - Time taken for 'hash changed files from watcher' 0.6145829996094108ms
[NX v21.5.1 Daemon Server] - 2025-09-11T06:48:33.310Z - Time taken for 'build-project-configs' 3.0607909997925162ms
Time for 'build typescript dependencies' 0.03804199956357479
[NX v21.5.1 Daemon Server] - 2025-09-11T06:48:33.317Z - Wrote project graph cache to /Users/curiosity/tools/wcw/.nx/workspace-data/project-graph.json
[NX v21.5.1 Daemon Server] - 2025-09-11T06:48:33.318Z - [SYNC]: collect registered sync generators
[NX v21.5.1 Daemon Server] - 2025-09-11T06:48:33.318Z - [SYNC]: project graph hash is the same, not collecting task sync generators
[NX v21.5.1 Daemon Server] - 2025-09-11T06:48:33.319Z - [SYNC]: nx.json hash is the same, not collecting global sync generators
[NX v21.5.1 Daemon Server] - 2025-09-11T06:48:33.319Z - Time taken for 'total execution time for createProjectGraph()' 5.332791999913752ms
[NX v21.5.1 Daemon Server] - 2025-09-11T06:48:34.309Z - [WATCHER]: apps/backend/target/classes/application.properties was modified
[NX v21.5.1 Daemon Server] - 2025-09-11T06:48:34.310Z - [WATCHER]: Processing file changes in outputs
[NX v21.5.1 Daemon Server] - 2025-09-11T06:48:35.412Z - [WATCHER]: 2 file(s) created or restored, 0 file(s) modified, 3 file(s) deleted
[NX v21.5.1 Daemon Server] - 2025-09-11T06:48:35.412Z - [WATCHER]: Processing file changes in outputs
[NX v21.5.1 Daemon Server] - 2025-09-11T06:48:35.497Z - [WATCHER]: 3 file(s) created or restored, 0 file(s) modified, 0 file(s) deleted
[NX v21.5.1 Daemon Server] - 2025-09-11T06:48:35.497Z - [WATCHER]: Processing file changes in outputs
[NX v21.5.1 Daemon Server] - 2025-09-11T06:48:35.911Z - [REQUEST]: Updated workspace context based on watched changes, recomputing project graph...
[NX v21.5.1 Daemon Server] - 2025-09-11T06:48:35.912Z - [REQUEST]: apps/backend/target/classes/com/shanergy/bprev/BprevApplication.class,apps/backend/target/classes/com/shanergy/bprev/controller/HealthController.class,apps/backend/target/test-classes/com/shanergy/bprev/controller/HealthControllerTest.class,apps/backend/target/classes/schema.sql,apps/backend/target/classes/application.properties
[NX v21.5.1 Daemon Server] - 2025-09-11T06:48:35.912Z - [REQUEST]: 
[NX v21.5.1 Daemon Server] - 2025-09-11T06:48:35.913Z - Time taken for 'hash changed files from watcher' 0.4679590007290244ms
Time for 'nx/js/dependencies-and-lockfile:createNodes' 0.17066700011491776
Time for 'nx/core/project-json:createNodes' 0.16833300050348043
Time for 'nx/core/package-json:createNodes' 0.41987499967217445
[NX v21.5.1 Daemon Server] - 2025-09-11T06:48:35.917Z - Time taken for 'build-project-configs' 2.3001250000670552ms
Time for 'build typescript dependencies' 0.02733399998396635
[NX v21.5.1 Daemon Server] - 2025-09-11T06:48:35.921Z - Wrote project graph cache to /Users/curiosity/tools/wcw/.nx/workspace-data/project-graph.json
[NX v21.5.1 Daemon Server] - 2025-09-11T06:48:35.921Z - [SYNC]: collect registered sync generators
[NX v21.5.1 Daemon Server] - 2025-09-11T06:48:35.921Z - [SYNC]: project graph hash is the same, not collecting task sync generators
[NX v21.5.1 Daemon Server] - 2025-09-11T06:48:35.921Z - [SYNC]: nx.json hash is the same, not collecting global sync generators
[NX v21.5.1 Daemon Server] - 2025-09-11T06:48:35.921Z - Time taken for 'total execution time for createProjectGraph()' 3.141041999682784ms
[NX v21.5.1 Daemon Server] - 2025-09-11T06:48:37.523Z - [WATCHER]: apps/backend/src/main/java/com/shanergy/bprev/model/Role.java was created or restored
[NX v21.5.1 Daemon Server] - 2025-09-11T06:48:37.524Z - [WATCHER]: Processing file changes in outputs
[NX v21.5.1 Daemon Server] - 2025-09-11T06:48:37.625Z - [REQUEST]: Updated workspace context based on watched changes, recomputing project graph...
[NX v21.5.1 Daemon Server] - 2025-09-11T06:48:37.626Z - [REQUEST]: apps/backend/src/main/java/com/shanergy/bprev/model/Role.java
[NX v21.5.1 Daemon Server] - 2025-09-11T06:48:37.626Z - [REQUEST]: 
Time for 'nx/js/dependencies-and-lockfile:createNodes' 0.12479200027883053
[NX v21.5.1 Daemon Server] - 2025-09-11T06:48:37.628Z - Time taken for 'hash changed files from watcher' 0.6064170002937317ms
Time for 'nx/core/project-json:createNodes' 0.08158300071954727
Time for 'nx/core/package-json:createNodes' 0.3025000002235174
[NX v21.5.1 Daemon Server] - 2025-09-11T06:48:37.632Z - Time taken for 'build-project-configs' 1.5565829994156957ms
Time for 'build typescript dependencies' 0.03520900011062622
[NX v21.5.1 Daemon Server] - 2025-09-11T06:48:37.635Z - Wrote project graph cache to /Users/curiosity/tools/wcw/.nx/workspace-data/project-graph.json
[NX v21.5.1 Daemon Server] - 2025-09-11T06:48:37.636Z - [SYNC]: collect registered sync generators
[NX v21.5.1 Daemon Server] - 2025-09-11T06:48:37.636Z - [SYNC]: project graph hash is the same, not collecting task sync generators
[NX v21.5.1 Daemon Server] - 2025-09-11T06:48:37.636Z - [SYNC]: nx.json hash is the same, not collecting global sync generators
[NX v21.5.1 Daemon Server] - 2025-09-11T06:48:37.636Z - Time taken for 'total execution time for createProjectGraph()' 2.877624999731779ms
[NX v21.5.1 Daemon Server] - 2025-09-11T06:48:38.050Z - [WATCHER]: 3 file(s) created or restored, 0 file(s) modified, 0 file(s) deleted
[NX v21.5.1 Daemon Server] - 2025-09-11T06:48:38.050Z - [WATCHER]: Processing file changes in outputs
[NX v21.5.1 Daemon Server] - 2025-09-11T06:48:38.152Z - [REQUEST]: Updated workspace context based on watched changes, recomputing project graph...
[NX v21.5.1 Daemon Server] - 2025-09-11T06:48:38.152Z - [REQUEST]: apps/backend/target/classes/application.properties,apps/backend/target/classes/com/shanergy/bprev/model/Role.class,apps/backend/target/classes/schema.sql
[NX v21.5.1 Daemon Server] - 2025-09-11T06:48:38.152Z - [REQUEST]: 
[NX v21.5.1 Daemon Server] - 2025-09-11T06:48:38.156Z - Time taken for 'hash changed files from watcher' 0.7422090005129576ms
Time for 'nx/js/dependencies-and-lockfile:createNodes' 0.3284160001203418
Time for 'nx/core/project-json:createNodes' 0.1941660000011325
Time for 'nx/core/package-json:createNodes' 0.5857080006971955
[NX v21.5.1 Daemon Server] - 2025-09-11T06:48:38.159Z - Time taken for 'build-project-configs' 2.9340420002117753ms
Time for 'build typescript dependencies' 0.02891699969768524
[NX v21.5.1 Daemon Server] - 2025-09-11T06:48:38.164Z - Wrote project graph cache to /Users/curiosity/tools/wcw/.nx/workspace-data/project-graph.json
[NX v21.5.1 Daemon Server] - 2025-09-11T06:48:38.164Z - [SYNC]: collect registered sync generators
[NX v21.5.1 Daemon Server] - 2025-09-11T06:48:38.164Z - [SYNC]: project graph hash is the same, not collecting task sync generators
[NX v21.5.1 Daemon Server] - 2025-09-11T06:48:38.164Z - [SYNC]: nx.json hash is the same, not collecting global sync generators
[NX v21.5.1 Daemon Server] - 2025-09-11T06:48:38.164Z - Time taken for 'total execution time for createProjectGraph()' 3.6775839999318123ms
[NX v21.5.1 Daemon Server] - 2025-09-11T06:48:44.849Z - [WATCHER]: Processing file changes in outputs
[NX v21.5.1 Daemon Server] - 2025-09-11T06:48:44.849Z - [WATCHER]: apps/backend/src/main/java/com/shanergy/bprev/model/User.java was created or restored
[NX v21.5.1 Daemon Server] - 2025-09-11T06:48:44.951Z - [REQUEST]: Updated workspace context based on watched changes, recomputing project graph...
[NX v21.5.1 Daemon Server] - 2025-09-11T06:48:44.951Z - [REQUEST]: apps/backend/src/main/java/com/shanergy/bprev/model/User.java
[NX v21.5.1 Daemon Server] - 2025-09-11T06:48:44.951Z - [REQUEST]: 
Time for 'nx/js/dependencies-and-lockfile:createNodes' 0.1461669998243451
[NX v21.5.1 Daemon Server] - 2025-09-11T06:48:44.954Z - Time taken for 'hash changed files from watcher' 0.2952499995008111ms
Time for 'nx/core/project-json:createNodes' 0.06829100009053946
Time for 'nx/core/package-json:createNodes' 0.28470900002866983
[NX v21.5.1 Daemon Server] - 2025-09-11T06:48:44.958Z - Time taken for 'build-project-configs' 2.2624160004779696ms
Time for 'build typescript dependencies' 0.030834000557661057
[NX v21.5.1 Daemon Server] - 2025-09-11T06:48:44.961Z - Wrote project graph cache to /Users/curiosity/tools/wcw/.nx/workspace-data/project-graph.json
[NX v21.5.1 Daemon Server] - 2025-09-11T06:48:44.962Z - [SYNC]: collect registered sync generators
[NX v21.5.1 Daemon Server] - 2025-09-11T06:48:44.962Z - [SYNC]: project graph hash is the same, not collecting task sync generators
[NX v21.5.1 Daemon Server] - 2025-09-11T06:48:44.962Z - [SYNC]: nx.json hash is the same, not collecting global sync generators
[NX v21.5.1 Daemon Server] - 2025-09-11T06:48:44.962Z - Time taken for 'total execution time for createProjectGraph()' 3.12154099997133ms
[NX v21.5.1 Daemon Server] - 2025-09-11T06:48:45.329Z - [WATCHER]: Processing file changes in outputs
[NX v21.5.1 Daemon Server] - 2025-09-11T06:48:45.330Z - [WATCHER]: 3 file(s) created or restored, 1 file(s) modified, 0 file(s) deleted
[NX v21.5.1 Daemon Server] - 2025-09-11T06:48:45.431Z - [REQUEST]: Updated workspace context based on watched changes, recomputing project graph...
[NX v21.5.1 Daemon Server] - 2025-09-11T06:48:45.431Z - [REQUEST]: apps/backend/target/classes/com/shanergy/bprev/model/User.class,apps/backend/target/classes/application.properties,apps/backend/target/classes/schema.sql,apps/backend/target/classes/com/shanergy/bprev/model/Role.class
[NX v21.5.1 Daemon Server] - 2025-09-11T06:48:45.431Z - [REQUEST]: 
Time for 'nx/js/dependencies-and-lockfile:createNodes' 0.09216700028628111
[NX v21.5.1 Daemon Server] - 2025-09-11T06:48:45.434Z - Time taken for 'hash changed files from watcher' 0.6073749996721745ms
Time for 'nx/core/package-json:createNodes' 0.3463340001180768
Time for 'nx/core/project-json:createNodes' 0.0989999994635582
[NX v21.5.1 Daemon Server] - 2025-09-11T06:48:45.438Z - Time taken for 'build-project-configs' 2.42291700001806ms
Time for 'build typescript dependencies' 0.015124999918043613
[NX v21.5.1 Daemon Server] - 2025-09-11T06:48:45.442Z - Wrote project graph cache to /Users/curiosity/tools/wcw/.nx/workspace-data/project-graph.json
[NX v21.5.1 Daemon Server] - 2025-09-11T06:48:45.442Z - [SYNC]: collect registered sync generators
[NX v21.5.1 Daemon Server] - 2025-09-11T06:48:45.442Z - [SYNC]: project graph hash is the same, not collecting task sync generators
[NX v21.5.1 Daemon Server] - 2025-09-11T06:48:45.442Z - [SYNC]: nx.json hash is the same, not collecting global sync generators
[NX v21.5.1 Daemon Server] - 2025-09-11T06:48:45.442Z - Time taken for 'total execution time for createProjectGraph()' 2.838458999991417ms
[NX v21.5.1 Daemon Server] - 2025-09-11T06:48:50.522Z - [WATCHER]: apps/backend/src/main/java/com/shanergy/bprev/repository/UserRepository.java was created or restored
[NX v21.5.1 Daemon Server] - 2025-09-11T06:48:50.523Z - [WATCHER]: Processing file changes in outputs
[NX v21.5.1 Daemon Server] - 2025-09-11T06:48:50.624Z - [REQUEST]: Updated workspace context based on watched changes, recomputing project graph...
[NX v21.5.1 Daemon Server] - 2025-09-11T06:48:50.624Z - [REQUEST]: apps/backend/src/main/java/com/shanergy/bprev/repository/UserRepository.java
[NX v21.5.1 Daemon Server] - 2025-09-11T06:48:50.624Z - [REQUEST]: 
[NX v21.5.1 Daemon Server] - 2025-09-11T06:48:50.626Z - Time taken for 'hash changed files from watcher' 0.4705419996753335ms
Time for 'nx/js/dependencies-and-lockfile:createNodes' 0.0773329995572567
Time for 'nx/core/project-json:createNodes' 0.07066700048744678
Time for 'nx/core/package-json:createNodes' 0.2685829997062683
[NX v21.5.1 Daemon Server] - 2025-09-11T06:48:50.629Z - Time taken for 'build-project-configs' 1.0195419993251562ms
Time for 'build typescript dependencies' 0.015249999240040779
[NX v21.5.1 Daemon Server] - 2025-09-11T06:48:50.632Z - Wrote project graph cache to /Users/curiosity/tools/wcw/.nx/workspace-data/project-graph.json
[NX v21.5.1 Daemon Server] - 2025-09-11T06:48:50.632Z - [SYNC]: collect registered sync generators
[NX v21.5.1 Daemon Server] - 2025-09-11T06:48:50.633Z - [SYNC]: project graph hash is the same, not collecting task sync generators
[NX v21.5.1 Daemon Server] - 2025-09-11T06:48:50.633Z - [SYNC]: nx.json hash is the same, not collecting global sync generators
[NX v21.5.1 Daemon Server] - 2025-09-11T06:48:50.633Z - Time taken for 'total execution time for createProjectGraph()' 2.066750000230968ms
[NX v21.5.1 Daemon Server] - 2025-09-11T06:48:50.997Z - [WATCHER]: apps/backend/target/classes/com/shanergy/bprev/repository/UserRepository.class was created or restored
[NX v21.5.1 Daemon Server] - 2025-09-11T06:48:50.997Z - [WATCHER]: Processing file changes in outputs
[NX v21.5.1 Daemon Server] - 2025-09-11T06:48:51.098Z - [REQUEST]: Updated workspace context based on watched changes, recomputing project graph...
[NX v21.5.1 Daemon Server] - 2025-09-11T06:48:51.098Z - [REQUEST]: apps/backend/target/classes/com/shanergy/bprev/repository/UserRepository.class
[NX v21.5.1 Daemon Server] - 2025-09-11T06:48:51.098Z - [REQUEST]: 
Time for 'nx/js/dependencies-and-lockfile:createNodes' 0.0867919996380806
[NX v21.5.1 Daemon Server] - 2025-09-11T06:48:51.100Z - Time taken for 'hash changed files from watcher' 0.27216599974781275ms
Time for 'nx/core/project-json:createNodes' 0.09187500085681677
Time for 'nx/core/package-json:createNodes' 0.311166999861598
[NX v21.5.1 Daemon Server] - 2025-09-11T06:48:51.104Z - Time taken for 'build-project-configs' 1.2349169999361038ms
Time for 'build typescript dependencies' 0.018957999534904957
[NX v21.5.1 Daemon Server] - 2025-09-11T06:48:51.108Z - Wrote project graph cache to /Users/curiosity/tools/wcw/.nx/workspace-data/project-graph.json
[NX v21.5.1 Daemon Server] - 2025-09-11T06:48:51.108Z - [SYNC]: collect registered sync generators
[NX v21.5.1 Daemon Server] - 2025-09-11T06:48:51.108Z - [SYNC]: project graph hash is the same, not collecting task sync generators
[NX v21.5.1 Daemon Server] - 2025-09-11T06:48:51.108Z - [SYNC]: nx.json hash is the same, not collecting global sync generators
[NX v21.5.1 Daemon Server] - 2025-09-11T06:48:51.108Z - Time taken for 'total execution time for createProjectGraph()' 2.7044999999925494ms
[NX v21.5.1 Daemon Server] - 2025-09-11T06:49:01.854Z - [WATCHER]: apps/backend/src/main/java/com/shanergy/bprev/security/CustomUserDetailsService.java was created or restored
[NX v21.5.1 Daemon Server] - 2025-09-11T06:49:01.855Z - [WATCHER]: Processing file changes in outputs
[NX v21.5.1 Daemon Server] - 2025-09-11T06:49:01.957Z - [REQUEST]: Updated workspace context based on watched changes, recomputing project graph...
[NX v21.5.1 Daemon Server] - 2025-09-11T06:49:01.958Z - [REQUEST]: apps/backend/src/main/java/com/shanergy/bprev/security/CustomUserDetailsService.java
[NX v21.5.1 Daemon Server] - 2025-09-11T06:49:01.958Z - [REQUEST]: 
[NX v21.5.1 Daemon Server] - 2025-09-11T06:49:01.959Z - Time taken for 'hash changed files from watcher' 0.6282080002129078ms
Time for 'nx/js/dependencies-and-lockfile:createNodes' 0.5368329994380474
Time for 'nx/core/project-json:createNodes' 0.21750000026077032
Time for 'nx/core/package-json:createNodes' 0.8450000006705523
[NX v21.5.1 Daemon Server] - 2025-09-11T06:49:01.965Z - Time taken for 'build-project-configs' 2.7933749994263053ms
Time for 'build typescript dependencies' 0.02850000001490116
[NX v21.5.1 Daemon Server] - 2025-09-11T06:49:01.968Z - Wrote project graph cache to /Users/curiosity/tools/wcw/.nx/workspace-data/project-graph.json
[NX v21.5.1 Daemon Server] - 2025-09-11T06:49:01.968Z - [SYNC]: collect registered sync generators
[NX v21.5.1 Daemon Server] - 2025-09-11T06:49:01.968Z - [SYNC]: project graph hash is the same, not collecting task sync generators
[NX v21.5.1 Daemon Server] - 2025-09-11T06:49:01.968Z - [SYNC]: nx.json hash is the same, not collecting global sync generators
[NX v21.5.1 Daemon Server] - 2025-09-11T06:49:01.969Z - Time taken for 'total execution time for createProjectGraph()' 2.9456249997019768ms
[NX v21.5.1 Daemon Server] - 2025-09-11T06:49:02.407Z - [WATCHER]: apps/backend/target/classes/com/shanergy/bprev/security/CustomUserDetailsService.class was created or restored
[NX v21.5.1 Daemon Server] - 2025-09-11T06:49:02.407Z - [WATCHER]: Processing file changes in outputs
[NX v21.5.1 Daemon Server] - 2025-09-11T06:49:02.509Z - [REQUEST]: Updated workspace context based on watched changes, recomputing project graph...
[NX v21.5.1 Daemon Server] - 2025-09-11T06:49:02.509Z - [REQUEST]: apps/backend/target/classes/com/shanergy/bprev/security/CustomUserDetailsService.class
[NX v21.5.1 Daemon Server] - 2025-09-11T06:49:02.509Z - [REQUEST]: 
Time for 'nx/js/dependencies-and-lockfile:createNodes' 0.07379100006073713
[NX v21.5.1 Daemon Server] - 2025-09-11T06:49:02.511Z - Time taken for 'hash changed files from watcher' 0.424040999263525ms
Time for 'nx/core/project-json:createNodes' 0.0892090005800128
Time for 'nx/core/package-json:createNodes' 0.28299999982118607
[NX v21.5.1 Daemon Server] - 2025-09-11T06:49:02.513Z - Time taken for 'build-project-configs' 1.257416999898851ms
Time for 'build typescript dependencies' 0.01587500050663948
[NX v21.5.1 Daemon Server] - 2025-09-11T06:49:02.517Z - Wrote project graph cache to /Users/curiosity/tools/wcw/.nx/workspace-data/project-graph.json
[NX v21.5.1 Daemon Server] - 2025-09-11T06:49:02.517Z - [SYNC]: collect registered sync generators
[NX v21.5.1 Daemon Server] - 2025-09-11T06:49:02.517Z - [SYNC]: project graph hash is the same, not collecting task sync generators
[NX v21.5.1 Daemon Server] - 2025-09-11T06:49:02.517Z - [SYNC]: nx.json hash is the same, not collecting global sync generators
[NX v21.5.1 Daemon Server] - 2025-09-11T06:49:02.518Z - Time taken for 'total execution time for createProjectGraph()' 1.8391249999403954ms
[NX v21.5.1 Daemon Server] - 2025-09-11T06:49:10.581Z - [WATCHER]: Processing file changes in outputs
[NX v21.5.1 Daemon Server] - 2025-09-11T06:49:10.582Z - [WATCHER]: apps/backend/src/main/java/com/shanergy/bprev/security/JwtUtil.java was created or restored
[NX v21.5.1 Daemon Server] - 2025-09-11T06:49:10.683Z - [REQUEST]: Updated workspace context based on watched changes, recomputing project graph...
[NX v21.5.1 Daemon Server] - 2025-09-11T06:49:10.683Z - [REQUEST]: apps/backend/src/main/java/com/shanergy/bprev/security/JwtUtil.java
[NX v21.5.1 Daemon Server] - 2025-09-11T06:49:10.683Z - [REQUEST]: 
Time for 'nx/js/dependencies-and-lockfile:createNodes' 0.08383399993181229
Time for 'nx/core/package-json:createNodes' 0.340208999812603
Time for 'nx/core/project-json:createNodes' 0.06116600055247545
[NX v21.5.1 Daemon Server] - 2025-09-11T06:49:10.685Z - Time taken for 'hash changed files from watcher' 0.2168749999254942ms
[NX v21.5.1 Daemon Server] - 2025-09-11T06:49:10.687Z - Time taken for 'build-project-configs' 1.5597919998690486ms
Time for 'build typescript dependencies' 0.012374999932944775
[NX v21.5.1 Daemon Server] - 2025-09-11T06:49:10.691Z - Wrote project graph cache to /Users/curiosity/tools/wcw/.nx/workspace-data/project-graph.json
[NX v21.5.1 Daemon Server] - 2025-09-11T06:49:10.691Z - [SYNC]: collect registered sync generators
[NX v21.5.1 Daemon Server] - 2025-09-11T06:49:10.691Z - [SYNC]: project graph hash is the same, not collecting task sync generators
[NX v21.5.1 Daemon Server] - 2025-09-11T06:49:10.691Z - [SYNC]: nx.json hash is the same, not collecting global sync generators
[NX v21.5.1 Daemon Server] - 2025-09-11T06:49:10.691Z - Time taken for 'total execution time for createProjectGraph()' 2.075416000559926ms
[NX v21.5.1 Daemon Server] - 2025-09-11T06:49:11.089Z - [WATCHER]: Processing file changes in outputs
[NX v21.5.1 Daemon Server] - 2025-09-11T06:49:11.089Z - [WATCHER]: apps/backend/target/classes/com/shanergy/bprev/security/JwtUtil.class was created or restored
[NX v21.5.1 Daemon Server] - 2025-09-11T06:49:11.190Z - [REQUEST]: Updated workspace context based on watched changes, recomputing project graph...
[NX v21.5.1 Daemon Server] - 2025-09-11T06:49:11.191Z - [REQUEST]: apps/backend/target/classes/com/shanergy/bprev/security/JwtUtil.class
[NX v21.5.1 Daemon Server] - 2025-09-11T06:49:11.191Z - [REQUEST]: 
[NX v21.5.1 Daemon Server] - 2025-09-11T06:49:11.192Z - Time taken for 'hash changed files from watcher' 0.21433299966156483ms
Time for 'nx/js/dependencies-and-lockfile:createNodes' 0.12041599955409765
Time for 'nx/core/project-json:createNodes' 0.08208299987018108
Time for 'nx/core/package-json:createNodes' 0.24274999927729368
[NX v21.5.1 Daemon Server] - 2025-09-11T06:49:11.194Z - Time taken for 'build-project-configs' 0.8786669997498393ms
Time for 'build typescript dependencies' 0.010125000029802322
[NX v21.5.1 Daemon Server] - 2025-09-11T06:49:11.196Z - Wrote project graph cache to /Users/curiosity/tools/wcw/.nx/workspace-data/project-graph.json
[NX v21.5.1 Daemon Server] - 2025-09-11T06:49:11.196Z - [SYNC]: collect registered sync generators
[NX v21.5.1 Daemon Server] - 2025-09-11T06:49:11.196Z - [SYNC]: project graph hash is the same, not collecting task sync generators
[NX v21.5.1 Daemon Server] - 2025-09-11T06:49:11.196Z - [SYNC]: nx.json hash is the same, not collecting global sync generators
[NX v21.5.1 Daemon Server] - 2025-09-11T06:49:11.196Z - Time taken for 'total execution time for createProjectGraph()' 1.5012499997392297ms
[NX v21.5.1 Daemon Server] - 2025-09-11T06:49:16.770Z - [WATCHER]: apps/backend/src/main/java/com/shanergy/bprev/security/JwtAuthenticationFilter.java was created or restored
[NX v21.5.1 Daemon Server] - 2025-09-11T06:49:16.770Z - [WATCHER]: Processing file changes in outputs
[NX v21.5.1 Daemon Server] - 2025-09-11T06:49:16.872Z - [REQUEST]: Updated workspace context based on watched changes, recomputing project graph...
[NX v21.5.1 Daemon Server] - 2025-09-11T06:49:16.872Z - [REQUEST]: apps/backend/src/main/java/com/shanergy/bprev/security/JwtAuthenticationFilter.java
[NX v21.5.1 Daemon Server] - 2025-09-11T06:49:16.872Z - [REQUEST]: 
Time for 'nx/js/dependencies-and-lockfile:createNodes' 0.19658400025218725
Time for 'nx/core/project-json:createNodes' 0.06287500075995922
[NX v21.5.1 Daemon Server] - 2025-09-11T06:49:16.874Z - Time taken for 'hash changed files from watcher' 0.330999999307096ms
Time for 'nx/core/package-json:createNodes' 0.2467919997870922
[NX v21.5.1 Daemon Server] - 2025-09-11T06:49:16.876Z - Time taken for 'build-project-configs' 1.449749999679625ms
Time for 'build typescript dependencies' 0.0122079998254776
[NX v21.5.1 Daemon Server] - 2025-09-11T06:49:16.879Z - Wrote project graph cache to /Users/curiosity/tools/wcw/.nx/workspace-data/project-graph.json
[NX v21.5.1 Daemon Server] - 2025-09-11T06:49:16.879Z - [SYNC]: collect registered sync generators
[NX v21.5.1 Daemon Server] - 2025-09-11T06:49:16.879Z - [SYNC]: project graph hash is the same, not collecting task sync generators
[NX v21.5.1 Daemon Server] - 2025-09-11T06:49:16.879Z - [SYNC]: nx.json hash is the same, not collecting global sync generators
[NX v21.5.1 Daemon Server] - 2025-09-11T06:49:16.880Z - Time taken for 'total execution time for createProjectGraph()' 1.7065829997882247ms
[NX v21.5.1 Daemon Server] - 2025-09-11T06:49:17.264Z - [WATCHER]: Processing file changes in outputs
[NX v21.5.1 Daemon Server] - 2025-09-11T06:49:17.264Z - [WATCHER]: apps/backend/target/classes/com/shanergy/bprev/security/JwtAuthenticationFilter.class was created or restored
[NX v21.5.1 Daemon Server] - 2025-09-11T06:49:17.367Z - [REQUEST]: Updated workspace context based on watched changes, recomputing project graph...
[NX v21.5.1 Daemon Server] - 2025-09-11T06:49:17.367Z - [REQUEST]: apps/backend/target/classes/com/shanergy/bprev/security/JwtAuthenticationFilter.class
[NX v21.5.1 Daemon Server] - 2025-09-11T06:49:17.367Z - [REQUEST]: 
Time for 'nx/js/dependencies-and-lockfile:createNodes' 0.1294999998062849
[NX v21.5.1 Daemon Server] - 2025-09-11T06:49:17.369Z - Time taken for 'hash changed files from watcher' 0.6330000003799796ms
Time for 'nx/core/project-json:createNodes' 0.11454199999570847
Time for 'nx/core/package-json:createNodes' 0.9114169999957085
[NX v21.5.1 Daemon Server] - 2025-09-11T06:49:17.377Z - Time taken for 'build-project-configs' 2.117541999556124ms
Time for 'build typescript dependencies' 0.03529100026935339
[NX v21.5.1 Daemon Server] - 2025-09-11T06:49:17.381Z - Wrote project graph cache to /Users/curiosity/tools/wcw/.nx/workspace-data/project-graph.json
[NX v21.5.1 Daemon Server] - 2025-09-11T06:49:17.381Z - [SYNC]: collect registered sync generators
[NX v21.5.1 Daemon Server] - 2025-09-11T06:49:17.381Z - [SYNC]: project graph hash is the same, not collecting task sync generators
[NX v21.5.1 Daemon Server] - 2025-09-11T06:49:17.381Z - [SYNC]: nx.json hash is the same, not collecting global sync generators
[NX v21.5.1 Daemon Server] - 2025-09-11T06:49:17.381Z - Time taken for 'total execution time for createProjectGraph()' 7.04804200027138ms
[NX v21.5.1 Daemon Server] - 2025-09-11T06:49:23.752Z - [WATCHER]: apps/backend/src/main/java/com/shanergy/bprev/security/SecurityConfig.java was created or restored
[NX v21.5.1 Daemon Server] - 2025-09-11T06:49:23.753Z - [WATCHER]: Processing file changes in outputs
[NX v21.5.1 Daemon Server] - 2025-09-11T06:49:23.853Z - [REQUEST]: Updated workspace context based on watched changes, recomputing project graph...
[NX v21.5.1 Daemon Server] - 2025-09-11T06:49:23.854Z - [REQUEST]: apps/backend/src/main/java/com/shanergy/bprev/security/SecurityConfig.java
[NX v21.5.1 Daemon Server] - 2025-09-11T06:49:23.854Z - [REQUEST]: 
[NX v21.5.1 Daemon Server] - 2025-09-11T06:49:23.856Z - Time taken for 'hash changed files from watcher' 0.3519999999552965ms
Time for 'nx/js/dependencies-and-lockfile:createNodes' 0.2938749995082617
Time for 'nx/core/project-json:createNodes' 0.1746660005301237
Time for 'nx/core/package-json:createNodes' 0.5165419997647405
[NX v21.5.1 Daemon Server] - 2025-09-11T06:49:23.859Z - Time taken for 'build-project-configs' 1.92862500064075ms
Time for 'build typescript dependencies' 0.014750000089406967
[NX v21.5.1 Daemon Server] - 2025-09-11T06:49:23.862Z - Wrote project graph cache to /Users/curiosity/tools/wcw/.nx/workspace-data/project-graph.json
[NX v21.5.1 Daemon Server] - 2025-09-11T06:49:23.863Z - [SYNC]: collect registered sync generators
[NX v21.5.1 Daemon Server] - 2025-09-11T06:49:23.863Z - [SYNC]: project graph hash is the same, not collecting task sync generators
[NX v21.5.1 Daemon Server] - 2025-09-11T06:49:23.863Z - [SYNC]: nx.json hash is the same, not collecting global sync generators
[NX v21.5.1 Daemon Server] - 2025-09-11T06:49:23.863Z - Time taken for 'total execution time for createProjectGraph()' 2.006291000172496ms
[NX v21.5.1 Daemon Server] - 2025-09-11T06:49:24.223Z - [WATCHER]: apps/backend/target/classes/com/shanergy/bprev/security/SecurityConfig.class was created or restored
[NX v21.5.1 Daemon Server] - 2025-09-11T06:49:24.223Z - [WATCHER]: Processing file changes in outputs
[NX v21.5.1 Daemon Server] - 2025-09-11T06:49:24.325Z - [REQUEST]: Updated workspace context based on watched changes, recomputing project graph...
[NX v21.5.1 Daemon Server] - 2025-09-11T06:49:24.325Z - [REQUEST]: apps/backend/target/classes/com/shanergy/bprev/security/SecurityConfig.class
[NX v21.5.1 Daemon Server] - 2025-09-11T06:49:24.325Z - [REQUEST]: 
Time for 'nx/js/dependencies-and-lockfile:createNodes' 0.07141599990427494
[NX v21.5.1 Daemon Server] - 2025-09-11T06:49:24.327Z - Time taken for 'hash changed files from watcher' 0.2992909997701645ms
Time for 'nx/core/project-json:createNodes' 0.08299999963492155
Time for 'nx/core/package-json:createNodes' 0.25304099917411804
[NX v21.5.1 Daemon Server] - 2025-09-11T06:49:24.329Z - Time taken for 'build-project-configs' 0.9747500000521541ms
Time for 'build typescript dependencies' 0.01195799931883812
[NX v21.5.1 Daemon Server] - 2025-09-11T06:49:24.332Z - Wrote project graph cache to /Users/curiosity/tools/wcw/.nx/workspace-data/project-graph.json
[NX v21.5.1 Daemon Server] - 2025-09-11T06:49:24.332Z - [SYNC]: collect registered sync generators
[NX v21.5.1 Daemon Server] - 2025-09-11T06:49:24.332Z - [SYNC]: project graph hash is the same, not collecting task sync generators
[NX v21.5.1 Daemon Server] - 2025-09-11T06:49:24.332Z - [SYNC]: nx.json hash is the same, not collecting global sync generators
[NX v21.5.1 Daemon Server] - 2025-09-11T06:49:24.332Z - Time taken for 'total execution time for createProjectGraph()' 1.6634579999372363ms
[NX v21.5.1 Daemon Server] - 2025-09-11T06:49:32.614Z - [WATCHER]: Processing file changes in outputs
[NX v21.5.1 Daemon Server] - 2025-09-11T06:49:32.616Z - [WATCHER]: apps/backend/src/main/java/com/shanergy/bprev/dto/LoginRequest.java was created or restored
[NX v21.5.1 Daemon Server] - 2025-09-11T06:49:32.718Z - [REQUEST]: Updated workspace context based on watched changes, recomputing project graph...
[NX v21.5.1 Daemon Server] - 2025-09-11T06:49:32.718Z - [REQUEST]: apps/backend/src/main/java/com/shanergy/bprev/dto/LoginRequest.java
[NX v21.5.1 Daemon Server] - 2025-09-11T06:49:32.718Z - [REQUEST]: 
[NX v21.5.1 Daemon Server] - 2025-09-11T06:49:32.719Z - Time taken for 'hash changed files from watcher' 0.2850409997627139ms
Time for 'nx/js/dependencies-and-lockfile:createNodes' 0.05729200039058924
Time for 'nx/core/project-json:createNodes' 0.05795800033956766
Time for 'nx/core/package-json:createNodes' 0.22454100009053946
[NX v21.5.1 Daemon Server] - 2025-09-11T06:49:32.722Z - Time taken for 'build-project-configs' 1.1412500003352761ms
Time for 'build typescript dependencies' 0.015917000360786915
[NX v21.5.1 Daemon Server] - 2025-09-11T06:49:32.725Z - Wrote project graph cache to /Users/curiosity/tools/wcw/.nx/workspace-data/project-graph.json
[NX v21.5.1 Daemon Server] - 2025-09-11T06:49:32.725Z - [SYNC]: collect registered sync generators
[NX v21.5.1 Daemon Server] - 2025-09-11T06:49:32.725Z - [SYNC]: project graph hash is the same, not collecting task sync generators
[NX v21.5.1 Daemon Server] - 2025-09-11T06:49:32.725Z - [SYNC]: nx.json hash is the same, not collecting global sync generators
[NX v21.5.1 Daemon Server] - 2025-09-11T06:49:32.725Z - Time taken for 'total execution time for createProjectGraph()' 2.2949580000713468ms
[NX v21.5.1 Daemon Server] - 2025-09-11T06:49:33.127Z - [WATCHER]: apps/backend/target/classes/com/shanergy/bprev/dto/LoginRequest.class was created or restored
[NX v21.5.1 Daemon Server] - 2025-09-11T06:49:33.127Z - [WATCHER]: Processing file changes in outputs
[NX v21.5.1 Daemon Server] - 2025-09-11T06:49:33.228Z - [REQUEST]: Updated workspace context based on watched changes, recomputing project graph...
[NX v21.5.1 Daemon Server] - 2025-09-11T06:49:33.228Z - [REQUEST]: apps/backend/target/classes/com/shanergy/bprev/dto/LoginRequest.class
[NX v21.5.1 Daemon Server] - 2025-09-11T06:49:33.228Z - [REQUEST]: 
Time for 'nx/js/dependencies-and-lockfile:createNodes' 0.06754099950194359
[NX v21.5.1 Daemon Server] - 2025-09-11T06:49:33.229Z - Time taken for 'hash changed files from watcher' 0.3665410000830889ms
Time for 'nx/core/project-json:createNodes' 0.07483299914747477
Time for 'nx/core/package-json:createNodes' 0.26083399914205074
[NX v21.5.1 Daemon Server] - 2025-09-11T06:49:33.231Z - Time taken for 'build-project-configs' 0.9931250000372529ms
Time for 'build typescript dependencies' 0.010250000283122063
[NX v21.5.1 Daemon Server] - 2025-09-11T06:49:33.235Z - Wrote project graph cache to /Users/curiosity/tools/wcw/.nx/workspace-data/project-graph.json
[NX v21.5.1 Daemon Server] - 2025-09-11T06:49:33.235Z - [SYNC]: collect registered sync generators
[NX v21.5.1 Daemon Server] - 2025-09-11T06:49:33.235Z - [SYNC]: project graph hash is the same, not collecting task sync generators
[NX v21.5.1 Daemon Server] - 2025-09-11T06:49:33.235Z - [SYNC]: nx.json hash is the same, not collecting global sync generators
[NX v21.5.1 Daemon Server] - 2025-09-11T06:49:33.235Z - Time taken for 'total execution time for createProjectGraph()' 1.5633330000564456ms
[NX v21.5.1 Daemon Server] - 2025-09-11T06:49:38.595Z - [WATCHER]: apps/backend/src/main/java/com/shanergy/bprev/dto/LoginResponse.java was created or restored
[NX v21.5.1 Daemon Server] - 2025-09-11T06:49:38.596Z - [WATCHER]: Processing file changes in outputs
[NX v21.5.1 Daemon Server] - 2025-09-11T06:49:38.698Z - [REQUEST]: Updated workspace context based on watched changes, recomputing project graph...
[NX v21.5.1 Daemon Server] - 2025-09-11T06:49:38.698Z - [REQUEST]: apps/backend/src/main/java/com/shanergy/bprev/dto/LoginResponse.java
[NX v21.5.1 Daemon Server] - 2025-09-11T06:49:38.698Z - [REQUEST]: 
[NX v21.5.1 Daemon Server] - 2025-09-11T06:49:38.701Z - Time taken for 'hash changed files from watcher' 0.7277079997584224ms
Time for 'nx/js/dependencies-and-lockfile:createNodes' 0.12025000061839819
Time for 'nx/core/project-json:createNodes' 0.11612499970942736
Time for 'nx/core/package-json:createNodes' 0.3435830008238554
[NX v21.5.1 Daemon Server] - 2025-09-11T06:49:38.705Z - Time taken for 'build-project-configs' 1.4128750003874302ms
Time for 'build typescript dependencies' 0.02295800019055605
[NX v21.5.1 Daemon Server] - 2025-09-11T06:49:38.709Z - Wrote project graph cache to /Users/curiosity/tools/wcw/.nx/workspace-data/project-graph.json
[NX v21.5.1 Daemon Server] - 2025-09-11T06:49:38.709Z - [SYNC]: collect registered sync generators
[NX v21.5.1 Daemon Server] - 2025-09-11T06:49:38.710Z - [SYNC]: project graph hash is the same, not collecting task sync generators
[NX v21.5.1 Daemon Server] - 2025-09-11T06:49:38.710Z - [SYNC]: nx.json hash is the same, not collecting global sync generators
[NX v21.5.1 Daemon Server] - 2025-09-11T06:49:38.710Z - Time taken for 'total execution time for createProjectGraph()' 3.4558330001309514ms
[NX v21.5.1 Daemon Server] - 2025-09-11T06:49:39.075Z - [WATCHER]: apps/backend/target/classes/com/shanergy/bprev/dto/LoginResponse.class was created or restored
[NX v21.5.1 Daemon Server] - 2025-09-11T06:49:39.075Z - [WATCHER]: Processing file changes in outputs
[NX v21.5.1 Daemon Server] - 2025-09-11T06:49:39.176Z - [REQUEST]: Updated workspace context based on watched changes, recomputing project graph...
[NX v21.5.1 Daemon Server] - 2025-09-11T06:49:39.176Z - [REQUEST]: apps/backend/target/classes/com/shanergy/bprev/dto/LoginResponse.class
[NX v21.5.1 Daemon Server] - 2025-09-11T06:49:39.176Z - [REQUEST]: 
Time for 'nx/js/dependencies-and-lockfile:createNodes' 0.09866699948906898
[NX v21.5.1 Daemon Server] - 2025-09-11T06:49:39.178Z - Time taken for 'hash changed files from watcher' 0.21758300065994263ms
Time for 'nx/core/project-json:createNodes' 0.09675000049173832
Time for 'nx/core/package-json:createNodes' 0.3032080000266433
[NX v21.5.1 Daemon Server] - 2025-09-11T06:49:39.181Z - Time taken for 'build-project-configs' 2.0051249992102385ms
Time for 'build typescript dependencies' 0.014750000089406967
[NX v21.5.1 Daemon Server] - 2025-09-11T06:49:39.184Z - Wrote project graph cache to /Users/curiosity/tools/wcw/.nx/workspace-data/project-graph.json
[NX v21.5.1 Daemon Server] - 2025-09-11T06:49:39.185Z - [SYNC]: collect registered sync generators
[NX v21.5.1 Daemon Server] - 2025-09-11T06:49:39.185Z - [SYNC]: project graph hash is the same, not collecting task sync generators
[NX v21.5.1 Daemon Server] - 2025-09-11T06:49:39.185Z - [SYNC]: nx.json hash is the same, not collecting global sync generators
[NX v21.5.1 Daemon Server] - 2025-09-11T06:49:39.185Z - Time taken for 'total execution time for createProjectGraph()' 2.373583000153303ms
[NX v21.5.1 Daemon Server] - 2025-09-11T06:49:42.850Z - [WATCHER]: apps/backend/src/main/java/com/shanergy/bprev/dto/ErrorResponse.java was created or restored
[NX v21.5.1 Daemon Server] - 2025-09-11T06:49:42.851Z - [WATCHER]: Processing file changes in outputs
[NX v21.5.1 Daemon Server] - 2025-09-11T06:49:42.953Z - [REQUEST]: Updated workspace context based on watched changes, recomputing project graph...
[NX v21.5.1 Daemon Server] - 2025-09-11T06:49:42.953Z - [REQUEST]: apps/backend/src/main/java/com/shanergy/bprev/dto/ErrorResponse.java
[NX v21.5.1 Daemon Server] - 2025-09-11T06:49:42.953Z - [REQUEST]: 
[NX v21.5.1 Daemon Server] - 2025-09-11T06:49:42.955Z - Time taken for 'hash changed files from watcher' 0.5032500000670552ms
Time for 'nx/js/dependencies-and-lockfile:createNodes' 0.30316600017249584
Time for 'nx/core/project-json:createNodes' 0.17208299972116947
Time for 'nx/core/package-json:createNodes' 0.3860829994082451
[NX v21.5.1 Daemon Server] - 2025-09-11T06:49:42.958Z - Time taken for 'build-project-configs' 2.1086250003427267ms
Time for 'build typescript dependencies' 0.0190420001745224
[NX v21.5.1 Daemon Server] - 2025-09-11T06:49:42.960Z - Wrote project graph cache to /Users/curiosity/tools/wcw/.nx/workspace-data/project-graph.json
[NX v21.5.1 Daemon Server] - 2025-09-11T06:49:42.960Z - [SYNC]: collect registered sync generators
[NX v21.5.1 Daemon Server] - 2025-09-11T06:49:42.960Z - [SYNC]: project graph hash is the same, not collecting task sync generators
[NX v21.5.1 Daemon Server] - 2025-09-11T06:49:42.960Z - [SYNC]: nx.json hash is the same, not collecting global sync generators
[NX v21.5.1 Daemon Server] - 2025-09-11T06:49:42.960Z - Time taken for 'total execution time for createProjectGraph()' 1.363459000363946ms
[NX v21.5.1 Daemon Server] - 2025-09-11T06:49:43.316Z - [WATCHER]: Processing file changes in outputs
[NX v21.5.1 Daemon Server] - 2025-09-11T06:49:43.328Z - [WATCHER]: apps/backend/target/classes/com/shanergy/bprev/dto/ErrorResponse.class was created or restored
[NX v21.5.1 Daemon Server] - 2025-09-11T06:49:43.429Z - [REQUEST]: Updated workspace context based on watched changes, recomputing project graph...
[NX v21.5.1 Daemon Server] - 2025-09-11T06:49:43.429Z - [REQUEST]: apps/backend/target/classes/com/shanergy/bprev/dto/ErrorResponse.class
[NX v21.5.1 Daemon Server] - 2025-09-11T06:49:43.429Z - [REQUEST]: 
Time for 'nx/js/dependencies-and-lockfile:createNodes' 0.033125000074505806
Time for 'nx/core/project-json:createNodes' 0.04124999977648258
Time for 'nx/core/package-json:createNodes' 0.13358400017023087
[NX v21.5.1 Daemon Server] - 2025-09-11T06:49:43.431Z - Time taken for 'hash changed files from watcher' 0.17162499949336052ms
[NX v21.5.1 Daemon Server] - 2025-09-11T06:49:43.431Z - Time taken for 'build-project-configs' 0.8217500001192093ms
Time for 'build typescript dependencies' 0.00445799995213747
[NX v21.5.1 Daemon Server] - 2025-09-11T06:49:43.432Z - Wrote project graph cache to /Users/curiosity/tools/wcw/.nx/workspace-data/project-graph.json
[NX v21.5.1 Daemon Server] - 2025-09-11T06:49:43.432Z - [SYNC]: collect registered sync generators
[NX v21.5.1 Daemon Server] - 2025-09-11T06:49:43.432Z - [SYNC]: project graph hash is the same, not collecting task sync generators
[NX v21.5.1 Daemon Server] - 2025-09-11T06:49:43.432Z - [SYNC]: nx.json hash is the same, not collecting global sync generators
[NX v21.5.1 Daemon Server] - 2025-09-11T06:49:43.432Z - Time taken for 'total execution time for createProjectGraph()' 0.5016250004991889ms
[NX v21.5.1 Daemon Server] - 2025-09-11T06:49:48.641Z - [WATCHER]: apps/backend/src/main/java/com/shanergy/bprev/controller/AuthController.java was created or restored
[NX v21.5.1 Daemon Server] - 2025-09-11T06:49:48.641Z - [WATCHER]: Processing file changes in outputs
[NX v21.5.1 Daemon Server] - 2025-09-11T06:49:48.742Z - [REQUEST]: Updated workspace context based on watched changes, recomputing project graph...
[NX v21.5.1 Daemon Server] - 2025-09-11T06:49:48.742Z - [REQUEST]: apps/backend/src/main/java/com/shanergy/bprev/controller/AuthController.java
[NX v21.5.1 Daemon Server] - 2025-09-11T06:49:48.742Z - [REQUEST]: 
Time for 'nx/js/dependencies-and-lockfile:createNodes' 0.04762499965727329
[NX v21.5.1 Daemon Server] - 2025-09-11T06:49:48.743Z - Time taken for 'hash changed files from watcher' 0.45458400063216686ms
Time for 'nx/core/project-json:createNodes' 0.050250000320374966
Time for 'nx/core/package-json:createNodes' 0.1901249997317791
[NX v21.5.1 Daemon Server] - 2025-09-11T06:49:48.745Z - Time taken for 'build-project-configs' 0.625ms
Time for 'build typescript dependencies' 0.010292000137269497
[NX v21.5.1 Daemon Server] - 2025-09-11T06:49:48.748Z - Wrote project graph cache to /Users/curiosity/tools/wcw/.nx/workspace-data/project-graph.json
[NX v21.5.1 Daemon Server] - 2025-09-11T06:49:48.748Z - [SYNC]: collect registered sync generators
[NX v21.5.1 Daemon Server] - 2025-09-11T06:49:48.748Z - [SYNC]: project graph hash is the same, not collecting task sync generators
[NX v21.5.1 Daemon Server] - 2025-09-11T06:49:48.748Z - [SYNC]: nx.json hash is the same, not collecting global sync generators
[NX v21.5.1 Daemon Server] - 2025-09-11T06:49:48.748Z - Time taken for 'total execution time for createProjectGraph()' 1.9091250002384186ms
[NX v21.5.1 Daemon Server] - 2025-09-11T06:49:49.105Z - [WATCHER]: apps/backend/target/classes/com/shanergy/bprev/controller/AuthController.class was created or restored
[NX v21.5.1 Daemon Server] - 2025-09-11T06:49:49.105Z - [WATCHER]: Processing file changes in outputs
[NX v21.5.1 Daemon Server] - 2025-09-11T06:49:49.207Z - [REQUEST]: Updated workspace context based on watched changes, recomputing project graph...
[NX v21.5.1 Daemon Server] - 2025-09-11T06:49:49.207Z - [REQUEST]: apps/backend/target/classes/com/shanergy/bprev/controller/AuthController.class
[NX v21.5.1 Daemon Server] - 2025-09-11T06:49:49.207Z - [REQUEST]: 
Time for 'nx/js/dependencies-and-lockfile:createNodes' 0.07254199963063002
Time for 'nx/core/project-json:createNodes' 0.05154199991375208
Time for 'nx/core/package-json:createNodes' 0.1872500004246831
[NX v21.5.1 Daemon Server] - 2025-09-11T06:49:49.210Z - Time taken for 'hash changed files from watcher' 0.4495409997180104ms
[NX v21.5.1 Daemon Server] - 2025-09-11T06:49:49.212Z - Time taken for 'build-project-configs' 1.4678749991580844ms
Time for 'build typescript dependencies' 0.012292000465095043
[NX v21.5.1 Daemon Server] - 2025-09-11T06:49:49.214Z - Wrote project graph cache to /Users/curiosity/tools/wcw/.nx/workspace-data/project-graph.json
[NX v21.5.1 Daemon Server] - 2025-09-11T06:49:49.215Z - [SYNC]: collect registered sync generators
[NX v21.5.1 Daemon Server] - 2025-09-11T06:49:49.215Z - [SYNC]: project graph hash is the same, not collecting task sync generators
[NX v21.5.1 Daemon Server] - 2025-09-11T06:49:49.215Z - [SYNC]: nx.json hash is the same, not collecting global sync generators
[NX v21.5.1 Daemon Server] - 2025-09-11T06:49:49.215Z - Time taken for 'total execution time for createProjectGraph()' 1.615624999627471ms
[NX v21.5.1 Daemon Server] - 2025-09-11T06:49:52.488Z - [WATCHER]: apps/backend/src/main/java/com/shanergy/bprev/controller/ProtectedController.java was created or restored
[NX v21.5.1 Daemon Server] - 2025-09-11T06:49:52.488Z - [WATCHER]: Processing file changes in outputs
[NX v21.5.1 Daemon Server] - 2025-09-11T06:49:52.590Z - [REQUEST]: Updated workspace context based on watched changes, recomputing project graph...
[NX v21.5.1 Daemon Server] - 2025-09-11T06:49:52.590Z - [REQUEST]: apps/backend/src/main/java/com/shanergy/bprev/controller/ProtectedController.java
[NX v21.5.1 Daemon Server] - 2025-09-11T06:49:52.590Z - [REQUEST]: 
Time for 'nx/js/dependencies-and-lockfile:createNodes' 0.05674999952316284
Time for 'nx/core/project-json:createNodes' 0.06391699984669685
[NX v21.5.1 Daemon Server] - 2025-09-11T06:49:52.592Z - Time taken for 'hash changed files from watcher' 0.2393749998882413ms
Time for 'nx/core/package-json:createNodes' 0.24108299985527992
[NX v21.5.1 Daemon Server] - 2025-09-11T06:49:52.594Z - Time taken for 'build-project-configs' 1.4292090004310012ms
Time for 'build typescript dependencies' 0.011416999623179436
[NX v21.5.1 Daemon Server] - 2025-09-11T06:49:52.596Z - Wrote project graph cache to /Users/curiosity/tools/wcw/.nx/workspace-data/project-graph.json
[NX v21.5.1 Daemon Server] - 2025-09-11T06:49:52.596Z - [SYNC]: collect registered sync generators
[NX v21.5.1 Daemon Server] - 2025-09-11T06:49:52.596Z - [SYNC]: project graph hash is the same, not collecting task sync generators
[NX v21.5.1 Daemon Server] - 2025-09-11T06:49:52.596Z - [SYNC]: nx.json hash is the same, not collecting global sync generators
[NX v21.5.1 Daemon Server] - 2025-09-11T06:49:52.596Z - Time taken for 'total execution time for createProjectGraph()' 1.3189169997349381ms
[NX v21.5.1 Daemon Server] - 2025-09-11T06:49:52.955Z - [WATCHER]: apps/backend/target/classes/com/shanergy/bprev/controller/ProtectedController.class was created or restored
[NX v21.5.1 Daemon Server] - 2025-09-11T06:49:52.955Z - [WATCHER]: Processing file changes in outputs
[NX v21.5.1 Daemon Server] - 2025-09-11T06:49:53.057Z - [REQUEST]: Updated workspace context based on watched changes, recomputing project graph...
[NX v21.5.1 Daemon Server] - 2025-09-11T06:49:53.057Z - [REQUEST]: apps/backend/target/classes/com/shanergy/bprev/controller/ProtectedController.class
[NX v21.5.1 Daemon Server] - 2025-09-11T06:49:53.057Z - [REQUEST]: 
Time for 'nx/js/dependencies-and-lockfile:createNodes' 0.09941700007766485
[NX v21.5.1 Daemon Server] - 2025-09-11T06:49:53.059Z - Time taken for 'hash changed files from watcher' 0.3252499997615814ms
Time for 'nx/core/project-json:createNodes' 0.10345800034701824
Time for 'nx/core/package-json:createNodes' 0.4118750002235174
[NX v21.5.1 Daemon Server] - 2025-09-11T06:49:53.062Z - Time taken for 'build-project-configs' 1.5836669998243451ms
Time for 'build typescript dependencies' 0.0164580000564456
[NX v21.5.1 Daemon Server] - 2025-09-11T06:49:53.066Z - Wrote project graph cache to /Users/curiosity/tools/wcw/.nx/workspace-data/project-graph.json
[NX v21.5.1 Daemon Server] - 2025-09-11T06:49:53.066Z - [SYNC]: collect registered sync generators
[NX v21.5.1 Daemon Server] - 2025-09-11T06:49:53.066Z - [SYNC]: project graph hash is the same, not collecting task sync generators
[NX v21.5.1 Daemon Server] - 2025-09-11T06:49:53.066Z - [SYNC]: nx.json hash is the same, not collecting global sync generators
[NX v21.5.1 Daemon Server] - 2025-09-11T06:49:53.067Z - Time taken for 'total execution time for createProjectGraph()' 2.6265420001000166ms
[NX v21.5.1 Daemon Server] - 2025-09-11T06:49:56.906Z - [WATCHER]: apps/backend/src/main/java/com/shanergy/bprev/controller/RestExceptionHandler.java was created or restored
[NX v21.5.1 Daemon Server] - 2025-09-11T06:49:56.906Z - [WATCHER]: Processing file changes in outputs
[NX v21.5.1 Daemon Server] - 2025-09-11T06:49:57.007Z - [REQUEST]: Updated workspace context based on watched changes, recomputing project graph...
[NX v21.5.1 Daemon Server] - 2025-09-11T06:49:57.007Z - [REQUEST]: apps/backend/src/main/java/com/shanergy/bprev/controller/RestExceptionHandler.java
[NX v21.5.1 Daemon Server] - 2025-09-11T06:49:57.007Z - [REQUEST]: 
Time for 'nx/js/dependencies-and-lockfile:createNodes' 0.10587500035762787
Time for 'nx/core/project-json:createNodes' 0.1170420004054904
[NX v21.5.1 Daemon Server] - 2025-09-11T06:49:57.010Z - Time taken for 'hash changed files from watcher' 0.30808399990200996ms
Time for 'nx/core/package-json:createNodes' 0.34733300004154444
[NX v21.5.1 Daemon Server] - 2025-09-11T06:49:57.013Z - Time taken for 'build-project-configs' 1.8193750008940697ms
Time for 'build typescript dependencies' 0.011374999769032001
[NX v21.5.1 Daemon Server] - 2025-09-11T06:49:57.015Z - Wrote project graph cache to /Users/curiosity/tools/wcw/.nx/workspace-data/project-graph.json
[NX v21.5.1 Daemon Server] - 2025-09-11T06:49:57.015Z - [SYNC]: collect registered sync generators
[NX v21.5.1 Daemon Server] - 2025-09-11T06:49:57.016Z - [SYNC]: project graph hash is the same, not collecting task sync generators
[NX v21.5.1 Daemon Server] - 2025-09-11T06:49:57.016Z - [SYNC]: nx.json hash is the same, not collecting global sync generators
[NX v21.5.1 Daemon Server] - 2025-09-11T06:49:57.016Z - Time taken for 'total execution time for createProjectGraph()' 2.9725839998573065ms
[NX v21.5.1 Daemon Server] - 2025-09-11T06:49:57.376Z - [WATCHER]: apps/backend/target/classes/com/shanergy/bprev/controller/RestExceptionHandler.class was created or restored
[NX v21.5.1 Daemon Server] - 2025-09-11T06:49:57.376Z - [WATCHER]: Processing file changes in outputs
[NX v21.5.1 Daemon Server] - 2025-09-11T06:49:57.478Z - [REQUEST]: Updated workspace context based on watched changes, recomputing project graph...
[NX v21.5.1 Daemon Server] - 2025-09-11T06:49:57.478Z - [REQUEST]: apps/backend/target/classes/com/shanergy/bprev/controller/RestExceptionHandler.class
[NX v21.5.1 Daemon Server] - 2025-09-11T06:49:57.478Z - [REQUEST]: 
Time for 'nx/js/dependencies-and-lockfile:createNodes' 0.06558299995958805
[NX v21.5.1 Daemon Server] - 2025-09-11T06:49:57.480Z - Time taken for 'hash changed files from watcher' 0.4856249997392297ms
Time for 'nx/core/project-json:createNodes' 0.19441600050777197
Time for 'nx/core/package-json:createNodes' 0.4570840001106262
[NX v21.5.1 Daemon Server] - 2025-09-11T06:49:57.483Z - Time taken for 'build-project-configs' 1.1201670002192259ms
Time for 'build typescript dependencies' 0.015584000386297703
[NX v21.5.1 Daemon Server] - 2025-09-11T06:49:57.486Z - Wrote project graph cache to /Users/curiosity/tools/wcw/.nx/workspace-data/project-graph.json
[NX v21.5.1 Daemon Server] - 2025-09-11T06:49:57.486Z - [SYNC]: collect registered sync generators
[NX v21.5.1 Daemon Server] - 2025-09-11T06:49:57.486Z - [SYNC]: project graph hash is the same, not collecting task sync generators
[NX v21.5.1 Daemon Server] - 2025-09-11T06:49:57.486Z - [SYNC]: nx.json hash is the same, not collecting global sync generators
[NX v21.5.1 Daemon Server] - 2025-09-11T06:49:57.486Z - Time taken for 'total execution time for createProjectGraph()' 2.4172910004854202ms
[NX v21.5.1 Daemon Server] - 2025-09-11T06:50:05.105Z - [WATCHER]: apps/backend/src/test/java/com/shanergy/bprev/security/SecurityPublicEndpointsTest.java was created or restored
[NX v21.5.1 Daemon Server] - 2025-09-11T06:50:05.105Z - [WATCHER]: Processing file changes in outputs
[NX v21.5.1 Daemon Server] - 2025-09-11T06:50:05.207Z - [REQUEST]: Updated workspace context based on watched changes, recomputing project graph...
[NX v21.5.1 Daemon Server] - 2025-09-11T06:50:05.207Z - [REQUEST]: apps/backend/src/test/java/com/shanergy/bprev/security/SecurityPublicEndpointsTest.java
[NX v21.5.1 Daemon Server] - 2025-09-11T06:50:05.207Z - [REQUEST]: 
[NX v21.5.1 Daemon Server] - 2025-09-11T06:50:05.208Z - Time taken for 'hash changed files from watcher' 0.2805000003427267ms
Time for 'nx/js/dependencies-and-lockfile:createNodes' 0.05687499977648258
Time for 'nx/core/project-json:createNodes' 0.07254200056195259
Time for 'nx/core/package-json:createNodes' 0.19824999943375587
[NX v21.5.1 Daemon Server] - 2025-09-11T06:50:05.210Z - Time taken for 'build-project-configs' 0.6395000005140901ms
Time for 'build typescript dependencies' 0.006207999773323536
[NX v21.5.1 Daemon Server] - 2025-09-11T06:50:05.211Z - Wrote project graph cache to /Users/curiosity/tools/wcw/.nx/workspace-data/project-graph.json
[NX v21.5.1 Daemon Server] - 2025-09-11T06:50:05.211Z - [SYNC]: collect registered sync generators
[NX v21.5.1 Daemon Server] - 2025-09-11T06:50:05.211Z - [SYNC]: project graph hash is the same, not collecting task sync generators
[NX v21.5.1 Daemon Server] - 2025-09-11T06:50:05.211Z - [SYNC]: nx.json hash is the same, not collecting global sync generators
[NX v21.5.1 Daemon Server] - 2025-09-11T06:50:05.211Z - Time taken for 'total execution time for createProjectGraph()' 0.9036670001223683ms
[NX v21.5.1 Daemon Server] - 2025-09-11T06:50:05.605Z - [WATCHER]: apps/backend/target/test-classes/com/shanergy/bprev/security/SecurityPublicEndpointsTest.class was created or restored
[NX v21.5.1 Daemon Server] - 2025-09-11T06:50:05.605Z - [WATCHER]: Processing file changes in outputs
[NX v21.5.1 Daemon Server] - 2025-09-11T06:50:05.708Z - [REQUEST]: Updated workspace context based on watched changes, recomputing project graph...
[NX v21.5.1 Daemon Server] - 2025-09-11T06:50:05.708Z - [REQUEST]: apps/backend/target/test-classes/com/shanergy/bprev/security/SecurityPublicEndpointsTest.class
[NX v21.5.1 Daemon Server] - 2025-09-11T06:50:05.708Z - [REQUEST]: 
Time for 'nx/js/dependencies-and-lockfile:createNodes' 0.08391699939966202
[NX v21.5.1 Daemon Server] - 2025-09-11T06:50:05.710Z - Time taken for 'hash changed files from watcher' 0.4142080005258322ms
Time for 'nx/core/project-json:createNodes' 0.07083399966359138
Time for 'nx/core/package-json:createNodes' 0.48529199976474047
[NX v21.5.1 Daemon Server] - 2025-09-11T06:50:05.713Z - Time taken for 'build-project-configs' 1.4752500001341105ms
Time for 'build typescript dependencies' 0.014582999981939793
[NX v21.5.1 Daemon Server] - 2025-09-11T06:50:05.716Z - Wrote project graph cache to /Users/curiosity/tools/wcw/.nx/workspace-data/project-graph.json
[NX v21.5.1 Daemon Server] - 2025-09-11T06:50:05.716Z - [SYNC]: collect registered sync generators
[NX v21.5.1 Daemon Server] - 2025-09-11T06:50:05.716Z - [SYNC]: project graph hash is the same, not collecting task sync generators
[NX v21.5.1 Daemon Server] - 2025-09-11T06:50:05.716Z - [SYNC]: nx.json hash is the same, not collecting global sync generators
[NX v21.5.1 Daemon Server] - 2025-09-11T06:50:05.717Z - Time taken for 'total execution time for createProjectGraph()' 1.9461249997839332ms
[NX v21.5.1 Daemon Server] - 2025-09-11T06:50:12.894Z - [WATCHER]: apps/backend/src/test/java/com/shanergy/bprev/security/SecurityProtectedEndpointsTest.java was created or restored
[NX v21.5.1 Daemon Server] - 2025-09-11T06:50:12.895Z - [WATCHER]: Processing file changes in outputs
[NX v21.5.1 Daemon Server] - 2025-09-11T06:50:12.997Z - [REQUEST]: Updated workspace context based on watched changes, recomputing project graph...
[NX v21.5.1 Daemon Server] - 2025-09-11T06:50:12.997Z - [REQUEST]: apps/backend/src/test/java/com/shanergy/bprev/security/SecurityProtectedEndpointsTest.java
[NX v21.5.1 Daemon Server] - 2025-09-11T06:50:12.997Z - [REQUEST]: 
Time for 'nx/js/dependencies-and-lockfile:createNodes' 0.054708000272512436
[NX v21.5.1 Daemon Server] - 2025-09-11T06:50:12.998Z - Time taken for 'hash changed files from watcher' 0.4485829994082451ms
Time for 'nx/core/project-json:createNodes' 0.09079200029373169
Time for 'nx/core/package-json:createNodes' 0.3051249999552965
[NX v21.5.1 Daemon Server] - 2025-09-11T06:50:13.000Z - Time taken for 'build-project-configs' 1.153792000375688ms
Time for 'build typescript dependencies' 0.012416000477969646
[NX v21.5.1 Daemon Server] - 2025-09-11T06:50:13.004Z - Wrote project graph cache to /Users/curiosity/tools/wcw/.nx/workspace-data/project-graph.json
[NX v21.5.1 Daemon Server] - 2025-09-11T06:50:13.004Z - [SYNC]: collect registered sync generators
[NX v21.5.1 Daemon Server] - 2025-09-11T06:50:13.004Z - [SYNC]: project graph hash is the same, not collecting task sync generators
[NX v21.5.1 Daemon Server] - 2025-09-11T06:50:13.004Z - [SYNC]: nx.json hash is the same, not collecting global sync generators
[NX v21.5.1 Daemon Server] - 2025-09-11T06:50:13.004Z - Time taken for 'total execution time for createProjectGraph()' 1.8131670001894236ms
[NX v21.5.1 Daemon Server] - 2025-09-11T06:50:13.405Z - [WATCHER]: Processing file changes in outputs
[NX v21.5.1 Daemon Server] - 2025-09-11T06:50:13.406Z - [WATCHER]: apps/backend/target/test-classes/com/shanergy/bprev/security/SecurityProtectedEndpointsTest.class was created or restored
[NX v21.5.1 Daemon Server] - 2025-09-11T06:50:13.507Z - [REQUEST]: Updated workspace context based on watched changes, recomputing project graph...
[NX v21.5.1 Daemon Server] - 2025-09-11T06:50:13.507Z - [REQUEST]: apps/backend/target/test-classes/com/shanergy/bprev/security/SecurityProtectedEndpointsTest.class
[NX v21.5.1 Daemon Server] - 2025-09-11T06:50:13.507Z - [REQUEST]: 
Time for 'nx/js/dependencies-and-lockfile:createNodes' 0.06145799998193979
[NX v21.5.1 Daemon Server] - 2025-09-11T06:50:13.508Z - Time taken for 'hash changed files from watcher' 0.2845000000670552ms
Time for 'nx/core/project-json:createNodes' 0.06116700079292059
Time for 'nx/core/package-json:createNodes' 0.1997910002246499
[NX v21.5.1 Daemon Server] - 2025-09-11T06:50:13.510Z - Time taken for 'build-project-configs' 0.8382500000298023ms
Time for 'build typescript dependencies' 0.010041999630630016
[NX v21.5.1 Daemon Server] - 2025-09-11T06:50:13.513Z - Wrote project graph cache to /Users/curiosity/tools/wcw/.nx/workspace-data/project-graph.json
[NX v21.5.1 Daemon Server] - 2025-09-11T06:50:13.513Z - [SYNC]: collect registered sync generators
[NX v21.5.1 Daemon Server] - 2025-09-11T06:50:13.513Z - [SYNC]: project graph hash is the same, not collecting task sync generators
[NX v21.5.1 Daemon Server] - 2025-09-11T06:50:13.513Z - [SYNC]: nx.json hash is the same, not collecting global sync generators
[NX v21.5.1 Daemon Server] - 2025-09-11T06:50:13.513Z - Time taken for 'total execution time for createProjectGraph()' 1.700207999907434ms
[NX v21.5.1 Daemon Server] - 2025-09-11T06:50:28.396Z - [WATCHER]: apps/backend/src/main/java/com/shanergy/bprev/security/RestAuthenticationEntryPoint.java was created or restored
[NX v21.5.1 Daemon Server] - 2025-09-11T06:50:28.396Z - [WATCHER]: Processing file changes in outputs
[NX v21.5.1 Daemon Server] - 2025-09-11T06:50:28.499Z - [REQUEST]: Updated workspace context based on watched changes, recomputing project graph...
[NX v21.5.1 Daemon Server] - 2025-09-11T06:50:28.499Z - [REQUEST]: apps/backend/src/main/java/com/shanergy/bprev/security/RestAuthenticationEntryPoint.java
[NX v21.5.1 Daemon Server] - 2025-09-11T06:50:28.499Z - [REQUEST]: 
Time for 'nx/js/dependencies-and-lockfile:createNodes' 0.08745899982750416
[NX v21.5.1 Daemon Server] - 2025-09-11T06:50:28.500Z - Time taken for 'hash changed files from watcher' 0.4962499998509884ms
Time for 'nx/core/project-json:createNodes' 0.06883400026708841
Time for 'nx/core/package-json:createNodes' 0.3142919996753335
[NX v21.5.1 Daemon Server] - 2025-09-11T06:50:28.504Z - Time taken for 'build-project-configs' 1.0324579998850822ms
Time for 'build typescript dependencies' 0.01333400048315525
[NX v21.5.1 Daemon Server] - 2025-09-11T06:50:28.507Z - Wrote project graph cache to /Users/curiosity/tools/wcw/.nx/workspace-data/project-graph.json
[NX v21.5.1 Daemon Server] - 2025-09-11T06:50:28.507Z - [SYNC]: collect registered sync generators
[NX v21.5.1 Daemon Server] - 2025-09-11T06:50:28.507Z - [SYNC]: project graph hash is the same, not collecting task sync generators
[NX v21.5.1 Daemon Server] - 2025-09-11T06:50:28.507Z - [SYNC]: nx.json hash is the same, not collecting global sync generators
[NX v21.5.1 Daemon Server] - 2025-09-11T06:50:28.508Z - Time taken for 'total execution time for createProjectGraph()' 2.8964170003309846ms
[NX v21.5.1 Daemon Server] - 2025-09-11T06:50:28.944Z - [WATCHER]: Processing file changes in outputs
[NX v21.5.1 Daemon Server] - 2025-09-11T06:50:28.945Z - [WATCHER]: apps/backend/target/classes/com/shanergy/bprev/security/RestAuthenticationEntryPoint.class was created or restored
[NX v21.5.1 Daemon Server] - 2025-09-11T06:50:29.048Z - [REQUEST]: Updated workspace context based on watched changes, recomputing project graph...
[NX v21.5.1 Daemon Server] - 2025-09-11T06:50:29.048Z - [REQUEST]: apps/backend/target/classes/com/shanergy/bprev/security/RestAuthenticationEntryPoint.class
[NX v21.5.1 Daemon Server] - 2025-09-11T06:50:29.048Z - [REQUEST]: 
Time for 'nx/js/dependencies-and-lockfile:createNodes' 0.045332999899983406
[NX v21.5.1 Daemon Server] - 2025-09-11T06:50:29.049Z - Time taken for 'hash changed files from watcher' 0.29704099986702204ms
Time for 'nx/core/project-json:createNodes' 0.07962500024586916
Time for 'nx/core/package-json:createNodes' 0.23920900002121925
[NX v21.5.1 Daemon Server] - 2025-09-11T06:50:29.050Z - Time taken for 'build-project-configs' 0.7618749998509884ms
Time for 'build typescript dependencies' 0.013875000178813934
[NX v21.5.1 Daemon Server] - 2025-09-11T06:50:29.053Z - Wrote project graph cache to /Users/curiosity/tools/wcw/.nx/workspace-data/project-graph.json
[NX v21.5.1 Daemon Server] - 2025-09-11T06:50:29.053Z - [SYNC]: collect registered sync generators
[NX v21.5.1 Daemon Server] - 2025-09-11T06:50:29.053Z - [SYNC]: project graph hash is the same, not collecting task sync generators
[NX v21.5.1 Daemon Server] - 2025-09-11T06:50:29.054Z - [SYNC]: nx.json hash is the same, not collecting global sync generators
[NX v21.5.1 Daemon Server] - 2025-09-11T06:50:29.054Z - Time taken for 'total execution time for createProjectGraph()' 1.4395000003278255ms
[NX v21.5.1 Daemon Server] - 2025-09-11T06:50:39.135Z - [WATCHER]: apps/backend/src/main/java/com/shanergy/bprev/security/RestAccessDeniedHandler.java was created or restored
[NX v21.5.1 Daemon Server] - 2025-09-11T06:50:39.136Z - [WATCHER]: Processing file changes in outputs
[NX v21.5.1 Daemon Server] - 2025-09-11T06:50:39.237Z - [REQUEST]: Updated workspace context based on watched changes, recomputing project graph...
[NX v21.5.1 Daemon Server] - 2025-09-11T06:50:39.237Z - [REQUEST]: apps/backend/src/main/java/com/shanergy/bprev/security/RestAccessDeniedHandler.java
[NX v21.5.1 Daemon Server] - 2025-09-11T06:50:39.237Z - [REQUEST]: 
[NX v21.5.1 Daemon Server] - 2025-09-11T06:50:39.240Z - Time taken for 'hash changed files from watcher' 0.5210409993305802ms
Time for 'nx/core/project-json:createNodes' 0.71870799921453
Time for 'nx/js/dependencies-and-lockfile:createNodes' 1.0088330004364252
Time for 'nx/core/package-json:createNodes' 1.3913749996572733
[NX v21.5.1 Daemon Server] - 2025-09-11T06:50:39.248Z - Time taken for 'build-project-configs' 7.667917000129819ms
Time for 'build typescript dependencies' 0.01983299944549799
[NX v21.5.1 Daemon Server] - 2025-09-11T06:50:39.251Z - Wrote project graph cache to /Users/curiosity/tools/wcw/.nx/workspace-data/project-graph.json
[NX v21.5.1 Daemon Server] - 2025-09-11T06:50:39.251Z - [SYNC]: collect registered sync generators
[NX v21.5.1 Daemon Server] - 2025-09-11T06:50:39.251Z - [SYNC]: project graph hash is the same, not collecting task sync generators
[NX v21.5.1 Daemon Server] - 2025-09-11T06:50:39.251Z - [SYNC]: nx.json hash is the same, not collecting global sync generators
[NX v21.5.1 Daemon Server] - 2025-09-11T06:50:39.251Z - Time taken for 'total execution time for createProjectGraph()' 2.343917000107467ms
[NX v21.5.1 Daemon Server] - 2025-09-11T06:50:39.641Z - [WATCHER]: apps/backend/target/classes/com/shanergy/bprev/security/RestAccessDeniedHandler.class was created or restored
[NX v21.5.1 Daemon Server] - 2025-09-11T06:50:39.641Z - [WATCHER]: Processing file changes in outputs
[NX v21.5.1 Daemon Server] - 2025-09-11T06:50:39.742Z - [REQUEST]: Updated workspace context based on watched changes, recomputing project graph...
[NX v21.5.1 Daemon Server] - 2025-09-11T06:50:39.742Z - [REQUEST]: apps/backend/target/classes/com/shanergy/bprev/security/RestAccessDeniedHandler.class
[NX v21.5.1 Daemon Server] - 2025-09-11T06:50:39.742Z - [REQUEST]: 
Time for 'nx/js/dependencies-and-lockfile:createNodes' 0.11220899969339371
[NX v21.5.1 Daemon Server] - 2025-09-11T06:50:39.744Z - Time taken for 'hash changed files from watcher' 0.4319159993901849ms
Time for 'nx/core/project-json:createNodes' 0.10699999984353781
Time for 'nx/core/package-json:createNodes' 0.37595800030976534
[NX v21.5.1 Daemon Server] - 2025-09-11T06:50:39.747Z - Time taken for 'build-project-configs' 1.3987499997019768ms
Time for 'build typescript dependencies' 0.009916000068187714
[NX v21.5.1 Daemon Server] - 2025-09-11T06:50:39.749Z - Wrote project graph cache to /Users/curiosity/tools/wcw/.nx/workspace-data/project-graph.json
[NX v21.5.1 Daemon Server] - 2025-09-11T06:50:39.749Z - [SYNC]: collect registered sync generators
[NX v21.5.1 Daemon Server] - 2025-09-11T06:50:39.750Z - [SYNC]: project graph hash is the same, not collecting task sync generators
[NX v21.5.1 Daemon Server] - 2025-09-11T06:50:39.750Z - [SYNC]: nx.json hash is the same, not collecting global sync generators
[NX v21.5.1 Daemon Server] - 2025-09-11T06:50:39.750Z - Time taken for 'total execution time for createProjectGraph()' 1.8912080004811287ms
[NX v21.5.1 Daemon Server] - 2025-09-11T06:50:44.800Z - [WATCHER]: apps/backend/src/main/java/com/shanergy/bprev/security/SecurityConfig.java was modified
[NX v21.5.1 Daemon Server] - 2025-09-11T06:50:44.801Z - [WATCHER]: Processing file changes in outputs
[NX v21.5.1 Daemon Server] - 2025-09-11T06:50:45.002Z - [REQUEST]: Updated workspace context based on watched changes, recomputing project graph...
[NX v21.5.1 Daemon Server] - 2025-09-11T06:50:45.002Z - [REQUEST]: apps/backend/src/main/java/com/shanergy/bprev/security/SecurityConfig.java
[NX v21.5.1 Daemon Server] - 2025-09-11T06:50:45.002Z - [REQUEST]: 
[NX v21.5.1 Daemon Server] - 2025-09-11T06:50:45.002Z - Time taken for 'hash changed files from watcher' 0.1291669998317957ms
Time for 'nx/js/dependencies-and-lockfile:createNodes' 0.03524999972432852
Time for 'nx/core/project-json:createNodes' 0.0417919997125864
Time for 'nx/core/package-json:createNodes' 0.10245800018310547
[NX v21.5.1 Daemon Server] - 2025-09-11T06:50:45.003Z - Time taken for 'build-project-configs' 0.5113329999148846ms
Time for 'build typescript dependencies' 0.004165999591350555
[NX v21.5.1 Daemon Server] - 2025-09-11T06:50:45.005Z - Wrote project graph cache to /Users/curiosity/tools/wcw/.nx/workspace-data/project-graph.json
[NX v21.5.1 Daemon Server] - 2025-09-11T06:50:45.005Z - [SYNC]: collect registered sync generators
[NX v21.5.1 Daemon Server] - 2025-09-11T06:50:45.005Z - [SYNC]: project graph hash is the same, not collecting task sync generators
[NX v21.5.1 Daemon Server] - 2025-09-11T06:50:45.005Z - [SYNC]: nx.json hash is the same, not collecting global sync generators
[NX v21.5.1 Daemon Server] - 2025-09-11T06:50:45.005Z - Time taken for 'total execution time for createProjectGraph()' 0.7387089999392629ms
[NX v21.5.1 Daemon Server] - 2025-09-11T06:50:45.286Z - [WATCHER]: apps/backend/target/classes/com/shanergy/bprev/security/SecurityConfig.class was modified
[NX v21.5.1 Daemon Server] - 2025-09-11T06:50:45.286Z - [WATCHER]: Processing file changes in outputs
[NX v21.5.1 Daemon Server] - 2025-09-11T06:50:45.687Z - [REQUEST]: Updated workspace context based on watched changes, recomputing project graph...
[NX v21.5.1 Daemon Server] - 2025-09-11T06:50:45.687Z - [REQUEST]: apps/backend/target/classes/com/shanergy/bprev/security/SecurityConfig.class
[NX v21.5.1 Daemon Server] - 2025-09-11T06:50:45.687Z - [REQUEST]: 
[NX v21.5.1 Daemon Server] - 2025-09-11T06:50:45.689Z - Time taken for 'hash changed files from watcher' 0.39483300037682056ms
Time for 'nx/js/dependencies-and-lockfile:createNodes' 0.04516599979251623
Time for 'nx/core/project-json:createNodes' 0.049583000130951405
Time for 'nx/core/package-json:createNodes' 0.21100000012665987
[NX v21.5.1 Daemon Server] - 2025-09-11T06:50:45.690Z - Time taken for 'build-project-configs' 0.6678750002756715ms
Time for 'build typescript dependencies' 0.013166000135242939
[NX v21.5.1 Daemon Server] - 2025-09-11T06:50:45.693Z - Wrote project graph cache to /Users/curiosity/tools/wcw/.nx/workspace-data/project-graph.json
[NX v21.5.1 Daemon Server] - 2025-09-11T06:50:45.693Z - [SYNC]: collect registered sync generators
[NX v21.5.1 Daemon Server] - 2025-09-11T06:50:45.694Z - [SYNC]: project graph hash is the same, not collecting task sync generators
[NX v21.5.1 Daemon Server] - 2025-09-11T06:50:45.694Z - [SYNC]: nx.json hash is the same, not collecting global sync generators
[NX v21.5.1 Daemon Server] - 2025-09-11T06:50:45.694Z - Time taken for 'total execution time for createProjectGraph()' 1.601083000190556ms
[NX v21.5.1 Daemon Server] - 2025-09-11T06:53:37.487Z - [WATCHER]: apps/backend/src/main/java/com/shanergy/bprev/security/SecurityConfig.java was modified
[NX v21.5.1 Daemon Server] - 2025-09-11T06:53:37.489Z - [WATCHER]: Processing file changes in outputs
[NX v21.5.1 Daemon Server] - 2025-09-11T06:53:38.086Z - [WATCHER]: apps/backend/target/classes/com/shanergy/bprev/security/SecurityConfig.class was modified
[NX v21.5.1 Daemon Server] - 2025-09-11T06:53:38.086Z - [WATCHER]: Processing file changes in outputs
[NX v21.5.1 Daemon Server] - 2025-09-11T06:53:38.291Z - [REQUEST]: Updated workspace context based on watched changes, recomputing project graph...
[NX v21.5.1 Daemon Server] - 2025-09-11T06:53:38.291Z - [REQUEST]: apps/backend/src/main/java/com/shanergy/bprev/security/SecurityConfig.java,apps/backend/target/classes/com/shanergy/bprev/security/SecurityConfig.class
[NX v21.5.1 Daemon Server] - 2025-09-11T06:53:38.291Z - [REQUEST]: 
[NX v21.5.1 Daemon Server] - 2025-09-11T06:53:38.295Z - Time taken for 'hash changed files from watcher' 0.7203329997137189ms
Time for 'nx/js/dependencies-and-lockfile:createNodes' 0.6807920001447201
Time for 'nx/core/project-json:createNodes' 0.5371670005843043
Time for 'nx/core/package-json:createNodes' 1.5209579998627305
[NX v21.5.1 Daemon Server] - 2025-09-11T06:53:38.304Z - Time taken for 'build-project-configs' 7.409667000174522ms
Time for 'build typescript dependencies' 0.04091600049287081
[NX v21.5.1 Daemon Server] - 2025-09-11T06:53:38.308Z - Wrote project graph cache to /Users/curiosity/tools/wcw/.nx/workspace-data/project-graph.json
[NX v21.5.1 Daemon Server] - 2025-09-11T06:53:38.308Z - [SYNC]: collect registered sync generators
[NX v21.5.1 Daemon Server] - 2025-09-11T06:53:38.309Z - [SYNC]: project graph hash is the same, not collecting task sync generators
[NX v21.5.1 Daemon Server] - 2025-09-11T06:53:38.309Z - [SYNC]: nx.json hash is the same, not collecting global sync generators
[NX v21.5.1 Daemon Server] - 2025-09-11T06:53:38.309Z - Time taken for 'total execution time for createProjectGraph()' 3.8952089995145798ms
[NX v21.5.1 Daemon Server] - 2025-09-11T06:53:43.177Z - [WATCHER]: apps/backend/src/main/resources/data.sql was created or restored
[NX v21.5.1 Daemon Server] - 2025-09-11T06:53:43.178Z - [WATCHER]: Processing file changes in outputs
[NX v21.5.1 Daemon Server] - 2025-09-11T06:53:43.280Z - [REQUEST]: Updated workspace context based on watched changes, recomputing project graph...
[NX v21.5.1 Daemon Server] - 2025-09-11T06:53:43.280Z - [REQUEST]: apps/backend/src/main/resources/data.sql
[NX v21.5.1 Daemon Server] - 2025-09-11T06:53:43.281Z - [REQUEST]: 
Time for 'nx/js/dependencies-and-lockfile:createNodes' 0.07345800008624792
Time for 'nx/core/project-json:createNodes' 0.10812499932944775
[NX v21.5.1 Daemon Server] - 2025-09-11T06:53:43.283Z - Time taken for 'hash changed files from watcher' 0.7825829992070794ms
Time for 'nx/core/package-json:createNodes' 0.26912499964237213
[NX v21.5.1 Daemon Server] - 2025-09-11T06:53:43.287Z - Time taken for 'build-project-configs' 1.0695000002160668ms
Time for 'build typescript dependencies' 0.01370800007134676
[NX v21.5.1 Daemon Server] - 2025-09-11T06:53:43.291Z - Wrote project graph cache to /Users/curiosity/tools/wcw/.nx/workspace-data/project-graph.json
[NX v21.5.1 Daemon Server] - 2025-09-11T06:53:43.291Z - [SYNC]: collect registered sync generators
[NX v21.5.1 Daemon Server] - 2025-09-11T06:53:43.291Z - [SYNC]: project graph hash is the same, not collecting task sync generators
[NX v21.5.1 Daemon Server] - 2025-09-11T06:53:43.291Z - [SYNC]: nx.json hash is the same, not collecting global sync generators
[NX v21.5.1 Daemon Server] - 2025-09-11T06:53:43.291Z - Time taken for 'total execution time for createProjectGraph()' 2.888875000178814ms
[NX v21.5.1 Daemon Server] - 2025-09-11T06:53:43.653Z - [WATCHER]: apps/backend/target/classes/data.sql was created or restored
[NX v21.5.1 Daemon Server] - 2025-09-11T06:53:43.653Z - [WATCHER]: Processing file changes in outputs
[NX v21.5.1 Daemon Server] - 2025-09-11T06:53:43.755Z - [REQUEST]: Updated workspace context based on watched changes, recomputing project graph...
[NX v21.5.1 Daemon Server] - 2025-09-11T06:53:43.755Z - [REQUEST]: apps/backend/target/classes/data.sql
[NX v21.5.1 Daemon Server] - 2025-09-11T06:53:43.756Z - [REQUEST]: 
Time for 'nx/js/dependencies-and-lockfile:createNodes' 0.07287499960511923
[NX v21.5.1 Daemon Server] - 2025-09-11T06:53:43.758Z - Time taken for 'hash changed files from watcher' 0.5115419998764992ms
Time for 'nx/core/project-json:createNodes' 0.09812500048428774
Time for 'nx/core/package-json:createNodes' 0.3319999994710088
[NX v21.5.1 Daemon Server] - 2025-09-11T06:53:43.761Z - Time taken for 'build-project-configs' 1.1449579996988177ms
Time for 'build typescript dependencies' 0.01779200043529272
[NX v21.5.1 Daemon Server] - 2025-09-11T06:53:43.766Z - Wrote project graph cache to /Users/curiosity/tools/wcw/.nx/workspace-data/project-graph.json
[NX v21.5.1 Daemon Server] - 2025-09-11T06:53:43.767Z - [SYNC]: collect registered sync generators
[NX v21.5.1 Daemon Server] - 2025-09-11T06:53:43.767Z - [SYNC]: project graph hash is the same, not collecting task sync generators
[NX v21.5.1 Daemon Server] - 2025-09-11T06:53:43.767Z - [SYNC]: nx.json hash is the same, not collecting global sync generators
[NX v21.5.1 Daemon Server] - 2025-09-11T06:53:43.767Z - Time taken for 'total execution time for createProjectGraph()' 2.6527080005034804ms
[NX v21.5.1 Daemon Server] - 2025-09-11T06:53:49.252Z - [WATCHER]: apps/backend/src/test/java/com/shanergy/bprev/controller/AuthControllerTest.java was created or restored
[NX v21.5.1 Daemon Server] - 2025-09-11T06:53:49.253Z - [WATCHER]: Processing file changes in outputs
[NX v21.5.1 Daemon Server] - 2025-09-11T06:53:49.355Z - [REQUEST]: Updated workspace context based on watched changes, recomputing project graph...
[NX v21.5.1 Daemon Server] - 2025-09-11T06:53:49.355Z - [REQUEST]: apps/backend/src/test/java/com/shanergy/bprev/controller/AuthControllerTest.java
[NX v21.5.1 Daemon Server] - 2025-09-11T06:53:49.355Z - [REQUEST]: 
Time for 'nx/js/dependencies-and-lockfile:createNodes' 0.16062500048428774
[NX v21.5.1 Daemon Server] - 2025-09-11T06:53:49.359Z - Time taken for 'hash changed files from watcher' 0.43679200019687414ms
Time for 'nx/core/package-json:createNodes' 0.5158329997211695
Time for 'nx/core/project-json:createNodes' 0.09004199970513582
[NX v21.5.1 Daemon Server] - 2025-09-11T06:53:49.362Z - Time taken for 'build-project-configs' 2.5062919994816184ms
Time for 'build typescript dependencies' 0.018624999560415745
[NX v21.5.1 Daemon Server] - 2025-09-11T06:53:49.366Z - Wrote project graph cache to /Users/curiosity/tools/wcw/.nx/workspace-data/project-graph.json
[NX v21.5.1 Daemon Server] - 2025-09-11T06:53:49.367Z - [SYNC]: collect registered sync generators
[NX v21.5.1 Daemon Server] - 2025-09-11T06:53:49.367Z - [SYNC]: project graph hash is the same, not collecting task sync generators
[NX v21.5.1 Daemon Server] - 2025-09-11T06:53:49.367Z - [SYNC]: nx.json hash is the same, not collecting global sync generators
[NX v21.5.1 Daemon Server] - 2025-09-11T06:53:49.367Z - Time taken for 'total execution time for createProjectGraph()' 2.516958000138402ms
[NX v21.5.1 Daemon Server] - 2025-09-11T06:53:49.836Z - [WATCHER]: apps/backend/target/test-classes/com/shanergy/bprev/controller/AuthControllerTest.class was created or restored
[NX v21.5.1 Daemon Server] - 2025-09-11T06:53:49.836Z - [WATCHER]: Processing file changes in outputs
[NX v21.5.1 Daemon Server] - 2025-09-11T06:53:49.937Z - [REQUEST]: Updated workspace context based on watched changes, recomputing project graph...
[NX v21.5.1 Daemon Server] - 2025-09-11T06:53:49.937Z - [REQUEST]: apps/backend/target/test-classes/com/shanergy/bprev/controller/AuthControllerTest.class
[NX v21.5.1 Daemon Server] - 2025-09-11T06:53:49.937Z - [REQUEST]: 
Time for 'nx/js/dependencies-and-lockfile:createNodes' 0.07629199977964163
[NX v21.5.1 Daemon Server] - 2025-09-11T06:53:49.939Z - Time taken for 'hash changed files from watcher' 0.40162499994039536ms
Time for 'nx/core/project-json:createNodes' 0.09358299989253283
Time for 'nx/core/package-json:createNodes' 0.6456660004332662
[NX v21.5.1 Daemon Server] - 2025-09-11T06:53:49.943Z - Time taken for 'build-project-configs' 1.2925000004470348ms
Time for 'build typescript dependencies' 0.21208300068974495
[NX v21.5.1 Daemon Server] - 2025-09-11T06:53:49.947Z - Wrote project graph cache to /Users/curiosity/tools/wcw/.nx/workspace-data/project-graph.json
[NX v21.5.1 Daemon Server] - 2025-09-11T06:53:49.947Z - [SYNC]: collect registered sync generators
[NX v21.5.1 Daemon Server] - 2025-09-11T06:53:49.948Z - [SYNC]: project graph hash is the same, not collecting task sync generators
[NX v21.5.1 Daemon Server] - 2025-09-11T06:53:49.948Z - [SYNC]: nx.json hash is the same, not collecting global sync generators
[NX v21.5.1 Daemon Server] - 2025-09-11T06:53:49.948Z - Time taken for 'total execution time for createProjectGraph()' 3.9985410002991557ms
[NX v21.5.1 Daemon Server] - 2025-09-11T06:53:55.894Z - [WATCHER]: apps/backend/src/test/java/com/shanergy/bprev/controller/ProtectedControllerIntegrationTest.java was created or restored
[NX v21.5.1 Daemon Server] - 2025-09-11T06:53:55.894Z - [WATCHER]: Processing file changes in outputs
[NX v21.5.1 Daemon Server] - 2025-09-11T06:53:55.995Z - [REQUEST]: Updated workspace context based on watched changes, recomputing project graph...
[NX v21.5.1 Daemon Server] - 2025-09-11T06:53:55.996Z - [REQUEST]: apps/backend/src/test/java/com/shanergy/bprev/controller/ProtectedControllerIntegrationTest.java
[NX v21.5.1 Daemon Server] - 2025-09-11T06:53:55.996Z - [REQUEST]: 
Time for 'nx/js/dependencies-and-lockfile:createNodes' 0.08050000015646219
[NX v21.5.1 Daemon Server] - 2025-09-11T06:53:55.997Z - Time taken for 'hash changed files from watcher' 0.3414170006290078ms
Time for 'nx/core/package-json:createNodes' 0.34479099977761507
Time for 'nx/core/project-json:createNodes' 0.07112499978393316
[NX v21.5.1 Daemon Server] - 2025-09-11T06:53:56.002Z - Time taken for 'build-project-configs' 1.3393330005928874ms
Time for 'build typescript dependencies' 0.025791000574827194
[NX v21.5.1 Daemon Server] - 2025-09-11T06:53:56.016Z - Wrote project graph cache to /Users/curiosity/tools/wcw/.nx/workspace-data/project-graph.json
[NX v21.5.1 Daemon Server] - 2025-09-11T06:53:56.016Z - [SYNC]: collect registered sync generators
[NX v21.5.1 Daemon Server] - 2025-09-11T06:53:56.019Z - [SYNC]: project graph hash is the same, not collecting task sync generators
[NX v21.5.1 Daemon Server] - 2025-09-11T06:53:56.019Z - [SYNC]: nx.json hash is the same, not collecting global sync generators
[NX v21.5.1 Daemon Server] - 2025-09-11T06:53:56.020Z - Time taken for 'total execution time for createProjectGraph()' 7.619374999776483ms
[NX v21.5.1 Daemon Server] - 2025-09-11T06:53:56.409Z - [WATCHER]: apps/backend/target/test-classes/com/shanergy/bprev/controller/ProtectedControllerIntegrationTest.class was created or restored
[NX v21.5.1 Daemon Server] - 2025-09-11T06:53:56.409Z - [WATCHER]: Processing file changes in outputs
[NX v21.5.1 Daemon Server] - 2025-09-11T06:53:56.510Z - [REQUEST]: Updated workspace context based on watched changes, recomputing project graph...
[NX v21.5.1 Daemon Server] - 2025-09-11T06:53:56.510Z - [REQUEST]: apps/backend/target/test-classes/com/shanergy/bprev/controller/ProtectedControllerIntegrationTest.class
[NX v21.5.1 Daemon Server] - 2025-09-11T06:53:56.510Z - [REQUEST]: 
Time for 'nx/js/dependencies-and-lockfile:createNodes' 0.04462499916553497
[NX v21.5.1 Daemon Server] - 2025-09-11T06:53:56.512Z - Time taken for 'hash changed files from watcher' 0.38437500037252903ms
Time for 'nx/core/project-json:createNodes' 0.047957999631762505
Time for 'nx/core/package-json:createNodes' 0.17808400001376867
[NX v21.5.1 Daemon Server] - 2025-09-11T06:53:56.515Z - Time taken for 'build-project-configs' 0.6987500004470348ms
Time for 'build typescript dependencies' 0.02704200055450201
[NX v21.5.1 Daemon Server] - 2025-09-11T06:53:56.518Z - Wrote project graph cache to /Users/curiosity/tools/wcw/.nx/workspace-data/project-graph.json
[NX v21.5.1 Daemon Server] - 2025-09-11T06:53:56.518Z - [SYNC]: collect registered sync generators
[NX v21.5.1 Daemon Server] - 2025-09-11T06:53:56.518Z - [SYNC]: project graph hash is the same, not collecting task sync generators
[NX v21.5.1 Daemon Server] - 2025-09-11T06:53:56.518Z - [SYNC]: nx.json hash is the same, not collecting global sync generators
[NX v21.5.1 Daemon Server] - 2025-09-11T06:53:56.519Z - Time taken for 'total execution time for createProjectGraph()' 2.12716699950397ms
[NX v21.5.1 Daemon Server] - 2025-09-11T07:03:33.270Z - [WATCHER]: Processing file changes in outputs
[NX v21.5.1 Daemon Server] - 2025-09-11T07:03:33.272Z - [WATCHER]: 0 file(s) created or restored, 1 file(s) modified, 2 file(s) deleted
[NX v21.5.1 Daemon Server] - 2025-09-11T07:03:33.474Z - [REQUEST]: Updated workspace context based on watched changes, recomputing project graph...
[NX v21.5.1 Daemon Server] - 2025-09-11T07:03:33.474Z - [REQUEST]: apps/backend/target/maven-status/maven-compiler-plugin/compile/default-compile/inputFiles.lst
[NX v21.5.1 Daemon Server] - 2025-09-11T07:03:33.474Z - [REQUEST]: apps/backend/target/classes/com/shanergy/bprev/controller/HealthController.class,apps/backend/target/classes/com/shanergy/bprev/BprevApplication.class
[NX v21.5.1 Daemon Server] - 2025-09-11T07:03:33.475Z - Time taken for 'hash changed files from watcher' 0.23700000066310167ms
Time for 'nx/js/dependencies-and-lockfile:createNodes' 0.24095800053328276
Time for 'nx/core/project-json:createNodes' 0.18016699980944395
Time for 'nx/core/package-json:createNodes' 0.6162080001085997
[NX v21.5.1 Daemon Server] - 2025-09-11T07:03:33.478Z - Time taken for 'build-project-configs' 2.239041999913752ms
Time for 'build typescript dependencies' 0.025415999814867973
[NX v21.5.1 Daemon Server] - 2025-09-11T07:03:33.480Z - Wrote project graph cache to /Users/curiosity/tools/wcw/.nx/workspace-data/project-graph.json
[NX v21.5.1 Daemon Server] - 2025-09-11T07:03:33.480Z - [SYNC]: collect registered sync generators
[NX v21.5.1 Daemon Server] - 2025-09-11T07:03:33.480Z - [SYNC]: project graph hash is the same, not collecting task sync generators
[NX v21.5.1 Daemon Server] - 2025-09-11T07:03:33.480Z - [SYNC]: nx.json hash is the same, not collecting global sync generators
[NX v21.5.1 Daemon Server] - 2025-09-11T07:03:33.481Z - Time taken for 'total execution time for createProjectGraph()' 1.6847089994698763ms
[NX v21.5.1 Daemon Server] - 2025-09-11T07:03:33.626Z - [WATCHER]: 0 file(s) created or restored, 9 file(s) modified, 0 file(s) deleted
[NX v21.5.1 Daemon Server] - 2025-09-11T07:03:33.626Z - [WATCHER]: Processing file changes in outputs
[NX v21.5.1 Daemon Server] - 2025-09-11T07:03:33.685Z - [WATCHER]: 2 file(s) created or restored, 8 file(s) modified, 1 file(s) deleted
[NX v21.5.1 Daemon Server] - 2025-09-11T07:03:33.685Z - [WATCHER]: Processing file changes in outputs
[NX v21.5.1 Daemon Server] - 2025-09-11T07:03:33.815Z - [WATCHER]: 1 file(s) created or restored, 5 file(s) modified, 0 file(s) deleted
[NX v21.5.1 Daemon Server] - 2025-09-11T07:03:33.816Z - [WATCHER]: Processing file changes in outputs
[NX v21.5.1 Daemon Server] - 2025-09-11T07:03:34.028Z - [REQUEST]: Updated workspace context based on watched changes, recomputing project graph...
[NX v21.5.1 Daemon Server] - 2025-09-11T07:03:34.028Z - [REQUEST]: apps/backend/target/classes/com/shanergy/bprev/model/User.class,apps/backend/target/classes/com/shanergy/bprev/security/JwtUtil.class,apps/backend/target/classes/com/shanergy/bprev/dto/LoginRequest.class,apps/backend/target/classes/com/shanergy/bprev/dto/LoginResponse.class,apps/backend/target/classes/com/shanergy/bprev/controller/AuthController.class,apps/backend/target/classes/com/shanergy/bprev/controller/RestExceptionHandler.class,apps/backend/target/classes/com/shanergy/bprev/dto/ErrorResponse.class,apps/backend/target/classes/com/shanergy/bprev/model/Role.class,apps/backend/target/classes/com/shanergy/bprev/repository/UserRepository.class,apps/backend/target/classes/com/shanergy/bprev/BprevApplication.class,apps/backend/target/classes/com/shanergy/bprev/controller/HealthController.class,apps/backend/target/classes/com/shanergy/bprev/controller/ProtectedController.class,apps/backend/target/maven-status/maven-compiler-plugin/compile/default-compile/createdFiles.lst,apps/backend/target/classes/com/shanergy/bprev/security/RestAuthenticationEntryPoint.class,apps/backend/target/classes/com/shanergy/bprev/security/CustomUserDetailsService.class,apps/backend/target/classes/com/shanergy/bprev/security/RestAccessDeniedHandler.class,apps/backend/target/maven-status/maven-compiler-plugin/testCompile/default-testCompile/inputFiles.lst,apps/backend/target/classes/com/shanergy/bprev/security/SecurityConfig.class,apps/backend/target/classes/com/shanergy/bprev/security/JwtAuthenticationFilter.class,apps/backend/target/test-classes/com/shanergy/bprev/controller/HealthControllerTest.class,apps/backend/target/test-classes/com/shanergy/bprev/security/SecurityPublicEndpointsTest.class,apps/backend/target/test-classes/com/shanergy/bprev/security/SecurityProtectedEndpointsTest.class,apps/backend/target/test-classes/com/shanergy/bprev/controller/AuthControllerTest.class,apps/backend/target/maven-status/maven-compiler-plugin/testCompile/default-testCompile/createdFiles.lst,apps/backend/target/test-classes/com/shanergy/bprev/controller/ProtectedControllerIntegrationTest.class
[NX v21.5.1 Daemon Server] - 2025-09-11T07:03:34.028Z - [REQUEST]: 
Time for 'nx/js/dependencies-and-lockfile:createNodes' 0.03349999990314245
[NX v21.5.1 Daemon Server] - 2025-09-11T07:03:34.029Z - Time taken for 'hash changed files from watcher' 0.3705000001937151ms
Time for 'nx/core/project-json:createNodes' 0.03970799967646599
Time for 'nx/core/package-json:createNodes' 0.17641699966043234
[NX v21.5.1 Daemon Server] - 2025-09-11T07:03:34.030Z - Time taken for 'build-project-configs' 0.5422919997945428ms
Time for 'build typescript dependencies' 0.005249999463558197
[NX v21.5.1 Daemon Server] - 2025-09-11T07:03:34.031Z - Wrote project graph cache to /Users/curiosity/tools/wcw/.nx/workspace-data/project-graph.json
[NX v21.5.1 Daemon Server] - 2025-09-11T07:03:34.031Z - [SYNC]: collect registered sync generators
[NX v21.5.1 Daemon Server] - 2025-09-11T07:03:34.031Z - [SYNC]: project graph hash is the same, not collecting task sync generators
[NX v21.5.1 Daemon Server] - 2025-09-11T07:03:34.031Z - [SYNC]: nx.json hash is the same, not collecting global sync generators
[NX v21.5.1 Daemon Server] - 2025-09-11T07:03:34.031Z - Time taken for 'total execution time for createProjectGraph()' 0.7550409995019436ms
[NX v21.5.1 Daemon Server] - 2025-09-11T07:03:36.827Z - [WATCHER]: Processing file changes in outputs
[NX v21.5.1 Daemon Server] - 2025-09-11T07:03:36.838Z - [WATCHER]: 3 file(s) created or restored, 0 file(s) modified, 0 file(s) deleted
[NX v21.5.1 Daemon Server] - 2025-09-11T07:03:36.940Z - [REQUEST]: Updated workspace context based on watched changes, recomputing project graph...
[NX v21.5.1 Daemon Server] - 2025-09-11T07:03:36.940Z - [REQUEST]: apps/backend/target/surefire/surefire_0-20250911150336763_2tmp,apps/backend/target/surefire/surefire-20250911150336763_1tmp,apps/backend/target/surefire/surefirebooter-20250911150336763_3.jar
[NX v21.5.1 Daemon Server] - 2025-09-11T07:03:36.940Z - [REQUEST]: 
[NX v21.5.1 Daemon Server] - 2025-09-11T07:03:36.941Z - Time taken for 'hash changed files from watcher' 0.9507090002298355ms
Time for 'nx/js/dependencies-and-lockfile:createNodes' 0.059375000186264515
Time for 'nx/core/package-json:createNodes' 0.12479200027883053
Time for 'nx/core/project-json:createNodes' 0.0537499999627471
[NX v21.5.1 Daemon Server] - 2025-09-11T07:03:36.942Z - Time taken for 'build-project-configs' 0.5345000000670552ms
Time for 'build typescript dependencies' 0.009166999720036983
[NX v21.5.1 Daemon Server] - 2025-09-11T07:03:36.945Z - Wrote project graph cache to /Users/curiosity/tools/wcw/.nx/workspace-data/project-graph.json
[NX v21.5.1 Daemon Server] - 2025-09-11T07:03:36.945Z - [SYNC]: collect registered sync generators
[NX v21.5.1 Daemon Server] - 2025-09-11T07:03:36.946Z - [SYNC]: project graph hash is the same, not collecting task sync generators
[NX v21.5.1 Daemon Server] - 2025-09-11T07:03:36.946Z - [SYNC]: nx.json hash is the same, not collecting global sync generators
[NX v21.5.1 Daemon Server] - 2025-09-11T07:03:36.946Z - Time taken for 'total execution time for createProjectGraph()' 1.0690419999882579ms
[NX v21.5.1 Daemon Server] - 2025-09-11T07:03:39.374Z - [WATCHER]: 2 file(s) created or restored, 0 file(s) modified, 0 file(s) deleted
[NX v21.5.1 Daemon Server] - 2025-09-11T07:03:39.374Z - [WATCHER]: Processing file changes in outputs
[NX v21.5.1 Daemon Server] - 2025-09-11T07:03:39.476Z - [REQUEST]: Updated workspace context based on watched changes, recomputing project graph...
[NX v21.5.1 Daemon Server] - 2025-09-11T07:03:39.476Z - [REQUEST]: apps/backend/target/surefire-reports/TEST-com.shanergy.bprev.security.SecurityPublicEndpointsTest.xml,apps/backend/target/surefire-reports/com.shanergy.bprev.security.SecurityPublicEndpointsTest.txt
[NX v21.5.1 Daemon Server] - 2025-09-11T07:03:39.476Z - [REQUEST]: 
Time for 'nx/js/dependencies-and-lockfile:createNodes' 0.028209000825881958
[NX v21.5.1 Daemon Server] - 2025-09-11T07:03:39.477Z - Time taken for 'hash changed files from watcher' 0.18933300022035837ms
Time for 'nx/core/project-json:createNodes' 0.03433299995958805
Time for 'nx/core/package-json:createNodes' 0.10970799997448921
[NX v21.5.1 Daemon Server] - 2025-09-11T07:03:39.478Z - Time taken for 'build-project-configs' 0.35208400059491396ms
Time for 'build typescript dependencies' 0.0038749994710087776
[NX v21.5.1 Daemon Server] - 2025-09-11T07:03:39.479Z - Wrote project graph cache to /Users/curiosity/tools/wcw/.nx/workspace-data/project-graph.json
[NX v21.5.1 Daemon Server] - 2025-09-11T07:03:39.479Z - [SYNC]: collect registered sync generators
[NX v21.5.1 Daemon Server] - 2025-09-11T07:03:39.479Z - [SYNC]: project graph hash is the same, not collecting task sync generators
[NX v21.5.1 Daemon Server] - 2025-09-11T07:03:39.479Z - [SYNC]: nx.json hash is the same, not collecting global sync generators
[NX v21.5.1 Daemon Server] - 2025-09-11T07:03:39.479Z - Time taken for 'total execution time for createProjectGraph()' 0.6433330001309514ms
[NX v21.5.1 Daemon Server] - 2025-09-11T07:03:40.667Z - [WATCHER]: 2 file(s) created or restored, 0 file(s) modified, 0 file(s) deleted
[NX v21.5.1 Daemon Server] - 2025-09-11T07:03:40.667Z - [WATCHER]: Processing file changes in outputs
[NX v21.5.1 Daemon Server] - 2025-09-11T07:03:40.768Z - [REQUEST]: Updated workspace context based on watched changes, recomputing project graph...
[NX v21.5.1 Daemon Server] - 2025-09-11T07:03:40.768Z - [REQUEST]: apps/backend/target/surefire-reports/com.shanergy.bprev.security.SecurityProtectedEndpointsTest.txt,apps/backend/target/surefire-reports/TEST-com.shanergy.bprev.security.SecurityProtectedEndpointsTest.xml
[NX v21.5.1 Daemon Server] - 2025-09-11T07:03:40.768Z - [REQUEST]: 
Time for 'nx/js/dependencies-and-lockfile:createNodes' 0.030415999703109264
[NX v21.5.1 Daemon Server] - 2025-09-11T07:03:40.769Z - Time taken for 'hash changed files from watcher' 0.2982079992070794ms
Time for 'nx/core/package-json:createNodes' 0.1222919998690486
Time for 'nx/core/project-json:createNodes' 0.03595899976789951
[NX v21.5.1 Daemon Server] - 2025-09-11T07:03:40.770Z - Time taken for 'build-project-configs' 0.7151250001043081ms
Time for 'build typescript dependencies' 0.004916999489068985
[NX v21.5.1 Daemon Server] - 2025-09-11T07:03:40.771Z - Wrote project graph cache to /Users/curiosity/tools/wcw/.nx/workspace-data/project-graph.json
[NX v21.5.1 Daemon Server] - 2025-09-11T07:03:40.771Z - [SYNC]: collect registered sync generators
[NX v21.5.1 Daemon Server] - 2025-09-11T07:03:40.771Z - [SYNC]: project graph hash is the same, not collecting task sync generators
[NX v21.5.1 Daemon Server] - 2025-09-11T07:03:40.771Z - [SYNC]: nx.json hash is the same, not collecting global sync generators
[NX v21.5.1 Daemon Server] - 2025-09-11T07:03:40.771Z - Time taken for 'total execution time for createProjectGraph()' 0.6292919991537929ms
[NX v21.5.1 Daemon Server] - 2025-09-11T07:03:41.887Z - [WATCHER]: 2 file(s) created or restored, 0 file(s) modified, 0 file(s) deleted
[NX v21.5.1 Daemon Server] - 2025-09-11T07:03:41.888Z - [WATCHER]: Processing file changes in outputs
[NX v21.5.1 Daemon Server] - 2025-09-11T07:03:41.988Z - [REQUEST]: Updated workspace context based on watched changes, recomputing project graph...
[NX v21.5.1 Daemon Server] - 2025-09-11T07:03:41.988Z - [REQUEST]: apps/backend/target/surefire-reports/TEST-com.shanergy.bprev.controller.HealthControllerTest.xml,apps/backend/target/surefire-reports/com.shanergy.bprev.controller.HealthControllerTest.txt
[NX v21.5.1 Daemon Server] - 2025-09-11T07:03:41.988Z - [REQUEST]: 
Time for 'nx/js/dependencies-and-lockfile:createNodes' 0.04774999991059303
[NX v21.5.1 Daemon Server] - 2025-09-11T07:03:41.989Z - Time taken for 'hash changed files from watcher' 0.2530000004917383ms
Time for 'nx/core/package-json:createNodes' 0.14895800035446882
Time for 'nx/core/project-json:createNodes' 0.06870799977332354
[NX v21.5.1 Daemon Server] - 2025-09-11T07:03:41.991Z - Time taken for 'build-project-configs' 1.4409999996423721ms
Time for 'build typescript dependencies' 0.004999999888241291
[NX v21.5.1 Daemon Server] - 2025-09-11T07:03:41.992Z - Wrote project graph cache to /Users/curiosity/tools/wcw/.nx/workspace-data/project-graph.json
[NX v21.5.1 Daemon Server] - 2025-09-11T07:03:41.992Z - [SYNC]: collect registered sync generators
[NX v21.5.1 Daemon Server] - 2025-09-11T07:03:41.992Z - [SYNC]: project graph hash is the same, not collecting task sync generators
[NX v21.5.1 Daemon Server] - 2025-09-11T07:03:41.992Z - [SYNC]: nx.json hash is the same, not collecting global sync generators
[NX v21.5.1 Daemon Server] - 2025-09-11T07:03:41.992Z - Time taken for 'total execution time for createProjectGraph()' 0.9554999992251396ms
[NX v21.5.1 Daemon Server] - 2025-09-11T07:03:43.113Z - [WATCHER]: 2 file(s) created or restored, 0 file(s) modified, 0 file(s) deleted
[NX v21.5.1 Daemon Server] - 2025-09-11T07:03:43.114Z - [WATCHER]: Processing file changes in outputs
[NX v21.5.1 Daemon Server] - 2025-09-11T07:03:43.215Z - [REQUEST]: Updated workspace context based on watched changes, recomputing project graph...
[NX v21.5.1 Daemon Server] - 2025-09-11T07:03:43.215Z - [REQUEST]: apps/backend/target/surefire-reports/com.shanergy.bprev.controller.ProtectedControllerIntegrationTest.txt,apps/backend/target/surefire-reports/TEST-com.shanergy.bprev.controller.ProtectedControllerIntegrationTest.xml
[NX v21.5.1 Daemon Server] - 2025-09-11T07:03:43.215Z - [REQUEST]: 
[NX v21.5.1 Daemon Server] - 2025-09-11T07:03:43.216Z - Time taken for 'hash changed files from watcher' 0.27795799914747477ms
Time for 'nx/js/dependencies-and-lockfile:createNodes' 0.039208000525832176
Time for 'nx/core/project-json:createNodes' 0.07349999994039536
Time for 'nx/core/package-json:createNodes' 0.3232920002192259
[NX v21.5.1 Daemon Server] - 2025-09-11T07:03:43.217Z - Time taken for 'build-project-configs' 0.6914999997243285ms
Time for 'build typescript dependencies' 0.004625000059604645
[NX v21.5.1 Daemon Server] - 2025-09-11T07:03:43.218Z - Wrote project graph cache to /Users/curiosity/tools/wcw/.nx/workspace-data/project-graph.json
[NX v21.5.1 Daemon Server] - 2025-09-11T07:03:43.218Z - [SYNC]: collect registered sync generators
[NX v21.5.1 Daemon Server] - 2025-09-11T07:03:43.218Z - [SYNC]: project graph hash is the same, not collecting task sync generators
[NX v21.5.1 Daemon Server] - 2025-09-11T07:03:43.218Z - [SYNC]: nx.json hash is the same, not collecting global sync generators
[NX v21.5.1 Daemon Server] - 2025-09-11T07:03:43.218Z - Time taken for 'total execution time for createProjectGraph()' 0.7403750000521541ms
[NX v21.5.1 Daemon Server] - 2025-09-11T07:03:45.502Z - [WATCHER]: Processing file changes in outputs
[NX v21.5.1 Daemon Server] - 2025-09-11T07:03:45.503Z - [WATCHER]: 2 file(s) created or restored, 0 file(s) modified, 0 file(s) deleted
[NX v21.5.1 Daemon Server] - 2025-09-11T07:03:45.565Z - [WATCHER]: Processing file changes in outputs
[NX v21.5.1 Daemon Server] - 2025-09-11T07:03:45.565Z - [WATCHER]: 0 file(s) created or restored, 0 file(s) modified, 3 file(s) deleted
[NX v21.5.1 Daemon Server] - 2025-09-11T07:03:45.604Z - [REQUEST]: Updated workspace context based on watched changes, recomputing project graph...
[NX v21.5.1 Daemon Server] - 2025-09-11T07:03:45.604Z - [REQUEST]: apps/backend/target/surefire-reports/com.shanergy.bprev.controller.AuthControllerTest.txt,apps/backend/target/surefire-reports/TEST-com.shanergy.bprev.controller.AuthControllerTest.xml
[NX v21.5.1 Daemon Server] - 2025-09-11T07:03:45.604Z - [REQUEST]: apps/backend/target/surefire/surefire-20250911150336763_1tmp,apps/backend/target/surefire/surefirebooter-20250911150336763_3.jar,apps/backend/target/surefire/surefire_0-20250911150336763_2tmp
[NX v21.5.1 Daemon Server] - 2025-09-11T07:03:45.605Z - Time taken for 'hash changed files from watcher' 0.2929170001298189ms
Time for 'nx/js/dependencies-and-lockfile:createNodes' 0.04179200064390898
Time for 'nx/core/project-json:createNodes' 0.07112499978393316
Time for 'nx/core/package-json:createNodes' 0.18649999983608723
[NX v21.5.1 Daemon Server] - 2025-09-11T07:03:45.606Z - Time taken for 'build-project-configs' 0.5493749994784594ms
Time for 'build typescript dependencies' 0.0044999998062849045
[NX v21.5.1 Daemon Server] - 2025-09-11T07:03:45.607Z - Wrote project graph cache to /Users/curiosity/tools/wcw/.nx/workspace-data/project-graph.json
[NX v21.5.1 Daemon Server] - 2025-09-11T07:03:45.607Z - [SYNC]: collect registered sync generators
[NX v21.5.1 Daemon Server] - 2025-09-11T07:03:45.607Z - [SYNC]: project graph hash is the same, not collecting task sync generators
[NX v21.5.1 Daemon Server] - 2025-09-11T07:03:45.607Z - [SYNC]: nx.json hash is the same, not collecting global sync generators
[NX v21.5.1 Daemon Server] - 2025-09-11T07:03:45.607Z - Time taken for 'total execution time for createProjectGraph()' 0.5902919992804527ms
[NX v21.5.1 Daemon Server] - 2025-09-11T07:03:54.122Z - [WATCHER]: 0 file(s) created or restored, 2 file(s) modified, 0 file(s) deleted
[NX v21.5.1 Daemon Server] - 2025-09-11T07:03:54.122Z - [WATCHER]: Processing file changes in outputs
[NX v21.5.1 Daemon Server] - 2025-09-11T07:03:54.248Z - [WATCHER]: 3 file(s) created or restored, 0 file(s) modified, 0 file(s) deleted
[NX v21.5.1 Daemon Server] - 2025-09-11T07:03:54.248Z - [WATCHER]: Processing file changes in outputs
[NX v21.5.1 Daemon Server] - 2025-09-11T07:03:54.323Z - [REQUEST]: Updated workspace context based on watched changes, recomputing project graph...
[NX v21.5.1 Daemon Server] - 2025-09-11T07:03:54.323Z - [REQUEST]: apps/backend/target/maven-status/maven-compiler-plugin/testCompile/default-testCompile/inputFiles.lst,apps/backend/target/maven-status/maven-compiler-plugin/compile/default-compile/inputFiles.lst,apps/backend/target/surefire/surefire-20250911150354186_1tmp,apps/backend/target/surefire/surefire_0-20250911150354186_2tmp,apps/backend/target/surefire/surefirebooter-20250911150354186_3.jar
[NX v21.5.1 Daemon Server] - 2025-09-11T07:03:54.323Z - [REQUEST]: 
Time for 'nx/js/dependencies-and-lockfile:createNodes' 0.030917000025510788
[NX v21.5.1 Daemon Server] - 2025-09-11T07:03:54.324Z - Time taken for 'hash changed files from watcher' 0.26049999985843897ms
Time for 'nx/core/project-json:createNodes' 0.11233300063759089
Time for 'nx/core/package-json:createNodes' 0.16533399932086468
[NX v21.5.1 Daemon Server] - 2025-09-11T07:03:54.326Z - Time taken for 'build-project-configs' 1.5377500001341105ms
Time for 'build typescript dependencies' 0.006540999747812748
[NX v21.5.1 Daemon Server] - 2025-09-11T07:03:54.327Z - Wrote project graph cache to /Users/curiosity/tools/wcw/.nx/workspace-data/project-graph.json
[NX v21.5.1 Daemon Server] - 2025-09-11T07:03:54.327Z - [SYNC]: collect registered sync generators
[NX v21.5.1 Daemon Server] - 2025-09-11T07:03:54.327Z - [SYNC]: project graph hash is the same, not collecting task sync generators
[NX v21.5.1 Daemon Server] - 2025-09-11T07:03:54.327Z - [SYNC]: nx.json hash is the same, not collecting global sync generators
[NX v21.5.1 Daemon Server] - 2025-09-11T07:03:54.328Z - Time taken for 'total execution time for createProjectGraph()' 0.9876669999212027ms
[NX v21.5.1 Daemon Server] - 2025-09-11T07:03:56.384Z - [WATCHER]: Processing file changes in outputs
[NX v21.5.1 Daemon Server] - 2025-09-11T07:03:56.385Z - [WATCHER]: 1 file(s) created or restored, 1 file(s) modified, 0 file(s) deleted
[NX v21.5.1 Daemon Server] - 2025-09-11T07:03:56.486Z - [REQUEST]: Updated workspace context based on watched changes, recomputing project graph...
[NX v21.5.1 Daemon Server] - 2025-09-11T07:03:56.486Z - [REQUEST]: apps/backend/target/surefire-reports/TEST-com.shanergy.bprev.security.SecurityPublicEndpointsTest.xml,apps/backend/target/surefire-reports/com.shanergy.bprev.security.SecurityPublicEndpointsTest.txt
[NX v21.5.1 Daemon Server] - 2025-09-11T07:03:56.486Z - [REQUEST]: 
Time for 'nx/js/dependencies-and-lockfile:createNodes' 0.03912500012665987
[NX v21.5.1 Daemon Server] - 2025-09-11T07:03:56.488Z - Time taken for 'hash changed files from watcher' 0.9491250002756715ms
Time for 'nx/core/project-json:createNodes' 0.08466699998825788
Time for 'nx/core/package-json:createNodes' 0.2161659998819232
[NX v21.5.1 Daemon Server] - 2025-09-11T07:03:56.490Z - Time taken for 'build-project-configs' 0.6992919994518161ms
Time for 'build typescript dependencies' 0.023207999765872955
[NX v21.5.1 Daemon Server] - 2025-09-11T07:03:56.492Z - Wrote project graph cache to /Users/curiosity/tools/wcw/.nx/workspace-data/project-graph.json
[NX v21.5.1 Daemon Server] - 2025-09-11T07:03:56.492Z - [SYNC]: collect registered sync generators
[NX v21.5.1 Daemon Server] - 2025-09-11T07:03:56.492Z - [SYNC]: project graph hash is the same, not collecting task sync generators
[NX v21.5.1 Daemon Server] - 2025-09-11T07:03:56.492Z - [SYNC]: nx.json hash is the same, not collecting global sync generators
[NX v21.5.1 Daemon Server] - 2025-09-11T07:03:56.492Z - Time taken for 'total execution time for createProjectGraph()' 1.8808330008760095ms
[NX v21.5.1 Daemon Server] - 2025-09-11T07:03:57.695Z - [WATCHER]: Processing file changes in outputs
[NX v21.5.1 Daemon Server] - 2025-09-11T07:03:57.695Z - [WATCHER]: 1 file(s) created or restored, 1 file(s) modified, 0 file(s) deleted
[NX v21.5.1 Daemon Server] - 2025-09-11T07:03:57.797Z - [REQUEST]: Updated workspace context based on watched changes, recomputing project graph...
[NX v21.5.1 Daemon Server] - 2025-09-11T07:03:57.797Z - [REQUEST]: apps/backend/target/surefire-reports/TEST-com.shanergy.bprev.security.SecurityProtectedEndpointsTest.xml,apps/backend/target/surefire-reports/com.shanergy.bprev.security.SecurityProtectedEndpointsTest.txt
[NX v21.5.1 Daemon Server] - 2025-09-11T07:03:57.797Z - [REQUEST]: 
[NX v21.5.1 Daemon Server] - 2025-09-11T07:03:57.798Z - Time taken for 'hash changed files from watcher' 0.28299999982118607ms
Time for 'nx/js/dependencies-and-lockfile:createNodes' 0.08924999926239252
Time for 'nx/core/project-json:createNodes' 0.06941699981689453
Time for 'nx/core/package-json:createNodes' 0.17862499970942736
[NX v21.5.1 Daemon Server] - 2025-09-11T07:03:57.799Z - Time taken for 'build-project-configs' 0.5873330002650619ms
Time for 'build typescript dependencies' 0.00800000037997961
[NX v21.5.1 Daemon Server] - 2025-09-11T07:03:57.800Z - Wrote project graph cache to /Users/curiosity/tools/wcw/.nx/workspace-data/project-graph.json
[NX v21.5.1 Daemon Server] - 2025-09-11T07:03:57.800Z - [SYNC]: collect registered sync generators
[NX v21.5.1 Daemon Server] - 2025-09-11T07:03:57.801Z - [SYNC]: project graph hash is the same, not collecting task sync generators
[NX v21.5.1 Daemon Server] - 2025-09-11T07:03:57.801Z - [SYNC]: nx.json hash is the same, not collecting global sync generators
[NX v21.5.1 Daemon Server] - 2025-09-11T07:03:57.801Z - Time taken for 'total execution time for createProjectGraph()' 1.2296250006183982ms
[NX v21.5.1 Daemon Server] - 2025-09-11T07:03:58.952Z - [WATCHER]: 1 file(s) created or restored, 1 file(s) modified, 0 file(s) deleted
[NX v21.5.1 Daemon Server] - 2025-09-11T07:03:58.953Z - [WATCHER]: Processing file changes in outputs
[NX v21.5.1 Daemon Server] - 2025-09-11T07:03:59.054Z - [REQUEST]: Updated workspace context based on watched changes, recomputing project graph...
[NX v21.5.1 Daemon Server] - 2025-09-11T07:03:59.054Z - [REQUEST]: apps/backend/target/surefire-reports/TEST-com.shanergy.bprev.controller.HealthControllerTest.xml,apps/backend/target/surefire-reports/com.shanergy.bprev.controller.HealthControllerTest.txt
[NX v21.5.1 Daemon Server] - 2025-09-11T07:03:59.054Z - [REQUEST]: 
[NX v21.5.1 Daemon Server] - 2025-09-11T07:03:59.054Z - Time taken for 'hash changed files from watcher' 0.2127910004928708ms
Time for 'nx/js/dependencies-and-lockfile:createNodes' 0.028708000667393208
Time for 'nx/core/project-json:createNodes' 0.037124999798834324
Time for 'nx/core/package-json:createNodes' 0.1170830000191927
[NX v21.5.1 Daemon Server] - 2025-09-11T07:03:59.055Z - Time taken for 'build-project-configs' 0.374290999956429ms
Time for 'build typescript dependencies' 0.003333999775350094
[NX v21.5.1 Daemon Server] - 2025-09-11T07:03:59.056Z - Wrote project graph cache to /Users/curiosity/tools/wcw/.nx/workspace-data/project-graph.json
[NX v21.5.1 Daemon Server] - 2025-09-11T07:03:59.056Z - [SYNC]: collect registered sync generators
[NX v21.5.1 Daemon Server] - 2025-09-11T07:03:59.056Z - [SYNC]: project graph hash is the same, not collecting task sync generators
[NX v21.5.1 Daemon Server] - 2025-09-11T07:03:59.056Z - [SYNC]: nx.json hash is the same, not collecting global sync generators
[NX v21.5.1 Daemon Server] - 2025-09-11T07:03:59.056Z - Time taken for 'total execution time for createProjectGraph()' 0.5122910002246499ms
[NX v21.5.1 Daemon Server] - 2025-09-11T07:04:00.174Z - [WATCHER]: 1 file(s) created or restored, 1 file(s) modified, 0 file(s) deleted
[NX v21.5.1 Daemon Server] - 2025-09-11T07:04:00.174Z - [WATCHER]: Processing file changes in outputs
[NX v21.5.1 Daemon Server] - 2025-09-11T07:04:00.275Z - [REQUEST]: Updated workspace context based on watched changes, recomputing project graph...
[NX v21.5.1 Daemon Server] - 2025-09-11T07:04:00.275Z - [REQUEST]: apps/backend/target/surefire-reports/TEST-com.shanergy.bprev.controller.ProtectedControllerIntegrationTest.xml,apps/backend/target/surefire-reports/com.shanergy.bprev.controller.ProtectedControllerIntegrationTest.txt
[NX v21.5.1 Daemon Server] - 2025-09-11T07:04:00.275Z - [REQUEST]: 
[NX v21.5.1 Daemon Server] - 2025-09-11T07:04:00.276Z - Time taken for 'hash changed files from watcher' 0.2602920001372695ms
Time for 'nx/js/dependencies-and-lockfile:createNodes' 0.04812499973922968
Time for 'nx/core/project-json:createNodes' 0.054791999980807304
Time for 'nx/core/package-json:createNodes' 0.15762499999254942
[NX v21.5.1 Daemon Server] - 2025-09-11T07:04:00.277Z - Time taken for 'build-project-configs' 0.578125ms
Time for 'build typescript dependencies' 0.00420799944549799
[NX v21.5.1 Daemon Server] - 2025-09-11T07:04:00.278Z - Wrote project graph cache to /Users/curiosity/tools/wcw/.nx/workspace-data/project-graph.json
[NX v21.5.1 Daemon Server] - 2025-09-11T07:04:00.278Z - [SYNC]: collect registered sync generators
[NX v21.5.1 Daemon Server] - 2025-09-11T07:04:00.278Z - [SYNC]: project graph hash is the same, not collecting task sync generators
[NX v21.5.1 Daemon Server] - 2025-09-11T07:04:00.279Z - [SYNC]: nx.json hash is the same, not collecting global sync generators
[NX v21.5.1 Daemon Server] - 2025-09-11T07:04:00.279Z - Time taken for 'total execution time for createProjectGraph()' 0.6547079998999834ms
[NX v21.5.1 Daemon Server] - 2025-09-11T07:04:02.663Z - [WATCHER]: 1 file(s) created or restored, 1 file(s) modified, 0 file(s) deleted
[NX v21.5.1 Daemon Server] - 2025-09-11T07:04:02.664Z - [WATCHER]: Processing file changes in outputs
[NX v21.5.1 Daemon Server] - 2025-09-11T07:04:02.726Z - [WATCHER]: 0 file(s) created or restored, 0 file(s) modified, 3 file(s) deleted
[NX v21.5.1 Daemon Server] - 2025-09-11T07:04:02.726Z - [WATCHER]: Processing file changes in outputs
[NX v21.5.1 Daemon Server] - 2025-09-11T07:04:02.766Z - [REQUEST]: Updated workspace context based on watched changes, recomputing project graph...
[NX v21.5.1 Daemon Server] - 2025-09-11T07:04:02.766Z - [REQUEST]: apps/backend/target/surefire-reports/TEST-com.shanergy.bprev.controller.AuthControllerTest.xml,apps/backend/target/surefire-reports/com.shanergy.bprev.controller.AuthControllerTest.txt
[NX v21.5.1 Daemon Server] - 2025-09-11T07:04:02.766Z - [REQUEST]: apps/backend/target/surefire/surefire-20250911150354186_1tmp,apps/backend/target/surefire/surefirebooter-20250911150354186_3.jar,apps/backend/target/surefire/surefire_0-20250911150354186_2tmp
[NX v21.5.1 Daemon Server] - 2025-09-11T07:04:02.767Z - Time taken for 'hash changed files from watcher' 0.8752500005066395ms
Time for 'nx/js/dependencies-and-lockfile:createNodes' 0.09999999962747097
Time for 'nx/core/package-json:createNodes' 0.39149999991059303
Time for 'nx/core/project-json:createNodes' 0.15325000043958426
[NX v21.5.1 Daemon Server] - 2025-09-11T07:04:02.770Z - Time taken for 'build-project-configs' 1.3493750002235174ms
Time for 'build typescript dependencies' 0.007333000190556049
[NX v21.5.1 Daemon Server] - 2025-09-11T07:04:02.771Z - Wrote project graph cache to /Users/curiosity/tools/wcw/.nx/workspace-data/project-graph.json
[NX v21.5.1 Daemon Server] - 2025-09-11T07:04:02.771Z - [SYNC]: collect registered sync generators
[NX v21.5.1 Daemon Server] - 2025-09-11T07:04:02.771Z - [SYNC]: project graph hash is the same, not collecting task sync generators
[NX v21.5.1 Daemon Server] - 2025-09-11T07:04:02.771Z - [SYNC]: nx.json hash is the same, not collecting global sync generators
[NX v21.5.1 Daemon Server] - 2025-09-11T07:04:02.771Z - Time taken for 'total execution time for createProjectGraph()' 2.0646249996498227ms
[NX v21.5.1 Daemon Server] - 2025-09-11T07:04:43.588Z - [WATCHER]: apps/backend/pom.xml was modified
[NX v21.5.1 Daemon Server] - 2025-09-11T07:04:43.589Z - [WATCHER]: Processing file changes in outputs
[NX v21.5.1 Daemon Server] - 2025-09-11T07:04:43.792Z - [REQUEST]: Updated workspace context based on watched changes, recomputing project graph...
[NX v21.5.1 Daemon Server] - 2025-09-11T07:04:43.792Z - [REQUEST]: apps/backend/pom.xml
[NX v21.5.1 Daemon Server] - 2025-09-11T07:04:43.793Z - [REQUEST]: 
[NX v21.5.1 Daemon Server] - 2025-09-11T07:04:43.798Z - Time taken for 'hash changed files from watcher' 1.285749999806285ms
Time for 'nx/js/dependencies-and-lockfile:createNodes' 1.3391669997945428
Time for 'nx/core/project-json:createNodes' 0.7485419996082783
Time for 'nx/core/package-json:createNodes' 3.3560419995337725
[NX v21.5.1 Daemon Server] - 2025-09-11T07:04:43.812Z - Time taken for 'build-project-configs' 12.277249999344349ms
Time for 'build typescript dependencies' 0.04712500050663948
[NX v21.5.1 Daemon Server] - 2025-09-11T07:04:43.816Z - Wrote project graph cache to /Users/curiosity/tools/wcw/.nx/workspace-data/project-graph.json
[NX v21.5.1 Daemon Server] - 2025-09-11T07:04:43.816Z - [SYNC]: collect registered sync generators
[NX v21.5.1 Daemon Server] - 2025-09-11T07:04:43.817Z - [SYNC]: project graph hash is the same, not collecting task sync generators
[NX v21.5.1 Daemon Server] - 2025-09-11T07:04:43.817Z - [SYNC]: nx.json hash is the same, not collecting global sync generators
[NX v21.5.1 Daemon Server] - 2025-09-11T07:04:43.817Z - Time taken for 'total execution time for createProjectGraph()' 6.1794159999117255ms
[NX v21.5.1 Daemon Server] - 2025-09-11T07:04:45.567Z - [WATCHER]: 8 file(s) created or restored, 0 file(s) modified, 12 file(s) deleted
[NX v21.5.1 Daemon Server] - 2025-09-11T07:04:45.567Z - [WATCHER]: Processing file changes in outputs
[NX v21.5.1 Daemon Server] - 2025-09-11T07:04:45.619Z - [WATCHER]: 15 file(s) created or restored, 0 file(s) modified, 5 file(s) deleted
[NX v21.5.1 Daemon Server] - 2025-09-11T07:04:45.619Z - [WATCHER]: Processing file changes in outputs
[NX v21.5.1 Daemon Server] - 2025-09-11T07:04:45.669Z - [REQUEST]: Updated workspace context based on watched changes, recomputing project graph...
[NX v21.5.1 Daemon Server] - 2025-09-11T07:04:45.669Z - [REQUEST]: apps/backend/target/classes/com/shanergy/bprev/controller/HealthController.class,apps/backend/target/classes/com/shanergy/bprev/dto/LoginRequest.class,apps/backend/target/classes/com/shanergy/bprev/dto/LoginResponse.class,apps/backend/target/classes/com/shanergy/bprev/BprevApplication.class,apps/backend/target/classes/com/shanergy/bprev/controller/AuthController.class,apps/backend/target/classes/com/shanergy/bprev/dto/ErrorResponse.class,apps/backend/target/classes/com/shanergy/bprev/controller/RestExceptionHandler.class,apps/backend/target/classes/com/shanergy/bprev/controller/ProtectedController.class,apps/backend/target/classes/com/shanergy/bprev/security/CustomUserDetailsService.class,apps/backend/target/classes/com/shanergy/bprev/model/User.class,apps/backend/target/classes/com/shanergy/bprev/security/JwtUtil.class,apps/backend/target/classes/com/shanergy/bprev/security/RestAccessDeniedHandler.class,apps/backend/target/classes/com/shanergy/bprev/repository/UserRepository.class,apps/backend/target/classes/com/shanergy/bprev/security/RestAuthenticationEntryPoint.class,apps/backend/target/classes/com/shanergy/bprev/model/Role.class,apps/backend/target/classes/com/shanergy/bprev/security/JwtAuthenticationFilter.class,apps/backend/target/classes/com/shanergy/bprev/security/SecurityConfig.class
[NX v21.5.1 Daemon Server] - 2025-09-11T07:04:45.669Z - [REQUEST]: apps/backend/target/classes/data.sql,apps/backend/target/classes/application.properties,apps/backend/target/classes/schema.sql,apps/backend/target/test-classes/com/shanergy/bprev/security/SecurityPublicEndpointsTest.class,apps/backend/target/test-classes/com/shanergy/bprev/security/SecurityProtectedEndpointsTest.class,apps/backend/target/test-classes/com/shanergy/bprev/controller/AuthControllerTest.class,apps/backend/target/test-classes/com/shanergy/bprev/controller/ProtectedControllerIntegrationTest.class,apps/backend/target/test-classes/com/shanergy/bprev/controller/HealthControllerTest.class
Time for 'nx/js/dependencies-and-lockfile:createNodes' 0.07766599953174591
[NX v21.5.1 Daemon Server] - 2025-09-11T07:04:45.671Z - Time taken for 'hash changed files from watcher' 0.8275000005960464ms
Time for 'nx/core/project-json:createNodes' 0.10391599964350462
Time for 'nx/core/package-json:createNodes' 0.3266660002991557
[NX v21.5.1 Daemon Server] - 2025-09-11T07:04:45.674Z - Time taken for 'build-project-configs' 1.2418339997529984ms
Time for 'build typescript dependencies' 0.01358299981802702
[NX v21.5.1 Daemon Server] - 2025-09-11T07:04:45.680Z - Wrote project graph cache to /Users/curiosity/tools/wcw/.nx/workspace-data/project-graph.json
[NX v21.5.1 Daemon Server] - 2025-09-11T07:04:45.680Z - [SYNC]: collect registered sync generators
[NX v21.5.1 Daemon Server] - 2025-09-11T07:04:45.681Z - [SYNC]: project graph hash is the same, not collecting task sync generators
[NX v21.5.1 Daemon Server] - 2025-09-11T07:04:45.681Z - [SYNC]: nx.json hash is the same, not collecting global sync generators
[NX v21.5.1 Daemon Server] - 2025-09-11T07:04:45.681Z - Time taken for 'total execution time for createProjectGraph()' 1.7087500002235174ms
[NX v21.5.1 Daemon Server] - 2025-09-11T07:04:45.684Z - [WATCHER]: Processing file changes in outputs
[NX v21.5.1 Daemon Server] - 2025-09-11T07:04:45.685Z - [WATCHER]: 8 file(s) created or restored, 0 file(s) modified, 0 file(s) deleted
[NX v21.5.1 Daemon Server] - 2025-09-11T07:04:45.788Z - [REQUEST]: Updated workspace context based on watched changes, recomputing project graph...
[NX v21.5.1 Daemon Server] - 2025-09-11T07:04:45.788Z - [REQUEST]: apps/backend/target/test-classes/com/shanergy/bprev/security/SecurityPublicEndpointsTest.class,apps/backend/target/classes/application.properties,apps/backend/target/classes/schema.sql,apps/backend/target/test-classes/com/shanergy/bprev/controller/HealthControllerTest.class,apps/backend/target/classes/data.sql,apps/backend/target/test-classes/com/shanergy/bprev/controller/ProtectedControllerIntegrationTest.class,apps/backend/target/test-classes/com/shanergy/bprev/security/SecurityProtectedEndpointsTest.class,apps/backend/target/test-classes/com/shanergy/bprev/controller/AuthControllerTest.class
[NX v21.5.1 Daemon Server] - 2025-09-11T07:04:45.788Z - [REQUEST]: 
Time for 'nx/js/dependencies-and-lockfile:createNodes' 0.0739159993827343
Time for 'nx/core/project-json:createNodes' 0.11374999955296516
Time for 'nx/core/package-json:createNodes' 0.42812500055879354
[NX v21.5.1 Daemon Server] - 2025-09-11T07:04:45.791Z - Time taken for 'hash changed files from watcher' 0.8299169996753335ms
[NX v21.5.1 Daemon Server] - 2025-09-11T07:04:45.801Z - Time taken for 'build-project-configs' 2.2349999994039536ms
Time for 'build typescript dependencies' 0.015790999867022038
[NX v21.5.1 Daemon Server] - 2025-09-11T07:04:45.807Z - Wrote project graph cache to /Users/curiosity/tools/wcw/.nx/workspace-data/project-graph.json
[NX v21.5.1 Daemon Server] - 2025-09-11T07:04:45.807Z - [SYNC]: collect registered sync generators
[NX v21.5.1 Daemon Server] - 2025-09-11T07:04:45.807Z - [SYNC]: project graph hash is the same, not collecting task sync generators
[NX v21.5.1 Daemon Server] - 2025-09-11T07:04:45.807Z - [SYNC]: nx.json hash is the same, not collecting global sync generators
[NX v21.5.1 Daemon Server] - 2025-09-11T07:04:45.808Z - Time taken for 'total execution time for createProjectGraph()' 9.399915999732912ms
[NX v21.5.1 Daemon Server] - 2025-09-11T07:04:48.290Z - [WATCHER]: apps/backend/src/test/resources/application.properties was created or restored
[NX v21.5.1 Daemon Server] - 2025-09-11T07:04:48.291Z - [WATCHER]: Processing file changes in outputs
[NX v21.5.1 Daemon Server] - 2025-09-11T07:04:48.392Z - [REQUEST]: Updated workspace context based on watched changes, recomputing project graph...
[NX v21.5.1 Daemon Server] - 2025-09-11T07:04:48.392Z - [REQUEST]: apps/backend/src/test/resources/application.properties
[NX v21.5.1 Daemon Server] - 2025-09-11T07:04:48.392Z - [REQUEST]: 
Time for 'nx/js/dependencies-and-lockfile:createNodes' 0.06179200019687414
[NX v21.5.1 Daemon Server] - 2025-09-11T07:04:48.393Z - Time taken for 'hash changed files from watcher' 0.23241600021719933ms
Time for 'nx/core/project-json:createNodes' 0.0626669991761446
Time for 'nx/core/package-json:createNodes' 0.23454099986702204
[NX v21.5.1 Daemon Server] - 2025-09-11T07:04:48.396Z - Time taken for 'build-project-configs' 0.8294999999925494ms
Time for 'build typescript dependencies' 0.051457999274134636
[NX v21.5.1 Daemon Server] - 2025-09-11T07:04:48.403Z - Wrote project graph cache to /Users/curiosity/tools/wcw/.nx/workspace-data/project-graph.json
[NX v21.5.1 Daemon Server] - 2025-09-11T07:04:48.403Z - [SYNC]: collect registered sync generators
[NX v21.5.1 Daemon Server] - 2025-09-11T07:04:48.404Z - [SYNC]: project graph hash is the same, not collecting task sync generators
[NX v21.5.1 Daemon Server] - 2025-09-11T07:04:48.404Z - [SYNC]: nx.json hash is the same, not collecting global sync generators
[NX v21.5.1 Daemon Server] - 2025-09-11T07:04:48.404Z - Time taken for 'total execution time for createProjectGraph()' 5.238625000230968ms
[NX v21.5.1 Daemon Server] - 2025-09-11T07:04:48.761Z - [WATCHER]: Processing file changes in outputs
[NX v21.5.1 Daemon Server] - 2025-09-11T07:04:48.762Z - [WATCHER]: 11 file(s) created or restored, 0 file(s) modified, 9 file(s) deleted
[NX v21.5.1 Daemon Server] - 2025-09-11T07:04:48.813Z - [WATCHER]: Processing file changes in outputs
[NX v21.5.1 Daemon Server] - 2025-09-11T07:04:48.814Z - [WATCHER]: 17 file(s) created or restored, 0 file(s) modified, 0 file(s) deleted
[NX v21.5.1 Daemon Server] - 2025-09-11T07:04:48.865Z - [REQUEST]: Updated workspace context based on watched changes, recomputing project graph...
[NX v21.5.1 Daemon Server] - 2025-09-11T07:04:48.865Z - [REQUEST]: apps/backend/target/classes/com/shanergy/bprev/dto/LoginRequest.class,apps/backend/target/classes/com/shanergy/bprev/repository/UserRepository.class,apps/backend/target/classes/com/shanergy/bprev/BprevApplication.class,apps/backend/target/classes/com/shanergy/bprev/model/User.class,apps/backend/target/classes/com/shanergy/bprev/controller/ProtectedController.class,apps/backend/target/classes/com/shanergy/bprev/dto/ErrorResponse.class,apps/backend/target/classes/com/shanergy/bprev/controller/AuthController.class,apps/backend/target/classes/com/shanergy/bprev/model/Role.class,apps/backend/target/classes/com/shanergy/bprev/dto/LoginResponse.class,apps/backend/target/classes/com/shanergy/bprev/controller/RestExceptionHandler.class,apps/backend/target/classes/com/shanergy/bprev/controller/HealthController.class,apps/backend/target/test-classes/application.properties,apps/backend/target/test-classes/com/shanergy/bprev/controller/ProtectedControllerIntegrationTest.class,apps/backend/target/test-classes/com/shanergy/bprev/security/SecurityProtectedEndpointsTest.class,apps/backend/target/classes/schema.sql,apps/backend/target/classes/data.sql,apps/backend/target/classes/com/shanergy/bprev/security/JwtAuthenticationFilter.class,apps/backend/target/classes/application.properties,apps/backend/target/classes/com/shanergy/bprev/security/JwtUtil.class,apps/backend/target/test-classes/com/shanergy/bprev/controller/AuthControllerTest.class,apps/backend/target/test-classes/com/shanergy/bprev/controller/HealthControllerTest.class,apps/backend/target/classes/com/shanergy/bprev/security/CustomUserDetailsService.class,apps/backend/target/classes/com/shanergy/bprev/security/RestAuthenticationEntryPoint.class,apps/backend/target/test-classes/com/shanergy/bprev/security/SecurityPublicEndpointsTest.class,apps/backend/target/classes/com/shanergy/bprev/security/SecurityConfig.class,apps/backend/target/classes/com/shanergy/bprev/security/RestAccessDeniedHandler.class
[NX v21.5.1 Daemon Server] - 2025-09-11T07:04:48.865Z - [REQUEST]: 
Time for 'nx/js/dependencies-and-lockfile:createNodes' 0.06725000031292439
Time for 'nx/core/project-json:createNodes' 0.08658299967646599
Time for 'nx/core/package-json:createNodes' 0.3369580004364252
[NX v21.5.1 Daemon Server] - 2025-09-11T07:04:48.868Z - [WATCHER]: 2 file(s) created or restored, 0 file(s) modified, 0 file(s) deleted
[NX v21.5.1 Daemon Server] - 2025-09-11T07:04:48.869Z - Time taken for 'hash changed files from watcher' 1.163666999898851ms
[NX v21.5.1 Daemon Server] - 2025-09-11T07:04:48.871Z - Time taken for 'build-project-configs' 1.665000000037253ms
Time for 'build typescript dependencies' 0.016125000081956387
[NX v21.5.1 Daemon Server] - 2025-09-11T07:04:48.875Z - Wrote project graph cache to /Users/curiosity/tools/wcw/.nx/workspace-data/project-graph.json
[NX v21.5.1 Daemon Server] - 2025-09-11T07:04:48.875Z - [SYNC]: collect registered sync generators
[NX v21.5.1 Daemon Server] - 2025-09-11T07:04:48.876Z - [SYNC]: project graph hash is the same, not collecting task sync generators
[NX v21.5.1 Daemon Server] - 2025-09-11T07:04:48.876Z - [SYNC]: nx.json hash is the same, not collecting global sync generators
[NX v21.5.1 Daemon Server] - 2025-09-11T07:04:48.876Z - Time taken for 'total execution time for createProjectGraph()' 2.418749999254942ms
[NX v21.5.1 Daemon Server] - 2025-09-11T07:04:48.971Z - [REQUEST]: Updated workspace context based on watched changes, recomputing project graph...
[NX v21.5.1 Daemon Server] - 2025-09-11T07:04:48.971Z - [REQUEST]: 
[NX v21.5.1 Daemon Server] - 2025-09-11T07:04:48.972Z - [REQUEST]: 
Time for 'nx/js/dependencies-and-lockfile:createNodes' 0.071000000461936
[NX v21.5.1 Daemon Server] - 2025-09-11T07:04:48.975Z - Time taken for 'hash changed files from watcher' 0.5007079998031259ms
Time for 'nx/core/project-json:createNodes' 0.1048750001937151
Time for 'nx/core/package-json:createNodes' 0.4046249995008111
[NX v21.5.1 Daemon Server] - 2025-09-11T07:04:48.979Z - Time taken for 'build-project-configs' 1.7490419996902347ms
Time for 'build typescript dependencies' 0.016083999536931515
[NX v21.5.1 Daemon Server] - 2025-09-11T07:04:48.985Z - Wrote project graph cache to /Users/curiosity/tools/wcw/.nx/workspace-data/project-graph.json
[NX v21.5.1 Daemon Server] - 2025-09-11T07:04:48.985Z - [SYNC]: collect registered sync generators
[NX v21.5.1 Daemon Server] - 2025-09-11T07:04:48.986Z - [SYNC]: project graph hash is the same, not collecting task sync generators
[NX v21.5.1 Daemon Server] - 2025-09-11T07:04:48.986Z - [SYNC]: nx.json hash is the same, not collecting global sync generators
[NX v21.5.1 Daemon Server] - 2025-09-11T07:04:48.986Z - Time taken for 'total execution time for createProjectGraph()' 2.898833000101149ms
[NX v21.5.1 Daemon Server] - 2025-09-11T07:04:53.276Z - [WATCHER]: apps/backend/src/test/resources/schema-h2.sql was created or restored
[NX v21.5.1 Daemon Server] - 2025-09-11T07:04:53.277Z - [WATCHER]: Processing file changes in outputs
[NX v21.5.1 Daemon Server] - 2025-09-11T07:04:53.378Z - [REQUEST]: Updated workspace context based on watched changes, recomputing project graph...
[NX v21.5.1 Daemon Server] - 2025-09-11T07:04:53.378Z - [REQUEST]: apps/backend/src/test/resources/schema-h2.sql
[NX v21.5.1 Daemon Server] - 2025-09-11T07:04:53.378Z - [REQUEST]: 
Time for 'nx/js/dependencies-and-lockfile:createNodes' 0.07083300035446882
[NX v21.5.1 Daemon Server] - 2025-09-11T07:04:53.381Z - Time taken for 'hash changed files from watcher' 0.5685000000521541ms
Time for 'nx/core/project-json:createNodes' 0.27791700046509504
Time for 'nx/core/package-json:createNodes' 0.5055840006098151
[NX v21.5.1 Daemon Server] - 2025-09-11T07:04:53.386Z - Time taken for 'build-project-configs' 1.9886249992996454ms
Time for 'build typescript dependencies' 0.01458400022238493
[NX v21.5.1 Daemon Server] - 2025-09-11T07:04:53.393Z - Wrote project graph cache to /Users/curiosity/tools/wcw/.nx/workspace-data/project-graph.json
[NX v21.5.1 Daemon Server] - 2025-09-11T07:04:53.393Z - [SYNC]: collect registered sync generators
[NX v21.5.1 Daemon Server] - 2025-09-11T07:04:53.393Z - [SYNC]: project graph hash is the same, not collecting task sync generators
[NX v21.5.1 Daemon Server] - 2025-09-11T07:04:53.393Z - [SYNC]: nx.json hash is the same, not collecting global sync generators
[NX v21.5.1 Daemon Server] - 2025-09-11T07:04:53.393Z - Time taken for 'total execution time for createProjectGraph()' 4.8377080000936985ms
[NX v21.5.1 Daemon Server] - 2025-09-11T07:04:53.753Z - [WATCHER]: apps/backend/target/test-classes/schema-h2.sql was created or restored
[NX v21.5.1 Daemon Server] - 2025-09-11T07:04:53.754Z - [WATCHER]: Processing file changes in outputs
[NX v21.5.1 Daemon Server] - 2025-09-11T07:04:53.855Z - [REQUEST]: Updated workspace context based on watched changes, recomputing project graph...
[NX v21.5.1 Daemon Server] - 2025-09-11T07:04:53.855Z - [REQUEST]: apps/backend/target/test-classes/schema-h2.sql
[NX v21.5.1 Daemon Server] - 2025-09-11T07:04:53.855Z - [REQUEST]: 
Time for 'nx/js/dependencies-and-lockfile:createNodes' 0.060165999457240105
[NX v21.5.1 Daemon Server] - 2025-09-11T07:04:53.858Z - Time taken for 'hash changed files from watcher' 0.3819580003619194ms
Time for 'nx/core/project-json:createNodes' 0.12445899937301874
Time for 'nx/core/package-json:createNodes' 0.5924159996211529
[NX v21.5.1 Daemon Server] - 2025-09-11T07:04:53.863Z - Time taken for 'build-project-configs' 3.3680830001831055ms
Time for 'build typescript dependencies' 0.016707999631762505
[NX v21.5.1 Daemon Server] - 2025-09-11T07:04:53.870Z - Wrote project graph cache to /Users/curiosity/tools/wcw/.nx/workspace-data/project-graph.json
[NX v21.5.1 Daemon Server] - 2025-09-11T07:04:53.870Z - [SYNC]: collect registered sync generators
[NX v21.5.1 Daemon Server] - 2025-09-11T07:04:53.870Z - [SYNC]: project graph hash is the same, not collecting task sync generators
[NX v21.5.1 Daemon Server] - 2025-09-11T07:04:53.870Z - [SYNC]: nx.json hash is the same, not collecting global sync generators
[NX v21.5.1 Daemon Server] - 2025-09-11T07:04:53.870Z - Time taken for 'total execution time for createProjectGraph()' 2.213416000828147ms
[NX v21.5.1 Daemon Server] - 2025-09-11T07:04:59.018Z - [WATCHER]: Processing file changes in outputs
[NX v21.5.1 Daemon Server] - 2025-09-11T07:04:59.019Z - [WATCHER]: apps/backend/src/test/resources/data-h2.sql was created or restored
[NX v21.5.1 Daemon Server] - 2025-09-11T07:04:59.120Z - [REQUEST]: Updated workspace context based on watched changes, recomputing project graph...
[NX v21.5.1 Daemon Server] - 2025-09-11T07:04:59.121Z - [REQUEST]: apps/backend/src/test/resources/data-h2.sql
[NX v21.5.1 Daemon Server] - 2025-09-11T07:04:59.121Z - [REQUEST]: 
Time for 'nx/js/dependencies-and-lockfile:createNodes' 0.16620799992233515
[NX v21.5.1 Daemon Server] - 2025-09-11T07:04:59.125Z - Time taken for 'hash changed files from watcher' 0.5989999994635582ms
Time for 'nx/core/project-json:createNodes' 0.09475000016391277
Time for 'nx/core/package-json:createNodes' 0.6585410004481673
[NX v21.5.1 Daemon Server] - 2025-09-11T07:04:59.133Z - Time taken for 'build-project-configs' 3.2767080003395677ms
Time for 'build typescript dependencies' 0.017707999795675278
[NX v21.5.1 Daemon Server] - 2025-09-11T07:04:59.136Z - Wrote project graph cache to /Users/curiosity/tools/wcw/.nx/workspace-data/project-graph.json
[NX v21.5.1 Daemon Server] - 2025-09-11T07:04:59.136Z - [SYNC]: collect registered sync generators
[NX v21.5.1 Daemon Server] - 2025-09-11T07:04:59.136Z - [SYNC]: project graph hash is the same, not collecting task sync generators
[NX v21.5.1 Daemon Server] - 2025-09-11T07:04:59.136Z - [SYNC]: nx.json hash is the same, not collecting global sync generators
[NX v21.5.1 Daemon Server] - 2025-09-11T07:04:59.137Z - Time taken for 'total execution time for createProjectGraph()' 3.2736669993028045ms
[NX v21.5.1 Daemon Server] - 2025-09-11T07:04:59.489Z - [WATCHER]: apps/backend/target/test-classes/data-h2.sql was created or restored
[NX v21.5.1 Daemon Server] - 2025-09-11T07:04:59.490Z - [WATCHER]: Processing file changes in outputs
[NX v21.5.1 Daemon Server] - 2025-09-11T07:04:59.592Z - [REQUEST]: Updated workspace context based on watched changes, recomputing project graph...
[NX v21.5.1 Daemon Server] - 2025-09-11T07:04:59.592Z - [REQUEST]: apps/backend/target/test-classes/data-h2.sql
[NX v21.5.1 Daemon Server] - 2025-09-11T07:04:59.593Z - [REQUEST]: 
[NX v21.5.1 Daemon Server] - 2025-09-11T07:04:59.595Z - Time taken for 'hash changed files from watcher' 0.5671669999137521ms
Time for 'nx/core/project-json:createNodes' 0.09533299971371889
Time for 'nx/core/package-json:createNodes' 0.2820830000564456
Time for 'nx/js/dependencies-and-lockfile:createNodes' 0.06670799944549799
[NX v21.5.1 Daemon Server] - 2025-09-11T07:04:59.605Z - Time taken for 'build-project-configs' 2.561042000539601ms
Time for 'build typescript dependencies' 0.013957999646663666
[NX v21.5.1 Daemon Server] - 2025-09-11T07:04:59.609Z - Wrote project graph cache to /Users/curiosity/tools/wcw/.nx/workspace-data/project-graph.json
[NX v21.5.1 Daemon Server] - 2025-09-11T07:04:59.609Z - [SYNC]: collect registered sync generators
[NX v21.5.1 Daemon Server] - 2025-09-11T07:04:59.610Z - [SYNC]: project graph hash is the same, not collecting task sync generators
[NX v21.5.1 Daemon Server] - 2025-09-11T07:04:59.610Z - [SYNC]: nx.json hash is the same, not collecting global sync generators
[NX v21.5.1 Daemon Server] - 2025-09-11T07:04:59.610Z - Time taken for 'total execution time for createProjectGraph()' 7.483792000450194ms
[NX v21.5.1 Daemon Server] - 2025-09-11T07:05:03.331Z - [WATCHER]: 3 file(s) created or restored, 0 file(s) modified, 0 file(s) deleted
[NX v21.5.1 Daemon Server] - 2025-09-11T07:05:03.332Z - [WATCHER]: Processing file changes in outputs
[NX v21.5.1 Daemon Server] - 2025-09-11T07:05:03.388Z - [WATCHER]: 3 file(s) created or restored, 2 file(s) modified, 0 file(s) deleted
[NX v21.5.1 Daemon Server] - 2025-09-11T07:05:03.388Z - [WATCHER]: Processing file changes in outputs
[NX v21.5.1 Daemon Server] - 2025-09-11T07:05:03.434Z - [REQUEST]: Updated workspace context based on watched changes, recomputing project graph...
[NX v21.5.1 Daemon Server] - 2025-09-11T07:05:03.434Z - [REQUEST]: apps/backend/target/classes/application.properties,apps/backend/target/classes/schema.sql,apps/backend/target/classes/data.sql,apps/backend/target/test-classes/application.properties,apps/backend/target/test-classes/schema-h2.sql,apps/backend/target/test-classes/data-h2.sql,apps/backend/target/maven-status/maven-compiler-plugin/testCompile/default-testCompile/inputFiles.lst,apps/backend/target/maven-status/maven-compiler-plugin/compile/default-compile/inputFiles.lst
[NX v21.5.1 Daemon Server] - 2025-09-11T07:05:03.434Z - [REQUEST]: 
[NX v21.5.1 Daemon Server] - 2025-09-11T07:05:03.435Z - Time taken for 'hash changed files from watcher' 0.41466599982231855ms
Time for 'nx/js/dependencies-and-lockfile:createNodes' 0.04537499975413084
Time for 'nx/core/project-json:createNodes' 0.07304200064390898
Time for 'nx/core/package-json:createNodes' 0.2427920000627637
[NX v21.5.1 Daemon Server] - 2025-09-11T07:05:03.436Z - Time taken for 'build-project-configs' 0.934582999907434ms
Time for 'build typescript dependencies' 0.005874999798834324
[NX v21.5.1 Daemon Server] - 2025-09-11T07:05:03.438Z - Wrote project graph cache to /Users/curiosity/tools/wcw/.nx/workspace-data/project-graph.json
[NX v21.5.1 Daemon Server] - 2025-09-11T07:05:03.438Z - [SYNC]: collect registered sync generators
[NX v21.5.1 Daemon Server] - 2025-09-11T07:05:03.438Z - [SYNC]: project graph hash is the same, not collecting task sync generators
[NX v21.5.1 Daemon Server] - 2025-09-11T07:05:03.438Z - [SYNC]: nx.json hash is the same, not collecting global sync generators
[NX v21.5.1 Daemon Server] - 2025-09-11T07:05:03.438Z - Time taken for 'total execution time for createProjectGraph()' 1.002624999731779ms
[NX v21.5.1 Daemon Server] - 2025-09-11T07:05:03.536Z - [WATCHER]: Processing file changes in outputs
[NX v21.5.1 Daemon Server] - 2025-09-11T07:05:03.536Z - [WATCHER]: 3 file(s) created or restored, 0 file(s) modified, 0 file(s) deleted
[NX v21.5.1 Daemon Server] - 2025-09-11T07:05:03.638Z - [REQUEST]: Updated workspace context based on watched changes, recomputing project graph...
[NX v21.5.1 Daemon Server] - 2025-09-11T07:05:03.638Z - [REQUEST]: apps/backend/target/surefire/surefirebooter-20250911150503471_3.jar,apps/backend/target/surefire/surefire-20250911150503471_1tmp,apps/backend/target/surefire/surefire_0-20250911150503471_2tmp
[NX v21.5.1 Daemon Server] - 2025-09-11T07:05:03.638Z - [REQUEST]: 
Time for 'nx/js/dependencies-and-lockfile:createNodes' 0.029457999393343925
[NX v21.5.1 Daemon Server] - 2025-09-11T07:05:03.639Z - Time taken for 'hash changed files from watcher' 0.23708400037139654ms
Time for 'nx/core/project-json:createNodes' 0.03970799967646599
Time for 'nx/core/package-json:createNodes' 0.2068750001490116
[NX v21.5.1 Daemon Server] - 2025-09-11T07:05:03.640Z - Time taken for 'build-project-configs' 0.9664160003885627ms
Time for 'build typescript dependencies' 0.0044999998062849045
[NX v21.5.1 Daemon Server] - 2025-09-11T07:05:03.641Z - Wrote project graph cache to /Users/curiosity/tools/wcw/.nx/workspace-data/project-graph.json
[NX v21.5.1 Daemon Server] - 2025-09-11T07:05:03.641Z - [SYNC]: collect registered sync generators
[NX v21.5.1 Daemon Server] - 2025-09-11T07:05:03.641Z - [SYNC]: project graph hash is the same, not collecting task sync generators
[NX v21.5.1 Daemon Server] - 2025-09-11T07:05:03.641Z - [SYNC]: nx.json hash is the same, not collecting global sync generators
[NX v21.5.1 Daemon Server] - 2025-09-11T07:05:03.641Z - Time taken for 'total execution time for createProjectGraph()' 0.6350420005619526ms
[NX v21.5.1 Daemon Server] - 2025-09-11T07:05:05.154Z - [WATCHER]: 1 file(s) created or restored, 1 file(s) modified, 0 file(s) deleted
[NX v21.5.1 Daemon Server] - 2025-09-11T07:05:05.155Z - [WATCHER]: Processing file changes in outputs
[NX v21.5.1 Daemon Server] - 2025-09-11T07:05:05.246Z - [WATCHER]: 1 file(s) created or restored, 1 file(s) modified, 0 file(s) deleted
[NX v21.5.1 Daemon Server] - 2025-09-11T07:05:05.246Z - [WATCHER]: Processing file changes in outputs
[NX v21.5.1 Daemon Server] - 2025-09-11T07:05:05.255Z - [REQUEST]: Updated workspace context based on watched changes, recomputing project graph...
[NX v21.5.1 Daemon Server] - 2025-09-11T07:05:05.255Z - [REQUEST]: apps/backend/target/surefire-reports/TEST-com.shanergy.bprev.security.SecurityPublicEndpointsTest.xml,apps/backend/target/surefire-reports/com.shanergy.bprev.security.SecurityPublicEndpointsTest.txt,apps/backend/target/surefire-reports/TEST-com.shanergy.bprev.security.SecurityProtectedEndpointsTest.xml,apps/backend/target/surefire-reports/com.shanergy.bprev.security.SecurityProtectedEndpointsTest.txt
[NX v21.5.1 Daemon Server] - 2025-09-11T07:05:05.255Z - [REQUEST]: 
[NX v21.5.1 Daemon Server] - 2025-09-11T07:05:05.256Z - Time taken for 'hash changed files from watcher' 0.37870899960398674ms
Time for 'nx/js/dependencies-and-lockfile:createNodes' 0.036084000021219254
Time for 'nx/core/project-json:createNodes' 0.03775000013411045
Time for 'nx/core/package-json:createNodes' 0.11954099964350462
[NX v21.5.1 Daemon Server] - 2025-09-11T07:05:05.260Z - Time taken for 'build-project-configs' 0.9210839997977018ms
Time for 'build typescript dependencies' 0.010999999940395355
[NX v21.5.1 Daemon Server] - 2025-09-11T07:05:05.263Z - Wrote project graph cache to /Users/curiosity/tools/wcw/.nx/workspace-data/project-graph.json
[NX v21.5.1 Daemon Server] - 2025-09-11T07:05:05.263Z - [SYNC]: collect registered sync generators
[NX v21.5.1 Daemon Server] - 2025-09-11T07:05:05.263Z - [SYNC]: project graph hash is the same, not collecting task sync generators
[NX v21.5.1 Daemon Server] - 2025-09-11T07:05:05.263Z - [SYNC]: nx.json hash is the same, not collecting global sync generators
[NX v21.5.1 Daemon Server] - 2025-09-11T07:05:05.263Z - Time taken for 'total execution time for createProjectGraph()' 3.4652920002117753ms
[NX v21.5.1 Daemon Server] - 2025-09-11T07:05:05.316Z - [WATCHER]: 1 file(s) created or restored, 1 file(s) modified, 0 file(s) deleted
[NX v21.5.1 Daemon Server] - 2025-09-11T07:05:05.316Z - [WATCHER]: Processing file changes in outputs
[NX v21.5.1 Daemon Server] - 2025-09-11T07:05:05.419Z - [REQUEST]: Updated workspace context based on watched changes, recomputing project graph...
[NX v21.5.1 Daemon Server] - 2025-09-11T07:05:05.419Z - [REQUEST]: apps/backend/target/surefire-reports/TEST-com.shanergy.bprev.controller.HealthControllerTest.xml,apps/backend/target/surefire-reports/com.shanergy.bprev.controller.HealthControllerTest.txt
[NX v21.5.1 Daemon Server] - 2025-09-11T07:05:05.420Z - [REQUEST]: 
[NX v21.5.1 Daemon Server] - 2025-09-11T07:05:05.423Z - Time taken for 'hash changed files from watcher' 1.1631669998168945ms
Time for 'nx/js/dependencies-and-lockfile:createNodes' 0.03487499989569187
Time for 'nx/core/project-json:createNodes' 0.4084170004352927
Time for 'nx/core/package-json:createNodes' 0.797083000652492
[NX v21.5.1 Daemon Server] - 2025-09-11T07:05:05.433Z - Time taken for 'build-project-configs' 7.901208000257611ms
[NX v21.5.1 Daemon Server] - 2025-09-11T07:05:05.434Z - [WATCHER]: 1 file(s) created or restored, 1 file(s) modified, 0 file(s) deleted
[NX v21.5.1 Daemon Server] - 2025-09-11T07:05:05.435Z - [WATCHER]: Processing file changes in outputs
Time for 'build typescript dependencies' 0.008583000861108303
[NX v21.5.1 Daemon Server] - 2025-09-11T07:05:05.441Z - Wrote project graph cache to /Users/curiosity/tools/wcw/.nx/workspace-data/project-graph.json
[NX v21.5.1 Daemon Server] - 2025-09-11T07:05:05.441Z - [SYNC]: collect registered sync generators
[NX v21.5.1 Daemon Server] - 2025-09-11T07:05:05.441Z - [SYNC]: project graph hash is the same, not collecting task sync generators
[NX v21.5.1 Daemon Server] - 2025-09-11T07:05:05.441Z - [SYNC]: nx.json hash is the same, not collecting global sync generators
[NX v21.5.1 Daemon Server] - 2025-09-11T07:05:05.441Z - Time taken for 'total execution time for createProjectGraph()' 7.294958000071347ms
[NX v21.5.1 Daemon Server] - 2025-09-11T07:05:05.536Z - [REQUEST]: Updated workspace context based on watched changes, recomputing project graph...
[NX v21.5.1 Daemon Server] - 2025-09-11T07:05:05.536Z - [REQUEST]: apps/backend/target/surefire-reports/TEST-com.shanergy.bprev.controller.ProtectedControllerIntegrationTest.xml,apps/backend/target/surefire-reports/com.shanergy.bprev.controller.ProtectedControllerIntegrationTest.txt
[NX v21.5.1 Daemon Server] - 2025-09-11T07:05:05.536Z - [REQUEST]: 
Time for 'nx/js/dependencies-and-lockfile:createNodes' 0.045375000685453415
[NX v21.5.1 Daemon Server] - 2025-09-11T07:05:05.539Z - Time taken for 'hash changed files from watcher' 0.6426250003278255ms
Time for 'nx/core/package-json:createNodes' 0.18420800007879734
Time for 'nx/core/project-json:createNodes' 0.034292000345885754
[NX v21.5.1 Daemon Server] - 2025-09-11T07:05:05.541Z - Time taken for 'build-project-configs' 0.8179999999701977ms
Time for 'build typescript dependencies' 0.01262499950826168
[NX v21.5.1 Daemon Server] - 2025-09-11T07:05:05.545Z - Wrote project graph cache to /Users/curiosity/tools/wcw/.nx/workspace-data/project-graph.json
[NX v21.5.1 Daemon Server] - 2025-09-11T07:05:05.545Z - [SYNC]: collect registered sync generators
[NX v21.5.1 Daemon Server] - 2025-09-11T07:05:05.545Z - [SYNC]: project graph hash is the same, not collecting task sync generators
[NX v21.5.1 Daemon Server] - 2025-09-11T07:05:05.545Z - [SYNC]: nx.json hash is the same, not collecting global sync generators
[NX v21.5.1 Daemon Server] - 2025-09-11T07:05:05.545Z - Time taken for 'total execution time for createProjectGraph()' 2.632333000190556ms
[NX v21.5.1 Daemon Server] - 2025-09-11T07:05:05.735Z - [WATCHER]: Processing file changes in outputs
[NX v21.5.1 Daemon Server] - 2025-09-11T07:05:05.736Z - [WATCHER]: 1 file(s) created or restored, 1 file(s) modified, 0 file(s) deleted
[NX v21.5.1 Daemon Server] - 2025-09-11T07:05:05.803Z - [WATCHER]: 0 file(s) created or restored, 0 file(s) modified, 3 file(s) deleted
[NX v21.5.1 Daemon Server] - 2025-09-11T07:05:05.803Z - [WATCHER]: Processing file changes in outputs
[NX v21.5.1 Daemon Server] - 2025-09-11T07:05:05.837Z - [REQUEST]: Updated workspace context based on watched changes, recomputing project graph...
[NX v21.5.1 Daemon Server] - 2025-09-11T07:05:05.837Z - [REQUEST]: apps/backend/target/surefire-reports/TEST-com.shanergy.bprev.controller.AuthControllerTest.xml,apps/backend/target/surefire-reports/com.shanergy.bprev.controller.AuthControllerTest.txt
[NX v21.5.1 Daemon Server] - 2025-09-11T07:05:05.837Z - [REQUEST]: apps/backend/target/surefire/surefirebooter-20250911150503471_3.jar,apps/backend/target/surefire/surefire-20250911150503471_1tmp,apps/backend/target/surefire/surefire_0-20250911150503471_2tmp
Time for 'nx/js/dependencies-and-lockfile:createNodes' 0.027457999996840954
Time for 'nx/core/project-json:createNodes' 0.047584000043570995
Time for 'nx/core/package-json:createNodes' 0.11487499997019768
[NX v21.5.1 Daemon Server] - 2025-09-11T07:05:05.838Z - Time taken for 'hash changed files from watcher' 0.2347079999744892ms
[NX v21.5.1 Daemon Server] - 2025-09-11T07:05:05.838Z - Time taken for 'build-project-configs' 0.47387500014156103ms
Time for 'build typescript dependencies' 0.0052089998498559
[NX v21.5.1 Daemon Server] - 2025-09-11T07:05:05.840Z - Wrote project graph cache to /Users/curiosity/tools/wcw/.nx/workspace-data/project-graph.json
[NX v21.5.1 Daemon Server] - 2025-09-11T07:05:05.840Z - [SYNC]: collect registered sync generators
[NX v21.5.1 Daemon Server] - 2025-09-11T07:05:05.840Z - [SYNC]: project graph hash is the same, not collecting task sync generators
[NX v21.5.1 Daemon Server] - 2025-09-11T07:05:05.840Z - [SYNC]: nx.json hash is the same, not collecting global sync generators
[NX v21.5.1 Daemon Server] - 2025-09-11T07:05:05.840Z - Time taken for 'total execution time for createProjectGraph()' 1.0053329998627305ms
[NX v21.5.1 Daemon Server] - 2025-09-11T07:05:18.785Z - [WATCHER]: apps/backend/src/test/resources/application.properties was modified
[NX v21.5.1 Daemon Server] - 2025-09-11T07:05:18.785Z - [WATCHER]: Processing file changes in outputs
[NX v21.5.1 Daemon Server] - 2025-09-11T07:05:18.987Z - [REQUEST]: Updated workspace context based on watched changes, recomputing project graph...
[NX v21.5.1 Daemon Server] - 2025-09-11T07:05:18.987Z - [REQUEST]: apps/backend/src/test/resources/application.properties
[NX v21.5.1 Daemon Server] - 2025-09-11T07:05:18.987Z - [REQUEST]: 
Time for 'nx/js/dependencies-and-lockfile:createNodes' 0.05812499951571226
Time for 'nx/core/project-json:createNodes' 0.11741700023412704
Time for 'nx/core/package-json:createNodes' 0.3651249995455146
[NX v21.5.1 Daemon Server] - 2025-09-11T07:05:18.990Z - Time taken for 'hash changed files from watcher' 0.5065830005332828ms
[NX v21.5.1 Daemon Server] - 2025-09-11T07:05:18.993Z - Time taken for 'build-project-configs' 2.408750000409782ms
Time for 'build typescript dependencies' 0.013083000667393208
[NX v21.5.1 Daemon Server] - 2025-09-11T07:05:18.998Z - Wrote project graph cache to /Users/curiosity/tools/wcw/.nx/workspace-data/project-graph.json
[NX v21.5.1 Daemon Server] - 2025-09-11T07:05:18.998Z - [SYNC]: collect registered sync generators
[NX v21.5.1 Daemon Server] - 2025-09-11T07:05:18.998Z - [SYNC]: project graph hash is the same, not collecting task sync generators
[NX v21.5.1 Daemon Server] - 2025-09-11T07:05:18.998Z - [SYNC]: nx.json hash is the same, not collecting global sync generators
[NX v21.5.1 Daemon Server] - 2025-09-11T07:05:18.998Z - Time taken for 'total execution time for createProjectGraph()' 2.2298330003395677ms
[NX v21.5.1 Daemon Server] - 2025-09-11T07:05:19.251Z - [WATCHER]: apps/backend/target/test-classes/application.properties was created or restored
[NX v21.5.1 Daemon Server] - 2025-09-11T07:05:19.251Z - [WATCHER]: Processing file changes in outputs
[NX v21.5.1 Daemon Server] - 2025-09-11T07:05:19.353Z - [REQUEST]: Updated workspace context based on watched changes, recomputing project graph...
[NX v21.5.1 Daemon Server] - 2025-09-11T07:05:19.354Z - [REQUEST]: apps/backend/target/test-classes/application.properties
[NX v21.5.1 Daemon Server] - 2025-09-11T07:05:19.354Z - [REQUEST]: 
Time for 'nx/js/dependencies-and-lockfile:createNodes' 0.18162500020116568
[NX v21.5.1 Daemon Server] - 2025-09-11T07:05:19.358Z - Time taken for 'hash changed files from watcher' 0.8540830006822944ms
Time for 'nx/core/project-json:createNodes' 1.1722089992836118
Time for 'nx/core/package-json:createNodes' 2.831915999762714
[NX v21.5.1 Daemon Server] - 2025-09-11T07:05:19.365Z - Time taken for 'build-project-configs' 5.746083999983966ms
Time for 'build typescript dependencies' 0.014208000153303146
[NX v21.5.1 Daemon Server] - 2025-09-11T07:05:19.367Z - Wrote project graph cache to /Users/curiosity/tools/wcw/.nx/workspace-data/project-graph.json
[NX v21.5.1 Daemon Server] - 2025-09-11T07:05:19.367Z - [SYNC]: collect registered sync generators
[NX v21.5.1 Daemon Server] - 2025-09-11T07:05:19.367Z - [SYNC]: project graph hash is the same, not collecting task sync generators
[NX v21.5.1 Daemon Server] - 2025-09-11T07:05:19.367Z - [SYNC]: nx.json hash is the same, not collecting global sync generators
[NX v21.5.1 Daemon Server] - 2025-09-11T07:05:19.367Z - Time taken for 'total execution time for createProjectGraph()' 2.6338750002905726ms
[NX v21.5.1 Daemon Server] - 2025-09-11T07:05:23.459Z - [WATCHER]: 1 file(s) created or restored, 2 file(s) modified, 0 file(s) deleted
[NX v21.5.1 Daemon Server] - 2025-09-11T07:05:23.460Z - [WATCHER]: Processing file changes in outputs
[NX v21.5.1 Daemon Server] - 2025-09-11T07:05:23.562Z - [REQUEST]: Updated workspace context based on watched changes, recomputing project graph...
[NX v21.5.1 Daemon Server] - 2025-09-11T07:05:23.562Z - [REQUEST]: apps/backend/target/test-classes/application.properties,apps/backend/target/maven-status/maven-compiler-plugin/compile/default-compile/inputFiles.lst,apps/backend/target/maven-status/maven-compiler-plugin/testCompile/default-testCompile/inputFiles.lst
[NX v21.5.1 Daemon Server] - 2025-09-11T07:05:23.562Z - [REQUEST]: 
[NX v21.5.1 Daemon Server] - 2025-09-11T07:05:23.563Z - Time taken for 'hash changed files from watcher' 0.4211250003427267ms
Time for 'nx/js/dependencies-and-lockfile:createNodes' 0.9592090006917715
Time for 'nx/core/project-json:createNodes' 0.19029099959880114
Time for 'nx/core/package-json:createNodes' 1.002042000181973
[NX v21.5.1 Daemon Server] - 2025-09-11T07:05:23.569Z - Time taken for 'build-project-configs' 4.506209000013769ms
Time for 'build typescript dependencies' 0.013584000058472157
[NX v21.5.1 Daemon Server] - 2025-09-11T07:05:23.572Z - Wrote project graph cache to /Users/curiosity/tools/wcw/.nx/workspace-data/project-graph.json
[NX v21.5.1 Daemon Server] - 2025-09-11T07:05:23.572Z - [SYNC]: collect registered sync generators
[NX v21.5.1 Daemon Server] - 2025-09-11T07:05:23.572Z - [SYNC]: project graph hash is the same, not collecting task sync generators
[NX v21.5.1 Daemon Server] - 2025-09-11T07:05:23.572Z - [SYNC]: nx.json hash is the same, not collecting global sync generators
[NX v21.5.1 Daemon Server] - 2025-09-11T07:05:23.572Z - Time taken for 'total execution time for createProjectGraph()' 2.2468750001862645ms
[NX v21.5.1 Daemon Server] - 2025-09-11T07:05:23.615Z - [WATCHER]: 3 file(s) created or restored, 0 file(s) modified, 0 file(s) deleted
[NX v21.5.1 Daemon Server] - 2025-09-11T07:05:23.615Z - [WATCHER]: Processing file changes in outputs
[NX v21.5.1 Daemon Server] - 2025-09-11T07:05:23.717Z - [REQUEST]: Updated workspace context based on watched changes, recomputing project graph...
[NX v21.5.1 Daemon Server] - 2025-09-11T07:05:23.718Z - [REQUEST]: apps/backend/target/surefire/surefire_0-20250911150523551_2tmp,apps/backend/target/surefire/surefirebooter-20250911150523551_3.jar,apps/backend/target/surefire/surefire-20250911150523551_1tmp
[NX v21.5.1 Daemon Server] - 2025-09-11T07:05:23.718Z - [REQUEST]: 
[NX v21.5.1 Daemon Server] - 2025-09-11T07:05:23.718Z - Time taken for 'hash changed files from watcher' 1.0261669997125864ms
Time for 'nx/js/dependencies-and-lockfile:createNodes' 0.04020899999886751
Time for 'nx/core/project-json:createNodes' 0.07454200088977814
Time for 'nx/core/package-json:createNodes' 0.16258300002664328
[NX v21.5.1 Daemon Server] - 2025-09-11T07:05:23.720Z - Time taken for 'build-project-configs' 0.7529169991612434ms
Time for 'build typescript dependencies' 0.004208000376820564
[NX v21.5.1 Daemon Server] - 2025-09-11T07:05:23.721Z - Wrote project graph cache to /Users/curiosity/tools/wcw/.nx/workspace-data/project-graph.json
[NX v21.5.1 Daemon Server] - 2025-09-11T07:05:23.721Z - [SYNC]: collect registered sync generators
[NX v21.5.1 Daemon Server] - 2025-09-11T07:05:23.722Z - [SYNC]: project graph hash is the same, not collecting task sync generators
[NX v21.5.1 Daemon Server] - 2025-09-11T07:05:23.722Z - [SYNC]: nx.json hash is the same, not collecting global sync generators
[NX v21.5.1 Daemon Server] - 2025-09-11T07:05:23.722Z - Time taken for 'total execution time for createProjectGraph()' 0.8210420003160834ms
[NX v21.5.1 Daemon Server] - 2025-09-11T07:05:25.589Z - [WATCHER]: 1 file(s) created or restored, 1 file(s) modified, 0 file(s) deleted
[NX v21.5.1 Daemon Server] - 2025-09-11T07:05:25.589Z - [WATCHER]: Processing file changes in outputs
[NX v21.5.1 Daemon Server] - 2025-09-11T07:05:25.690Z - [REQUEST]: Updated workspace context based on watched changes, recomputing project graph...
[NX v21.5.1 Daemon Server] - 2025-09-11T07:05:25.690Z - [REQUEST]: apps/backend/target/surefire-reports/TEST-com.shanergy.bprev.security.SecurityPublicEndpointsTest.xml,apps/backend/target/surefire-reports/com.shanergy.bprev.security.SecurityPublicEndpointsTest.txt
[NX v21.5.1 Daemon Server] - 2025-09-11T07:05:25.690Z - [REQUEST]: 
Time for 'nx/js/dependencies-and-lockfile:createNodes' 0.25087499991059303
[NX v21.5.1 Daemon Server] - 2025-09-11T07:05:25.692Z - Time taken for 'hash changed files from watcher' 0.2099999999627471ms
Time for 'nx/core/package-json:createNodes' 0.23112499993294477
Time for 'nx/core/project-json:createNodes' 0.07970800064504147
[NX v21.5.1 Daemon Server] - 2025-09-11T07:05:25.695Z - Time taken for 'build-project-configs' 2.004583000205457ms
Time for 'build typescript dependencies' 0.007000000216066837
[NX v21.5.1 Daemon Server] - 2025-09-11T07:05:25.697Z - Wrote project graph cache to /Users/curiosity/tools/wcw/.nx/workspace-data/project-graph.json
[NX v21.5.1 Daemon Server] - 2025-09-11T07:05:25.697Z - [SYNC]: collect registered sync generators
[NX v21.5.1 Daemon Server] - 2025-09-11T07:05:25.698Z - [SYNC]: project graph hash is the same, not collecting task sync generators
[NX v21.5.1 Daemon Server] - 2025-09-11T07:05:25.698Z - [SYNC]: nx.json hash is the same, not collecting global sync generators
[NX v21.5.1 Daemon Server] - 2025-09-11T07:05:25.698Z - Time taken for 'total execution time for createProjectGraph()' 1.8668750002980232ms
[NX v21.5.1 Daemon Server] - 2025-09-11T07:05:25.729Z - [WATCHER]: 1 file(s) created or restored, 1 file(s) modified, 0 file(s) deleted
[NX v21.5.1 Daemon Server] - 2025-09-11T07:05:25.729Z - [WATCHER]: Processing file changes in outputs
[NX v21.5.1 Daemon Server] - 2025-09-11T07:05:25.831Z - [REQUEST]: Updated workspace context based on watched changes, recomputing project graph...
[NX v21.5.1 Daemon Server] - 2025-09-11T07:05:25.831Z - [REQUEST]: apps/backend/target/surefire-reports/TEST-com.shanergy.bprev.security.SecurityProtectedEndpointsTest.xml,apps/backend/target/surefire-reports/com.shanergy.bprev.security.SecurityProtectedEndpointsTest.txt
[NX v21.5.1 Daemon Server] - 2025-09-11T07:05:25.831Z - [REQUEST]: 
Time for 'nx/js/dependencies-and-lockfile:createNodes' 0.031291999854147434
[NX v21.5.1 Daemon Server] - 2025-09-11T07:05:25.832Z - Time taken for 'hash changed files from watcher' 0.4350840002298355ms
Time for 'nx/core/project-json:createNodes' 0.040874999947845936
Time for 'nx/core/package-json:createNodes' 0.25770900025963783
[NX v21.5.1 Daemon Server] - 2025-09-11T07:05:25.835Z - Time taken for 'build-project-configs' 1.4846250005066395ms
Time for 'build typescript dependencies' 0.007792000658810139
[NX v21.5.1 Daemon Server] - 2025-09-11T07:05:25.837Z - Wrote project graph cache to /Users/curiosity/tools/wcw/.nx/workspace-data/project-graph.json
[NX v21.5.1 Daemon Server] - 2025-09-11T07:05:25.837Z - [SYNC]: collect registered sync generators
[NX v21.5.1 Daemon Server] - 2025-09-11T07:05:25.837Z - [SYNC]: project graph hash is the same, not collecting task sync generators
[NX v21.5.1 Daemon Server] - 2025-09-11T07:05:25.837Z - [SYNC]: nx.json hash is the same, not collecting global sync generators
[NX v21.5.1 Daemon Server] - 2025-09-11T07:05:25.837Z - Time taken for 'total execution time for createProjectGraph()' 2.236832999624312ms
[NX v21.5.1 Daemon Server] - 2025-09-11T07:05:25.873Z - [WATCHER]: 1 file(s) created or restored, 1 file(s) modified, 0 file(s) deleted
[NX v21.5.1 Daemon Server] - 2025-09-11T07:05:25.873Z - [WATCHER]: Processing file changes in outputs
[NX v21.5.1 Daemon Server] - 2025-09-11T07:05:25.974Z - [REQUEST]: Updated workspace context based on watched changes, recomputing project graph...
[NX v21.5.1 Daemon Server] - 2025-09-11T07:05:25.974Z - [REQUEST]: apps/backend/target/surefire-reports/TEST-com.shanergy.bprev.controller.HealthControllerTest.xml,apps/backend/target/surefire-reports/com.shanergy.bprev.controller.HealthControllerTest.txt
[NX v21.5.1 Daemon Server] - 2025-09-11T07:05:25.974Z - [REQUEST]: 
[NX v21.5.1 Daemon Server] - 2025-09-11T07:05:25.975Z - Time taken for 'hash changed files from watcher' 0.45225000008940697ms
Time for 'nx/js/dependencies-and-lockfile:createNodes' 0.03229200001806021
Time for 'nx/core/project-json:createNodes' 0.03137500025331974
Time for 'nx/core/package-json:createNodes' 0.11704199947416782
[NX v21.5.1 Daemon Server] - 2025-09-11T07:05:25.976Z - Time taken for 'build-project-configs' 0.5534589998424053ms
Time for 'build typescript dependencies' 0.009750000201165676
[NX v21.5.1 Daemon Server] - 2025-09-11T07:05:25.978Z - Wrote project graph cache to /Users/curiosity/tools/wcw/.nx/workspace-data/project-graph.json
[NX v21.5.1 Daemon Server] - 2025-09-11T07:05:25.978Z - [SYNC]: collect registered sync generators
[NX v21.5.1 Daemon Server] - 2025-09-11T07:05:25.978Z - [SYNC]: project graph hash is the same, not collecting task sync generators
[NX v21.5.1 Daemon Server] - 2025-09-11T07:05:25.978Z - [SYNC]: nx.json hash is the same, not collecting global sync generators
[NX v21.5.1 Daemon Server] - 2025-09-11T07:05:25.978Z - Time taken for 'total execution time for createProjectGraph()' 1.0055419998243451ms
[NX v21.5.1 Daemon Server] - 2025-09-11T07:05:25.992Z - [WATCHER]: Processing file changes in outputs
[NX v21.5.1 Daemon Server] - 2025-09-11T07:05:25.993Z - [WATCHER]: 1 file(s) created or restored, 1 file(s) modified, 0 file(s) deleted
[NX v21.5.1 Daemon Server] - 2025-09-11T07:05:26.094Z - [REQUEST]: Updated workspace context based on watched changes, recomputing project graph...
[NX v21.5.1 Daemon Server] - 2025-09-11T07:05:26.094Z - [REQUEST]: apps/backend/target/surefire-reports/TEST-com.shanergy.bprev.controller.ProtectedControllerIntegrationTest.xml,apps/backend/target/surefire-reports/com.shanergy.bprev.controller.ProtectedControllerIntegrationTest.txt
[NX v21.5.1 Daemon Server] - 2025-09-11T07:05:26.094Z - [REQUEST]: 
[NX v21.5.1 Daemon Server] - 2025-09-11T07:05:26.095Z - Time taken for 'hash changed files from watcher' 0.23237499967217445ms
Time for 'nx/js/dependencies-and-lockfile:createNodes' 0.030167000368237495
Time for 'nx/core/project-json:createNodes' 0.04083400033414364
Time for 'nx/core/package-json:createNodes' 0.10274999961256981
[NX v21.5.1 Daemon Server] - 2025-09-11T07:05:26.096Z - Time taken for 'build-project-configs' 0.44262500014156103ms
Time for 'build typescript dependencies' 0.0032919999212026596
[NX v21.5.1 Daemon Server] - 2025-09-11T07:05:26.097Z - Wrote project graph cache to /Users/curiosity/tools/wcw/.nx/workspace-data/project-graph.json
[NX v21.5.1 Daemon Server] - 2025-09-11T07:05:26.097Z - [SYNC]: collect registered sync generators
[NX v21.5.1 Daemon Server] - 2025-09-11T07:05:26.098Z - [SYNC]: project graph hash is the same, not collecting task sync generators
[NX v21.5.1 Daemon Server] - 2025-09-11T07:05:26.098Z - [SYNC]: nx.json hash is the same, not collecting global sync generators
[NX v21.5.1 Daemon Server] - 2025-09-11T07:05:26.098Z - Time taken for 'total execution time for createProjectGraph()' 0.7396249994635582ms
[NX v21.5.1 Daemon Server] - 2025-09-11T07:05:26.170Z - [WATCHER]: 1 file(s) created or restored, 1 file(s) modified, 0 file(s) deleted
[NX v21.5.1 Daemon Server] - 2025-09-11T07:05:26.170Z - [WATCHER]: Processing file changes in outputs
[NX v21.5.1 Daemon Server] - 2025-09-11T07:05:26.231Z - [WATCHER]: 0 file(s) created or restored, 0 file(s) modified, 3 file(s) deleted
[NX v21.5.1 Daemon Server] - 2025-09-11T07:05:26.231Z - [WATCHER]: Processing file changes in outputs
[NX v21.5.1 Daemon Server] - 2025-09-11T07:05:26.271Z - [REQUEST]: Updated workspace context based on watched changes, recomputing project graph...
[NX v21.5.1 Daemon Server] - 2025-09-11T07:05:26.271Z - [REQUEST]: apps/backend/target/surefire-reports/TEST-com.shanergy.bprev.controller.AuthControllerTest.xml,apps/backend/target/surefire-reports/com.shanergy.bprev.controller.AuthControllerTest.txt
[NX v21.5.1 Daemon Server] - 2025-09-11T07:05:26.271Z - [REQUEST]: apps/backend/target/surefire/surefire-20250911150523551_1tmp,apps/backend/target/surefire/surefirebooter-20250911150523551_3.jar,apps/backend/target/surefire/surefire_0-20250911150523551_2tmp
[NX v21.5.1 Daemon Server] - 2025-09-11T07:05:26.272Z - Time taken for 'hash changed files from watcher' 0.22420800011605024ms
Time for 'nx/js/dependencies-and-lockfile:createNodes' 0.03316699992865324
Time for 'nx/core/project-json:createNodes' 0.04054100066423416
Time for 'nx/core/package-json:createNodes' 0.11554200015962124
[NX v21.5.1 Daemon Server] - 2025-09-11T07:05:26.273Z - Time taken for 'build-project-configs' 0.6840830007568002ms
Time for 'build typescript dependencies' 0.004124999977648258
[NX v21.5.1 Daemon Server] - 2025-09-11T07:05:26.274Z - Wrote project graph cache to /Users/curiosity/tools/wcw/.nx/workspace-data/project-graph.json
[NX v21.5.1 Daemon Server] - 2025-09-11T07:05:26.274Z - [SYNC]: collect registered sync generators
[NX v21.5.1 Daemon Server] - 2025-09-11T07:05:26.274Z - [SYNC]: project graph hash is the same, not collecting task sync generators
[NX v21.5.1 Daemon Server] - 2025-09-11T07:05:26.274Z - [SYNC]: nx.json hash is the same, not collecting global sync generators
[NX v21.5.1 Daemon Server] - 2025-09-11T07:05:26.274Z - Time taken for 'total execution time for createProjectGraph()' 0.6009579999372363ms
[NX v21.5.1 Daemon Server] - 2025-09-11T07:05:55.906Z - [WATCHER]: apps/backend/src/main/java/com/shanergy/bprev/security/JwtUtil.java was modified
[NX v21.5.1 Daemon Server] - 2025-09-11T07:05:55.906Z - [WATCHER]: Processing file changes in outputs
[NX v21.5.1 Daemon Server] - 2025-09-11T07:05:56.107Z - [REQUEST]: Updated workspace context based on watched changes, recomputing project graph...
[NX v21.5.1 Daemon Server] - 2025-09-11T07:05:56.107Z - [REQUEST]: apps/backend/src/main/java/com/shanergy/bprev/security/JwtUtil.java
[NX v21.5.1 Daemon Server] - 2025-09-11T07:05:56.107Z - [REQUEST]: 
Time for 'nx/js/dependencies-and-lockfile:createNodes' 0.08079199958592653
[NX v21.5.1 Daemon Server] - 2025-09-11T07:05:56.109Z - Time taken for 'hash changed files from watcher' 0.4184579998254776ms
Time for 'nx/core/project-json:createNodes' 0.10416700039058924
Time for 'nx/core/package-json:createNodes' 0.259790999814868
[NX v21.5.1 Daemon Server] - 2025-09-11T07:05:56.114Z - Time taken for 'build-project-configs' 1.330583999864757ms
Time for 'build typescript dependencies' 0.01916700042784214
[NX v21.5.1 Daemon Server] - 2025-09-11T07:05:56.121Z - Wrote project graph cache to /Users/curiosity/tools/wcw/.nx/workspace-data/project-graph.json
[NX v21.5.1 Daemon Server] - 2025-09-11T07:05:56.121Z - [SYNC]: collect registered sync generators
[NX v21.5.1 Daemon Server] - 2025-09-11T07:05:56.121Z - [SYNC]: project graph hash is the same, not collecting task sync generators
[NX v21.5.1 Daemon Server] - 2025-09-11T07:05:56.121Z - [SYNC]: nx.json hash is the same, not collecting global sync generators
[NX v21.5.1 Daemon Server] - 2025-09-11T07:05:56.121Z - Time taken for 'total execution time for createProjectGraph()' 4.526750000193715ms
[NX v21.5.1 Daemon Server] - 2025-09-11T07:05:56.491Z - [WATCHER]: apps/backend/target/classes/com/shanergy/bprev/security/JwtUtil.class was modified
[NX v21.5.1 Daemon Server] - 2025-09-11T07:05:56.491Z - [WATCHER]: Processing file changes in outputs
[NX v21.5.1 Daemon Server] - 2025-09-11T07:05:56.893Z - [REQUEST]: Updated workspace context based on watched changes, recomputing project graph...
[NX v21.5.1 Daemon Server] - 2025-09-11T07:05:56.893Z - [REQUEST]: apps/backend/target/classes/com/shanergy/bprev/security/JwtUtil.class
[NX v21.5.1 Daemon Server] - 2025-09-11T07:05:56.893Z - [REQUEST]: 
[NX v21.5.1 Daemon Server] - 2025-09-11T07:05:56.895Z - Time taken for 'hash changed files from watcher' 0.6260420000180602ms
Time for 'nx/js/dependencies-and-lockfile:createNodes' 0.1863339999690652
Time for 'nx/core/package-json:createNodes' 0.3269580006599426
Time for 'nx/core/project-json:createNodes' 0.08195800054818392
[NX v21.5.1 Daemon Server] - 2025-09-11T07:05:56.899Z - Time taken for 'build-project-configs' 0.9908339995890856ms
Time for 'build typescript dependencies' 0.023874999955296516
[NX v21.5.1 Daemon Server] - 2025-09-11T07:05:56.904Z - Wrote project graph cache to /Users/curiosity/tools/wcw/.nx/workspace-data/project-graph.json
[NX v21.5.1 Daemon Server] - 2025-09-11T07:05:56.904Z - [SYNC]: collect registered sync generators
[NX v21.5.1 Daemon Server] - 2025-09-11T07:05:56.905Z - [SYNC]: project graph hash is the same, not collecting task sync generators
[NX v21.5.1 Daemon Server] - 2025-09-11T07:05:56.905Z - [SYNC]: nx.json hash is the same, not collecting global sync generators
[NX v21.5.1 Daemon Server] - 2025-09-11T07:05:56.905Z - Time taken for 'total execution time for createProjectGraph()' 3.236166000366211ms
[NX v21.5.1 Daemon Server] - 2025-09-11T07:06:02.786Z - [WATCHER]: 0 file(s) created or restored, 2 file(s) modified, 0 file(s) deleted
[NX v21.5.1 Daemon Server] - 2025-09-11T07:06:02.786Z - [WATCHER]: Processing file changes in outputs
[NX v21.5.1 Daemon Server] - 2025-09-11T07:06:02.902Z - [WATCHER]: 3 file(s) created or restored, 0 file(s) modified, 0 file(s) deleted
[NX v21.5.1 Daemon Server] - 2025-09-11T07:06:02.902Z - [WATCHER]: Processing file changes in outputs
[NX v21.5.1 Daemon Server] - 2025-09-11T07:06:03.588Z - [REQUEST]: Updated workspace context based on watched changes, recomputing project graph...
[NX v21.5.1 Daemon Server] - 2025-09-11T07:06:03.588Z - [REQUEST]: apps/backend/target/maven-status/maven-compiler-plugin/testCompile/default-testCompile/inputFiles.lst,apps/backend/target/maven-status/maven-compiler-plugin/compile/default-compile/inputFiles.lst,apps/backend/target/surefire/surefire-20250911150602838_1tmp,apps/backend/target/surefire/surefire_0-20250911150602838_2tmp,apps/backend/target/surefire/surefirebooter-20250911150602838_3.jar
[NX v21.5.1 Daemon Server] - 2025-09-11T07:06:03.588Z - [REQUEST]: 
Time for 'nx/js/dependencies-and-lockfile:createNodes' 0.027166999876499176
Time for 'nx/core/package-json:createNodes' 0.09933300036936998
[NX v21.5.1 Daemon Server] - 2025-09-11T07:06:03.589Z - Time taken for 'hash changed files from watcher' 0.3449999997392297ms
Time for 'nx/core/project-json:createNodes' 0.03225000016391277
[NX v21.5.1 Daemon Server] - 2025-09-11T07:06:03.590Z - Time taken for 'build-project-configs' 0.5766669996082783ms
Time for 'build typescript dependencies' 0.005959000438451767
[NX v21.5.1 Daemon Server] - 2025-09-11T07:06:03.593Z - Wrote project graph cache to /Users/curiosity/tools/wcw/.nx/workspace-data/project-graph.json
[NX v21.5.1 Daemon Server] - 2025-09-11T07:06:03.593Z - [SYNC]: collect registered sync generators
[NX v21.5.1 Daemon Server] - 2025-09-11T07:06:03.593Z - [SYNC]: project graph hash is the same, not collecting task sync generators
[NX v21.5.1 Daemon Server] - 2025-09-11T07:06:03.593Z - [SYNC]: nx.json hash is the same, not collecting global sync generators
[NX v21.5.1 Daemon Server] - 2025-09-11T07:06:03.593Z - Time taken for 'total execution time for createProjectGraph()' 1.2165409997105598ms
[NX v21.5.1 Daemon Server] - 2025-09-11T07:06:05.254Z - [WATCHER]: 2 file(s) created or restored, 2 file(s) modified, 0 file(s) deleted
[NX v21.5.1 Daemon Server] - 2025-09-11T07:06:05.254Z - [WATCHER]: Processing file changes in outputs
[NX v21.5.1 Daemon Server] - 2025-09-11T07:06:05.355Z - [REQUEST]: Updated workspace context based on watched changes, recomputing project graph...
[NX v21.5.1 Daemon Server] - 2025-09-11T07:06:05.355Z - [REQUEST]: apps/backend/target/surefire-reports/TEST-com.shanergy.bprev.security.SecurityPublicEndpointsTest.xml,apps/backend/target/surefire-reports/TEST-com.shanergy.bprev.security.SecurityProtectedEndpointsTest.xml,apps/backend/target/surefire-reports/com.shanergy.bprev.security.SecurityPublicEndpointsTest.txt,apps/backend/target/surefire-reports/com.shanergy.bprev.security.SecurityProtectedEndpointsTest.txt
[NX v21.5.1 Daemon Server] - 2025-09-11T07:06:05.355Z - [REQUEST]: 
[NX v21.5.1 Daemon Server] - 2025-09-11T07:06:05.356Z - Time taken for 'hash changed files from watcher' 0.3098340006545186ms
Time for 'nx/core/project-json:createNodes' 0.027500000782310963
Time for 'nx/js/dependencies-and-lockfile:createNodes' 0.062207999639213085
Time for 'nx/core/package-json:createNodes' 0.16154100000858307
[NX v21.5.1 Daemon Server] - 2025-09-11T07:06:05.357Z - Time taken for 'build-project-configs' 0.508291999809444ms
Time for 'build typescript dependencies' 0.005084000527858734
[NX v21.5.1 Daemon Server] - 2025-09-11T07:06:05.358Z - Wrote project graph cache to /Users/curiosity/tools/wcw/.nx/workspace-data/project-graph.json
[NX v21.5.1 Daemon Server] - 2025-09-11T07:06:05.358Z - [SYNC]: collect registered sync generators
[NX v21.5.1 Daemon Server] - 2025-09-11T07:06:05.358Z - [SYNC]: project graph hash is the same, not collecting task sync generators
[NX v21.5.1 Daemon Server] - 2025-09-11T07:06:05.358Z - [SYNC]: nx.json hash is the same, not collecting global sync generators
[NX v21.5.1 Daemon Server] - 2025-09-11T07:06:05.358Z - Time taken for 'total execution time for createProjectGraph()' 0.6376669993624091ms
[NX v21.5.1 Daemon Server] - 2025-09-11T07:06:05.416Z - [WATCHER]: 1 file(s) created or restored, 1 file(s) modified, 0 file(s) deleted
[NX v21.5.1 Daemon Server] - 2025-09-11T07:06:05.416Z - [WATCHER]: Processing file changes in outputs
[NX v21.5.1 Daemon Server] - 2025-09-11T07:06:05.518Z - [REQUEST]: Updated workspace context based on watched changes, recomputing project graph...
[NX v21.5.1 Daemon Server] - 2025-09-11T07:06:05.518Z - [REQUEST]: apps/backend/target/surefire-reports/TEST-com.shanergy.bprev.controller.HealthControllerTest.xml,apps/backend/target/surefire-reports/com.shanergy.bprev.controller.HealthControllerTest.txt
[NX v21.5.1 Daemon Server] - 2025-09-11T07:06:05.518Z - [REQUEST]: 
[NX v21.5.1 Daemon Server] - 2025-09-11T07:06:05.518Z - Time taken for 'hash changed files from watcher' 0.2719999998807907ms
Time for 'nx/core/project-json:createNodes' 0.04787500016391277
Time for 'nx/js/dependencies-and-lockfile:createNodes' 0.038165999576449394
Time for 'nx/core/package-json:createNodes' 0.16125000081956387
[NX v21.5.1 Daemon Server] - 2025-09-11T07:06:05.520Z - Time taken for 'build-project-configs' 0.6290830001235008ms
Time for 'build typescript dependencies' 0.017167000100016594
[NX v21.5.1 Daemon Server] - 2025-09-11T07:06:05.523Z - Wrote project graph cache to /Users/curiosity/tools/wcw/.nx/workspace-data/project-graph.json
[NX v21.5.1 Daemon Server] - 2025-09-11T07:06:05.523Z - [SYNC]: collect registered sync generators
[NX v21.5.1 Daemon Server] - 2025-09-11T07:06:05.523Z - [SYNC]: project graph hash is the same, not collecting task sync generators
[NX v21.5.1 Daemon Server] - 2025-09-11T07:06:05.523Z - [SYNC]: nx.json hash is the same, not collecting global sync generators
[NX v21.5.1 Daemon Server] - 2025-09-11T07:06:05.523Z - Time taken for 'total execution time for createProjectGraph()' 1.987457999959588ms
[NX v21.5.1 Daemon Server] - 2025-09-11T07:06:05.576Z - [WATCHER]: 2 file(s) created or restored, 2 file(s) modified, 0 file(s) deleted
[NX v21.5.1 Daemon Server] - 2025-09-11T07:06:05.576Z - [WATCHER]: Processing file changes in outputs
[NX v21.5.1 Daemon Server] - 2025-09-11T07:06:05.677Z - [REQUEST]: Updated workspace context based on watched changes, recomputing project graph...
[NX v21.5.1 Daemon Server] - 2025-09-11T07:06:05.677Z - [REQUEST]: apps/backend/target/surefire-reports/TEST-com.shanergy.bprev.controller.AuthControllerTest.xml,apps/backend/target/surefire-reports/TEST-com.shanergy.bprev.controller.ProtectedControllerIntegrationTest.xml,apps/backend/target/surefire-reports/com.shanergy.bprev.controller.AuthControllerTest.txt,apps/backend/target/surefire-reports/com.shanergy.bprev.controller.ProtectedControllerIntegrationTest.txt
[NX v21.5.1 Daemon Server] - 2025-09-11T07:06:05.677Z - [REQUEST]: 
Time for 'nx/js/dependencies-and-lockfile:createNodes' 0.04358300007879734
[NX v21.5.1 Daemon Server] - 2025-09-11T07:06:05.678Z - Time taken for 'hash changed files from watcher' 0.3375840000808239ms
Time for 'nx/core/project-json:createNodes' 0.05158399976789951
Time for 'nx/core/package-json:createNodes' 0.18254199996590614
[NX v21.5.1 Daemon Server] - 2025-09-11T07:06:05.680Z - Time taken for 'build-project-configs' 0.6060830000787973ms
Time for 'build typescript dependencies' 0.006250000558793545
[NX v21.5.1 Daemon Server] - 2025-09-11T07:06:05.681Z - Wrote project graph cache to /Users/curiosity/tools/wcw/.nx/workspace-data/project-graph.json
[NX v21.5.1 Daemon Server] - 2025-09-11T07:06:05.681Z - [SYNC]: collect registered sync generators
[NX v21.5.1 Daemon Server] - 2025-09-11T07:06:05.681Z - [SYNC]: project graph hash is the same, not collecting task sync generators
[NX v21.5.1 Daemon Server] - 2025-09-11T07:06:05.681Z - [SYNC]: nx.json hash is the same, not collecting global sync generators
[NX v21.5.1 Daemon Server] - 2025-09-11T07:06:05.681Z - Time taken for 'total execution time for createProjectGraph()' 1.1192910000681877ms
[NX v21.5.1 Daemon Server] - 2025-09-11T07:06:05.843Z - [WATCHER]: 0 file(s) created or restored, 0 file(s) modified, 3 file(s) deleted
[NX v21.5.1 Daemon Server] - 2025-09-11T07:06:05.843Z - [WATCHER]: Processing file changes in outputs
[NX v21.5.1 Daemon Server] - 2025-09-11T07:06:06.045Z - [REQUEST]: Updated workspace context based on watched changes, recomputing project graph...
[NX v21.5.1 Daemon Server] - 2025-09-11T07:06:06.045Z - [REQUEST]: 
[NX v21.5.1 Daemon Server] - 2025-09-11T07:06:06.045Z - [REQUEST]: apps/backend/target/surefire/surefire-20250911150602838_1tmp,apps/backend/target/surefire/surefirebooter-20250911150602838_3.jar,apps/backend/target/surefire/surefire_0-20250911150602838_2tmp
[NX v21.5.1 Daemon Server] - 2025-09-11T07:06:06.046Z - Time taken for 'hash changed files from watcher' 0.49683399964123964ms
Time for 'nx/js/dependencies-and-lockfile:createNodes' 0.15579199977219105
Time for 'nx/core/package-json:createNodes' 0.4003750002011657
Time for 'nx/core/project-json:createNodes' 0.13458400033414364
[NX v21.5.1 Daemon Server] - 2025-09-11T07:06:06.050Z - Time taken for 'build-project-configs' 1.5300000002607703ms
Time for 'build typescript dependencies' 0.02212500013411045
[NX v21.5.1 Daemon Server] - 2025-09-11T07:06:06.055Z - Wrote project graph cache to /Users/curiosity/tools/wcw/.nx/workspace-data/project-graph.json
[NX v21.5.1 Daemon Server] - 2025-09-11T07:06:06.056Z - [SYNC]: collect registered sync generators
[NX v21.5.1 Daemon Server] - 2025-09-11T07:06:06.056Z - [SYNC]: project graph hash is the same, not collecting task sync generators
[NX v21.5.1 Daemon Server] - 2025-09-11T07:06:06.056Z - [SYNC]: nx.json hash is the same, not collecting global sync generators
[NX v21.5.1 Daemon Server] - 2025-09-11T07:06:06.056Z - Time taken for 'total execution time for createProjectGraph()' 2.690000000409782ms
[NX v21.5.1 Daemon Server] - 2025-09-11T07:06:42.906Z - [WATCHER]: 0 file(s) created or restored, 2 file(s) modified, 0 file(s) deleted
[NX v21.5.1 Daemon Server] - 2025-09-11T07:06:42.907Z - [WATCHER]: Processing file changes in outputs
[NX v21.5.1 Daemon Server] - 2025-09-11T07:06:43.032Z - [WATCHER]: Processing file changes in outputs
[NX v21.5.1 Daemon Server] - 2025-09-11T07:06:43.032Z - [WATCHER]: 3 file(s) created or restored, 0 file(s) modified, 0 file(s) deleted
[NX v21.5.1 Daemon Server] - 2025-09-11T07:06:43.308Z - [REQUEST]: Updated workspace context based on watched changes, recomputing project graph...
[NX v21.5.1 Daemon Server] - 2025-09-11T07:06:43.308Z - [REQUEST]: apps/backend/target/maven-status/maven-compiler-plugin/testCompile/default-testCompile/inputFiles.lst,apps/backend/target/maven-status/maven-compiler-plugin/compile/default-compile/inputFiles.lst,apps/backend/target/surefire/surefire-20250911150642967_1tmp,apps/backend/target/surefire/surefirebooter-20250911150642967_3.jar,apps/backend/target/surefire/surefire_0-20250911150642967_2tmp
[NX v21.5.1 Daemon Server] - 2025-09-11T07:06:43.308Z - [REQUEST]: 
Time for 'nx/js/dependencies-and-lockfile:createNodes' 0.038750000298023224
[NX v21.5.1 Daemon Server] - 2025-09-11T07:06:43.309Z - Time taken for 'hash changed files from watcher' 0.29962499998509884ms
Time for 'nx/core/project-json:createNodes' 0.0502920001745224
Time for 'nx/core/package-json:createNodes' 0.14670800045132637
[NX v21.5.1 Daemon Server] - 2025-09-11T07:06:43.310Z - Time taken for 'build-project-configs' 0.6278330003842711ms
Time for 'build typescript dependencies' 0.005665999837219715
[NX v21.5.1 Daemon Server] - 2025-09-11T07:06:43.312Z - Wrote project graph cache to /Users/curiosity/tools/wcw/.nx/workspace-data/project-graph.json
[NX v21.5.1 Daemon Server] - 2025-09-11T07:06:43.312Z - [SYNC]: collect registered sync generators
[NX v21.5.1 Daemon Server] - 2025-09-11T07:06:43.312Z - [SYNC]: project graph hash is the same, not collecting task sync generators
[NX v21.5.1 Daemon Server] - 2025-09-11T07:06:43.312Z - [SYNC]: nx.json hash is the same, not collecting global sync generators
[NX v21.5.1 Daemon Server] - 2025-09-11T07:06:43.312Z - Time taken for 'total execution time for createProjectGraph()' 1.6139169996604323ms
[NX v21.5.1 Daemon Server] - 2025-09-11T07:06:44.955Z - [WATCHER]: Processing file changes in outputs
[NX v21.5.1 Daemon Server] - 2025-09-11T07:06:44.956Z - [WATCHER]: 1 file(s) created or restored, 1 file(s) modified, 0 file(s) deleted
[NX v21.5.1 Daemon Server] - 2025-09-11T07:06:45.058Z - [REQUEST]: Updated workspace context based on watched changes, recomputing project graph...
[NX v21.5.1 Daemon Server] - 2025-09-11T07:06:45.058Z - [REQUEST]: apps/backend/target/surefire-reports/TEST-com.shanergy.bprev.controller.HealthControllerTest.xml,apps/backend/target/surefire-reports/com.shanergy.bprev.controller.HealthControllerTest.txt
[NX v21.5.1 Daemon Server] - 2025-09-11T07:06:45.058Z - [REQUEST]: 
[NX v21.5.1 Daemon Server] - 2025-09-11T07:06:45.058Z - Time taken for 'hash changed files from watcher' 0.25887499935925007ms
Time for 'nx/js/dependencies-and-lockfile:createNodes' 0.04079099930822849
Time for 'nx/core/project-json:createNodes' 0.056166999973356724
Time for 'nx/core/package-json:createNodes' 0.1442919997498393
[NX v21.5.1 Daemon Server] - 2025-09-11T07:06:45.059Z - Time taken for 'build-project-configs' 0.5330419996753335ms
Time for 'build typescript dependencies' 0.003957999870181084
[NX v21.5.1 Daemon Server] - 2025-09-11T07:06:45.061Z - Wrote project graph cache to /Users/curiosity/tools/wcw/.nx/workspace-data/project-graph.json
[NX v21.5.1 Daemon Server] - 2025-09-11T07:06:45.061Z - [SYNC]: collect registered sync generators
[NX v21.5.1 Daemon Server] - 2025-09-11T07:06:45.061Z - [SYNC]: project graph hash is the same, not collecting task sync generators
[NX v21.5.1 Daemon Server] - 2025-09-11T07:06:45.061Z - [SYNC]: nx.json hash is the same, not collecting global sync generators
[NX v21.5.1 Daemon Server] - 2025-09-11T07:06:45.061Z - Time taken for 'total execution time for createProjectGraph()' 0.9165000002831221ms
[NX v21.5.1 Daemon Server] - 2025-09-11T07:06:45.204Z - [WATCHER]: Processing file changes in outputs
[NX v21.5.1 Daemon Server] - 2025-09-11T07:06:45.204Z - [WATCHER]: 0 file(s) created or restored, 0 file(s) modified, 3 file(s) deleted
[NX v21.5.1 Daemon Server] - 2025-09-11T07:06:45.406Z - [REQUEST]: Updated workspace context based on watched changes, recomputing project graph...
[NX v21.5.1 Daemon Server] - 2025-09-11T07:06:45.406Z - [REQUEST]: 
[NX v21.5.1 Daemon Server] - 2025-09-11T07:06:45.406Z - [REQUEST]: apps/backend/target/surefire/surefire-20250911150642967_1tmp,apps/backend/target/surefire/surefire_0-20250911150642967_2tmp,apps/backend/target/surefire/surefirebooter-20250911150642967_3.jar
Time for 'nx/js/dependencies-and-lockfile:createNodes' 0.04941700026392937
[NX v21.5.1 Daemon Server] - 2025-09-11T07:06:45.408Z - Time taken for 'hash changed files from watcher' 0.2764579998329282ms
Time for 'nx/core/project-json:createNodes' 0.06562500074505806
Time for 'nx/core/package-json:createNodes' 0.25429200008511543
[NX v21.5.1 Daemon Server] - 2025-09-11T07:06:45.410Z - Time taken for 'build-project-configs' 0.8609579997137189ms
Time for 'build typescript dependencies' 0.014333999715745449
[NX v21.5.1 Daemon Server] - 2025-09-11T07:06:45.413Z - Wrote project graph cache to /Users/curiosity/tools/wcw/.nx/workspace-data/project-graph.json
[NX v21.5.1 Daemon Server] - 2025-09-11T07:06:45.413Z - [SYNC]: collect registered sync generators
[NX v21.5.1 Daemon Server] - 2025-09-11T07:06:45.413Z - [SYNC]: project graph hash is the same, not collecting task sync generators
[NX v21.5.1 Daemon Server] - 2025-09-11T07:06:45.413Z - [SYNC]: nx.json hash is the same, not collecting global sync generators
[NX v21.5.1 Daemon Server] - 2025-09-11T07:06:45.413Z - Time taken for 'total execution time for createProjectGraph()' 1.901583000086248ms
[NX v21.5.1 Daemon Server] - 2025-09-11T07:07:00.708Z - [WATCHER]: apps/backend/src/test/java/com/shanergy/bprev/controller/HealthControllerTest.java was modified
[NX v21.5.1 Daemon Server] - 2025-09-11T07:07:00.708Z - [WATCHER]: Processing file changes in outputs
[NX v21.5.1 Daemon Server] - 2025-09-11T07:07:01.110Z - [REQUEST]: Updated workspace context based on watched changes, recomputing project graph...
[NX v21.5.1 Daemon Server] - 2025-09-11T07:07:01.111Z - [REQUEST]: apps/backend/src/test/java/com/shanergy/bprev/controller/HealthControllerTest.java
[NX v21.5.1 Daemon Server] - 2025-09-11T07:07:01.111Z - [REQUEST]: 
Time for 'nx/js/dependencies-and-lockfile:createNodes' 0.08150000032037497
[NX v21.5.1 Daemon Server] - 2025-09-11T07:07:01.115Z - Time taken for 'hash changed files from watcher' 0.5690419999882579ms
Time for 'nx/core/project-json:createNodes' 0.2492500003427267
Time for 'nx/core/package-json:createNodes' 0.3239160003140569
[NX v21.5.1 Daemon Server] - 2025-09-11T07:07:01.119Z - Time taken for 'build-project-configs' 3.5248750001192093ms
Time for 'build typescript dependencies' 0.015332999639213085
[NX v21.5.1 Daemon Server] - 2025-09-11T07:07:01.123Z - Wrote project graph cache to /Users/curiosity/tools/wcw/.nx/workspace-data/project-graph.json
[NX v21.5.1 Daemon Server] - 2025-09-11T07:07:01.123Z - [SYNC]: collect registered sync generators
[NX v21.5.1 Daemon Server] - 2025-09-11T07:07:01.124Z - [SYNC]: project graph hash is the same, not collecting task sync generators
[NX v21.5.1 Daemon Server] - 2025-09-11T07:07:01.124Z - [SYNC]: nx.json hash is the same, not collecting global sync generators
[NX v21.5.1 Daemon Server] - 2025-09-11T07:07:01.124Z - Time taken for 'total execution time for createProjectGraph()' 3.395707999356091ms
[NX v21.5.1 Daemon Server] - 2025-09-11T07:07:01.257Z - [WATCHER]: apps/backend/target/test-classes/com/shanergy/bprev/controller/HealthControllerTest.class was modified
[NX v21.5.1 Daemon Server] - 2025-09-11T07:07:01.257Z - [WATCHER]: Processing file changes in outputs
[NX v21.5.1 Daemon Server] - 2025-09-11T07:07:02.061Z - [REQUEST]: Updated workspace context based on watched changes, recomputing project graph...
[NX v21.5.1 Daemon Server] - 2025-09-11T07:07:02.062Z - [REQUEST]: apps/backend/target/test-classes/com/shanergy/bprev/controller/HealthControllerTest.class
[NX v21.5.1 Daemon Server] - 2025-09-11T07:07:02.062Z - [REQUEST]: 
Time for 'nx/js/dependencies-and-lockfile:createNodes' 0.07300000078976154
[NX v21.5.1 Daemon Server] - 2025-09-11T07:07:02.064Z - Time taken for 'hash changed files from watcher' 1.647792000323534ms
Time for 'nx/core/project-json:createNodes' 0.08466699998825788
Time for 'nx/core/package-json:createNodes' 0.36737499944865704
[NX v21.5.1 Daemon Server] - 2025-09-11T07:07:02.069Z - Time taken for 'build-project-configs' 2.500415999442339ms
Time for 'build typescript dependencies' 0.030916000716388226
[NX v21.5.1 Daemon Server] - 2025-09-11T07:07:02.078Z - Wrote project graph cache to /Users/curiosity/tools/wcw/.nx/workspace-data/project-graph.json
[NX v21.5.1 Daemon Server] - 2025-09-11T07:07:02.078Z - [SYNC]: collect registered sync generators
[NX v21.5.1 Daemon Server] - 2025-09-11T07:07:02.078Z - [SYNC]: project graph hash is the same, not collecting task sync generators
[NX v21.5.1 Daemon Server] - 2025-09-11T07:07:02.079Z - [SYNC]: nx.json hash is the same, not collecting global sync generators
[NX v21.5.1 Daemon Server] - 2025-09-11T07:07:02.079Z - Time taken for 'total execution time for createProjectGraph()' 3.791749999858439ms
[NX v21.5.1 Daemon Server] - 2025-09-11T07:07:06.206Z - [WATCHER]: apps/backend/src/main/java/com/shanergy/bprev/security/RestAuthenticationEntryPoint.java was modified
[NX v21.5.1 Daemon Server] - 2025-09-11T07:07:06.206Z - [WATCHER]: Processing file changes in outputs
[NX v21.5.1 Daemon Server] - 2025-09-11T07:07:06.664Z - [WATCHER]: apps/backend/target/classes/com/shanergy/bprev/security/RestAuthenticationEntryPoint.class was modified
[NX v21.5.1 Daemon Server] - 2025-09-11T07:07:06.665Z - [WATCHER]: Processing file changes in outputs
[NX v21.5.1 Daemon Server] - 2025-09-11T07:07:07.807Z - [REQUEST]: Updated workspace context based on watched changes, recomputing project graph...
[NX v21.5.1 Daemon Server] - 2025-09-11T07:07:07.807Z - [REQUEST]: apps/backend/src/main/java/com/shanergy/bprev/security/RestAuthenticationEntryPoint.java,apps/backend/target/classes/com/shanergy/bprev/security/RestAuthenticationEntryPoint.class
[NX v21.5.1 Daemon Server] - 2025-09-11T07:07:07.807Z - [REQUEST]: 
Time for 'nx/js/dependencies-and-lockfile:createNodes' 0.05358299985527992
Time for 'nx/core/project-json:createNodes' 0.28083299938589334
Time for 'nx/core/package-json:createNodes' 0.31474999990314245
[NX v21.5.1 Daemon Server] - 2025-09-11T07:07:07.811Z - Time taken for 'hash changed files from watcher' 0.42758299969136715ms
[NX v21.5.1 Daemon Server] - 2025-09-11T07:07:07.813Z - Time taken for 'build-project-configs' 3.0240830006077886ms
Time for 'build typescript dependencies' 0.010917000472545624
[NX v21.5.1 Daemon Server] - 2025-09-11T07:07:07.816Z - Wrote project graph cache to /Users/curiosity/tools/wcw/.nx/workspace-data/project-graph.json
[NX v21.5.1 Daemon Server] - 2025-09-11T07:07:07.816Z - [SYNC]: collect registered sync generators
[NX v21.5.1 Daemon Server] - 2025-09-11T07:07:07.816Z - [SYNC]: project graph hash is the same, not collecting task sync generators
[NX v21.5.1 Daemon Server] - 2025-09-11T07:07:07.816Z - [SYNC]: nx.json hash is the same, not collecting global sync generators
[NX v21.5.1 Daemon Server] - 2025-09-11T07:07:07.816Z - Time taken for 'total execution time for createProjectGraph()' 1.9152910001575947ms
[NX v21.5.1 Daemon Server] - 2025-09-11T07:07:11.015Z - [WATCHER]: apps/backend/src/main/java/com/shanergy/bprev/security/RestAccessDeniedHandler.java was modified
[NX v21.5.1 Daemon Server] - 2025-09-11T07:07:11.015Z - [WATCHER]: Processing file changes in outputs
[NX v21.5.1 Daemon Server] - 2025-09-11T07:07:11.487Z - [WATCHER]: apps/backend/target/classes/com/shanergy/bprev/security/RestAccessDeniedHandler.class was modified
[NX v21.5.1 Daemon Server] - 2025-09-11T07:07:11.487Z - [WATCHER]: Processing file changes in outputs
[NX v21.5.1 Daemon Server] - 2025-09-11T07:07:14.216Z - [REQUEST]: Updated workspace context based on watched changes, recomputing project graph...
[NX v21.5.1 Daemon Server] - 2025-09-11T07:07:14.216Z - [REQUEST]: apps/backend/src/main/java/com/shanergy/bprev/security/RestAccessDeniedHandler.java,apps/backend/target/classes/com/shanergy/bprev/security/RestAccessDeniedHandler.class
[NX v21.5.1 Daemon Server] - 2025-09-11T07:07:14.216Z - [REQUEST]: 
Time for 'nx/js/dependencies-and-lockfile:createNodes' 0.06833299994468689
[NX v21.5.1 Daemon Server] - 2025-09-11T07:07:14.218Z - Time taken for 'hash changed files from watcher' 0.7387499995529652ms
Time for 'nx/core/project-json:createNodes' 0.08487499970942736
Time for 'nx/core/package-json:createNodes' 0.3455420006066561
[NX v21.5.1 Daemon Server] - 2025-09-11T07:07:14.223Z - Time taken for 'build-project-configs' 1.246624999679625ms
Time for 'build typescript dependencies' 0.03266599960625172
[NX v21.5.1 Daemon Server] - 2025-09-11T07:07:14.229Z - Wrote project graph cache to /Users/curiosity/tools/wcw/.nx/workspace-data/project-graph.json
[NX v21.5.1 Daemon Server] - 2025-09-11T07:07:14.229Z - [SYNC]: collect registered sync generators
[NX v21.5.1 Daemon Server] - 2025-09-11T07:07:14.230Z - [SYNC]: project graph hash is the same, not collecting task sync generators
[NX v21.5.1 Daemon Server] - 2025-09-11T07:07:14.230Z - [SYNC]: nx.json hash is the same, not collecting global sync generators
[NX v21.5.1 Daemon Server] - 2025-09-11T07:07:14.230Z - Time taken for 'total execution time for createProjectGraph()' 4.280749999918044ms
[NX v21.5.1 Daemon Server] - 2025-09-11T07:07:15.602Z - [WATCHER]: 0 file(s) created or restored, 2 file(s) modified, 0 file(s) deleted
[NX v21.5.1 Daemon Server] - 2025-09-11T07:07:15.602Z - [WATCHER]: Processing file changes in outputs
[NX v21.5.1 Daemon Server] - 2025-09-11T07:07:15.725Z - [WATCHER]: 3 file(s) created or restored, 0 file(s) modified, 0 file(s) deleted
[NX v21.5.1 Daemon Server] - 2025-09-11T07:07:15.725Z - [WATCHER]: Processing file changes in outputs
[NX v21.5.1 Daemon Server] - 2025-09-11T07:07:16.613Z - [WATCHER]: 1 file(s) created or restored, 1 file(s) modified, 0 file(s) deleted
[NX v21.5.1 Daemon Server] - 2025-09-11T07:07:16.613Z - [WATCHER]: Processing file changes in outputs
[NX v21.5.1 Daemon Server] - 2025-09-11T07:07:16.752Z - [WATCHER]: 1 file(s) created or restored, 1 file(s) modified, 0 file(s) deleted
[NX v21.5.1 Daemon Server] - 2025-09-11T07:07:16.752Z - [WATCHER]: Processing file changes in outputs
[NX v21.5.1 Daemon Server] - 2025-09-11T07:07:16.827Z - [WATCHER]: 1 file(s) created or restored, 1 file(s) modified, 0 file(s) deleted
[NX v21.5.1 Daemon Server] - 2025-09-11T07:07:16.828Z - [WATCHER]: Processing file changes in outputs
[NX v21.5.1 Daemon Server] - 2025-09-11T07:07:16.896Z - [WATCHER]: 1 file(s) created or restored, 1 file(s) modified, 0 file(s) deleted
[NX v21.5.1 Daemon Server] - 2025-09-11T07:07:16.896Z - [WATCHER]: Processing file changes in outputs
[NX v21.5.1 Daemon Server] - 2025-09-11T07:07:17.005Z - [WATCHER]: 1 file(s) created or restored, 1 file(s) modified, 3 file(s) deleted
[NX v21.5.1 Daemon Server] - 2025-09-11T07:07:17.005Z - [WATCHER]: Processing file changes in outputs
[NX v21.5.1 Daemon Server] - 2025-09-11T07:07:22.008Z - [REQUEST]: Updated workspace context based on watched changes, recomputing project graph...
[NX v21.5.1 Daemon Server] - 2025-09-11T07:07:22.009Z - [REQUEST]: apps/backend/target/maven-status/maven-compiler-plugin/compile/default-compile/inputFiles.lst,apps/backend/target/maven-status/maven-compiler-plugin/testCompile/default-testCompile/inputFiles.lst,apps/backend/target/surefire-reports/TEST-com.shanergy.bprev.security.SecurityPublicEndpointsTest.xml,apps/backend/target/surefire-reports/com.shanergy.bprev.security.SecurityPublicEndpointsTest.txt,apps/backend/target/surefire-reports/TEST-com.shanergy.bprev.security.SecurityProtectedEndpointsTest.xml,apps/backend/target/surefire-reports/com.shanergy.bprev.security.SecurityProtectedEndpointsTest.txt,apps/backend/target/surefire-reports/TEST-com.shanergy.bprev.controller.HealthControllerTest.xml,apps/backend/target/surefire-reports/com.shanergy.bprev.controller.HealthControllerTest.txt,apps/backend/target/surefire-reports/TEST-com.shanergy.bprev.controller.ProtectedControllerIntegrationTest.xml,apps/backend/target/surefire-reports/com.shanergy.bprev.controller.ProtectedControllerIntegrationTest.txt,apps/backend/target/surefire-reports/TEST-com.shanergy.bprev.controller.AuthControllerTest.xml,apps/backend/target/surefire-reports/com.shanergy.bprev.controller.AuthControllerTest.txt
[NX v21.5.1 Daemon Server] - 2025-09-11T07:07:22.009Z - [REQUEST]: apps/backend/target/surefire/surefire_0-20250911150715661_2tmp,apps/backend/target/surefire/surefire-20250911150715661_1tmp,apps/backend/target/surefire/surefirebooter-20250911150715661_3.jar
Time for 'nx/js/dependencies-and-lockfile:createNodes' 0.24237499944865704
Time for 'nx/core/project-json:createNodes' 0.17337499931454659
[NX v21.5.1 Daemon Server] - 2025-09-11T07:07:22.015Z - Time taken for 'hash changed files from watcher' 3.384749999269843ms
Time for 'nx/core/package-json:createNodes' 1.2567919995635748
[NX v21.5.1 Daemon Server] - 2025-09-11T07:07:22.021Z - Time taken for 'build-project-configs' 7.553709000349045ms
Time for 'build typescript dependencies' 0.030917000025510788
[NX v21.5.1 Daemon Server] - 2025-09-11T07:07:22.026Z - Wrote project graph cache to /Users/curiosity/tools/wcw/.nx/workspace-data/project-graph.json
[NX v21.5.1 Daemon Server] - 2025-09-11T07:07:22.026Z - [SYNC]: collect registered sync generators
[NX v21.5.1 Daemon Server] - 2025-09-11T07:07:22.026Z - [SYNC]: project graph hash is the same, not collecting task sync generators
[NX v21.5.1 Daemon Server] - 2025-09-11T07:07:22.026Z - [SYNC]: nx.json hash is the same, not collecting global sync generators
[NX v21.5.1 Daemon Server] - 2025-09-11T07:07:22.026Z - Time taken for 'total execution time for createProjectGraph()' 3.9555420000106096ms
[NX v21.5.1 Daemon Server] - 2025-09-11T07:07:43.585Z - [WATCHER]: apps/backend/src/main/java/com/shanergy/bprev/security/RestAuthenticationEntryPoint.java was modified
[NX v21.5.1 Daemon Server] - 2025-09-11T07:07:43.586Z - [WATCHER]: Processing file changes in outputs
[NX v21.5.1 Daemon Server] - 2025-09-11T07:07:43.787Z - [REQUEST]: Updated workspace context based on watched changes, recomputing project graph...
[NX v21.5.1 Daemon Server] - 2025-09-11T07:07:43.787Z - [REQUEST]: apps/backend/src/main/java/com/shanergy/bprev/security/RestAuthenticationEntryPoint.java
[NX v21.5.1 Daemon Server] - 2025-09-11T07:07:43.787Z - [REQUEST]: 
[NX v21.5.1 Daemon Server] - 2025-09-11T07:07:43.789Z - Time taken for 'hash changed files from watcher' 0.3224160000681877ms
Time for 'nx/js/dependencies-and-lockfile:createNodes' 0.07179199997335672
Time for 'nx/core/project-json:createNodes' 0.05758399982005358
Time for 'nx/core/package-json:createNodes' 0.21204200014472008
[NX v21.5.1 Daemon Server] - 2025-09-11T07:07:43.791Z - Time taken for 'build-project-configs' 0.7787500005215406ms
Time for 'build typescript dependencies' 0.014500000514090061
[NX v21.5.1 Daemon Server] - 2025-09-11T07:07:43.795Z - Wrote project graph cache to /Users/curiosity/tools/wcw/.nx/workspace-data/project-graph.json
[NX v21.5.1 Daemon Server] - 2025-09-11T07:07:43.795Z - [SYNC]: collect registered sync generators
[NX v21.5.1 Daemon Server] - 2025-09-11T07:07:43.795Z - [SYNC]: project graph hash is the same, not collecting task sync generators
[NX v21.5.1 Daemon Server] - 2025-09-11T07:07:43.796Z - [SYNC]: nx.json hash is the same, not collecting global sync generators
[NX v21.5.1 Daemon Server] - 2025-09-11T07:07:43.796Z - Time taken for 'total execution time for createProjectGraph()' 2.6338329995051026ms
[NX v21.5.1 Daemon Server] - 2025-09-11T07:07:44.094Z - [WATCHER]: apps/backend/target/classes/com/shanergy/bprev/security/RestAuthenticationEntryPoint.class was modified
[NX v21.5.1 Daemon Server] - 2025-09-11T07:07:44.095Z - [WATCHER]: Processing file changes in outputs
[NX v21.5.1 Daemon Server] - 2025-09-11T07:07:44.497Z - [REQUEST]: Updated workspace context based on watched changes, recomputing project graph...
[NX v21.5.1 Daemon Server] - 2025-09-11T07:07:44.498Z - [REQUEST]: apps/backend/target/classes/com/shanergy/bprev/security/RestAuthenticationEntryPoint.class
[NX v21.5.1 Daemon Server] - 2025-09-11T07:07:44.498Z - [REQUEST]: 
Time for 'nx/js/dependencies-and-lockfile:createNodes' 0.04220900032669306
Time for 'nx/core/project-json:createNodes' 0.04937500040978193
Time for 'nx/core/package-json:createNodes' 0.20108299981802702
[NX v21.5.1 Daemon Server] - 2025-09-11T07:07:44.500Z - Time taken for 'hash changed files from watcher' 0.6669169999659061ms
[NX v21.5.1 Daemon Server] - 2025-09-11T07:07:44.502Z - Time taken for 'build-project-configs' 0.890459000132978ms
Time for 'build typescript dependencies' 0.017750000581145287
[NX v21.5.1 Daemon Server] - 2025-09-11T07:07:44.506Z - Wrote project graph cache to /Users/curiosity/tools/wcw/.nx/workspace-data/project-graph.json
[NX v21.5.1 Daemon Server] - 2025-09-11T07:07:44.506Z - [SYNC]: collect registered sync generators
[NX v21.5.1 Daemon Server] - 2025-09-11T07:07:44.506Z - [SYNC]: project graph hash is the same, not collecting task sync generators
[NX v21.5.1 Daemon Server] - 2025-09-11T07:07:44.506Z - [SYNC]: nx.json hash is the same, not collecting global sync generators
[NX v21.5.1 Daemon Server] - 2025-09-11T07:07:44.506Z - Time taken for 'total execution time for createProjectGraph()' 2.8227909998968244ms
[NX v21.5.1 Daemon Server] - 2025-09-11T07:07:50.585Z - [WATCHER]: apps/backend/src/main/java/com/shanergy/bprev/security/RestAccessDeniedHandler.java was modified
[NX v21.5.1 Daemon Server] - 2025-09-11T07:07:50.586Z - [WATCHER]: Processing file changes in outputs
[NX v21.5.1 Daemon Server] - 2025-09-11T07:07:51.070Z - [WATCHER]: apps/backend/target/classes/com/shanergy/bprev/security/RestAccessDeniedHandler.class was modified
[NX v21.5.1 Daemon Server] - 2025-09-11T07:07:51.070Z - [WATCHER]: Processing file changes in outputs
[NX v21.5.1 Daemon Server] - 2025-09-11T07:07:51.388Z - [REQUEST]: Updated workspace context based on watched changes, recomputing project graph...
[NX v21.5.1 Daemon Server] - 2025-09-11T07:07:51.388Z - [REQUEST]: apps/backend/src/main/java/com/shanergy/bprev/security/RestAccessDeniedHandler.java,apps/backend/target/classes/com/shanergy/bprev/security/RestAccessDeniedHandler.class
[NX v21.5.1 Daemon Server] - 2025-09-11T07:07:51.388Z - [REQUEST]: 
Time for 'nx/js/dependencies-and-lockfile:createNodes' 0.04583400022238493
[NX v21.5.1 Daemon Server] - 2025-09-11T07:07:51.390Z - Time taken for 'hash changed files from watcher' 0.7330829994753003ms
Time for 'nx/core/project-json:createNodes' 0.058582999743521214
Time for 'nx/core/package-json:createNodes' 0.30220900010317564
[NX v21.5.1 Daemon Server] - 2025-09-11T07:07:51.393Z - Time taken for 'build-project-configs' 0.9882089998573065ms
Time for 'build typescript dependencies' 0.01575000025331974
[NX v21.5.1 Daemon Server] - 2025-09-11T07:07:51.396Z - Wrote project graph cache to /Users/curiosity/tools/wcw/.nx/workspace-data/project-graph.json
[NX v21.5.1 Daemon Server] - 2025-09-11T07:07:51.397Z - [SYNC]: collect registered sync generators
[NX v21.5.1 Daemon Server] - 2025-09-11T07:07:51.397Z - [SYNC]: project graph hash is the same, not collecting task sync generators
[NX v21.5.1 Daemon Server] - 2025-09-11T07:07:51.397Z - [SYNC]: nx.json hash is the same, not collecting global sync generators
[NX v21.5.1 Daemon Server] - 2025-09-11T07:07:51.397Z - Time taken for 'total execution time for createProjectGraph()' 2.746917000040412ms
[NX v21.5.1 Daemon Server] - 2025-09-11T07:07:56.723Z - [WATCHER]: Processing file changes in outputs
[NX v21.5.1 Daemon Server] - 2025-09-11T07:07:56.725Z - [WATCHER]: 0 file(s) created or restored, 2 file(s) modified, 0 file(s) deleted
[NX v21.5.1 Daemon Server] - 2025-09-11T07:07:56.850Z - [WATCHER]: Processing file changes in outputs
[NX v21.5.1 Daemon Server] - 2025-09-11T07:07:56.851Z - [WATCHER]: 3 file(s) created or restored, 0 file(s) modified, 0 file(s) deleted
[NX v21.5.1 Daemon Server] - 2025-09-11T07:07:58.325Z - [REQUEST]: Updated workspace context based on watched changes, recomputing project graph...
[NX v21.5.1 Daemon Server] - 2025-09-11T07:07:58.325Z - [REQUEST]: apps/backend/target/maven-status/maven-compiler-plugin/compile/default-compile/inputFiles.lst,apps/backend/target/maven-status/maven-compiler-plugin/testCompile/default-testCompile/inputFiles.lst,apps/backend/target/surefire/surefire-20250911150756787_1tmp,apps/backend/target/surefire/surefire_0-20250911150756787_2tmp,apps/backend/target/surefire/surefirebooter-20250911150756787_3.jar
[NX v21.5.1 Daemon Server] - 2025-09-11T07:07:58.325Z - [REQUEST]: 
[NX v21.5.1 Daemon Server] - 2025-09-11T07:07:58.326Z - Time taken for 'hash changed files from watcher' 0.25170799996703863ms
Time for 'nx/js/dependencies-and-lockfile:createNodes' 0.02974999975413084
Time for 'nx/core/project-json:createNodes' 0.03158299997448921
Time for 'nx/core/package-json:createNodes' 0.12820799928158522
[NX v21.5.1 Daemon Server] - 2025-09-11T07:07:58.327Z - Time taken for 'build-project-configs' 0.5637920005246997ms
Time for 'build typescript dependencies' 0.007041000761091709
[NX v21.5.1 Daemon Server] - 2025-09-11T07:07:58.329Z - Wrote project graph cache to /Users/curiosity/tools/wcw/.nx/workspace-data/project-graph.json
[NX v21.5.1 Daemon Server] - 2025-09-11T07:07:58.329Z - [SYNC]: collect registered sync generators
[NX v21.5.1 Daemon Server] - 2025-09-11T07:07:58.329Z - [SYNC]: project graph hash is the same, not collecting task sync generators
[NX v21.5.1 Daemon Server] - 2025-09-11T07:07:58.329Z - [SYNC]: nx.json hash is the same, not collecting global sync generators
[NX v21.5.1 Daemon Server] - 2025-09-11T07:07:58.329Z - Time taken for 'total execution time for createProjectGraph()' 1.0036669997498393ms
[NX v21.5.1 Daemon Server] - 2025-09-11T07:07:59.696Z - [WATCHER]: 3 file(s) created or restored, 3 file(s) modified, 0 file(s) deleted
[NX v21.5.1 Daemon Server] - 2025-09-11T07:07:59.696Z - [WATCHER]: Processing file changes in outputs
[NX v21.5.1 Daemon Server] - 2025-09-11T07:07:59.797Z - [REQUEST]: Updated workspace context based on watched changes, recomputing project graph...
[NX v21.5.1 Daemon Server] - 2025-09-11T07:07:59.798Z - [REQUEST]: apps/backend/target/surefire-reports/TEST-com.shanergy.bprev.security.SecurityPublicEndpointsTest.xml,apps/backend/target/surefire-reports/TEST-com.shanergy.bprev.security.SecurityProtectedEndpointsTest.xml,apps/backend/target/surefire-reports/TEST-com.shanergy.bprev.controller.HealthControllerTest.xml,apps/backend/target/surefire-reports/com.shanergy.bprev.security.SecurityProtectedEndpointsTest.txt,apps/backend/target/surefire-reports/com.shanergy.bprev.security.SecurityPublicEndpointsTest.txt,apps/backend/target/surefire-reports/com.shanergy.bprev.controller.HealthControllerTest.txt
[NX v21.5.1 Daemon Server] - 2025-09-11T07:07:59.798Z - [REQUEST]: 
[NX v21.5.1 Daemon Server] - 2025-09-11T07:07:59.798Z - Time taken for 'hash changed files from watcher' 0.3040000004693866ms
Time for 'nx/js/dependencies-and-lockfile:createNodes' 0.04212500061839819
Time for 'nx/core/project-json:createNodes' 0.0625
Time for 'nx/core/package-json:createNodes' 0.10579199995845556
[NX v21.5.1 Daemon Server] - 2025-09-11T07:07:59.800Z - Time taken for 'build-project-configs' 0.5633330000564456ms
Time for 'build typescript dependencies' 0.005707999691367149
[NX v21.5.1 Daemon Server] - 2025-09-11T07:07:59.801Z - Wrote project graph cache to /Users/curiosity/tools/wcw/.nx/workspace-data/project-graph.json
[NX v21.5.1 Daemon Server] - 2025-09-11T07:07:59.801Z - [SYNC]: collect registered sync generators
[NX v21.5.1 Daemon Server] - 2025-09-11T07:07:59.801Z - [SYNC]: project graph hash is the same, not collecting task sync generators
[NX v21.5.1 Daemon Server] - 2025-09-11T07:07:59.801Z - [SYNC]: nx.json hash is the same, not collecting global sync generators
[NX v21.5.1 Daemon Server] - 2025-09-11T07:07:59.801Z - Time taken for 'total execution time for createProjectGraph()' 0.7456669993698597ms
[NX v21.5.1 Daemon Server] - 2025-09-11T07:07:59.921Z - [WATCHER]: Processing file changes in outputs
[NX v21.5.1 Daemon Server] - 2025-09-11T07:07:59.921Z - [WATCHER]: 2 file(s) created or restored, 2 file(s) modified, 0 file(s) deleted
[NX v21.5.1 Daemon Server] - 2025-09-11T07:08:00.022Z - [REQUEST]: Updated workspace context based on watched changes, recomputing project graph...
[NX v21.5.1 Daemon Server] - 2025-09-11T07:08:00.022Z - [REQUEST]: apps/backend/target/surefire-reports/TEST-com.shanergy.bprev.controller.AuthControllerTest.xml,apps/backend/target/surefire-reports/TEST-com.shanergy.bprev.controller.ProtectedControllerIntegrationTest.xml,apps/backend/target/surefire-reports/com.shanergy.bprev.controller.ProtectedControllerIntegrationTest.txt,apps/backend/target/surefire-reports/com.shanergy.bprev.controller.AuthControllerTest.txt
[NX v21.5.1 Daemon Server] - 2025-09-11T07:08:00.022Z - [REQUEST]: 
[NX v21.5.1 Daemon Server] - 2025-09-11T07:08:00.023Z - Time taken for 'hash changed files from watcher' 0.3397500002756715ms
Time for 'nx/js/dependencies-and-lockfile:createNodes' 0.03516699932515621
Time for 'nx/core/project-json:createNodes' 0.04491700045764446
Time for 'nx/core/package-json:createNodes' 0.1429169997572899
[NX v21.5.1 Daemon Server] - 2025-09-11T07:08:00.024Z - Time taken for 'build-project-configs' 0.592208000831306ms
Time for 'build typescript dependencies' 0.005416000261902809
[NX v21.5.1 Daemon Server] - 2025-09-11T07:08:00.026Z - Wrote project graph cache to /Users/curiosity/tools/wcw/.nx/workspace-data/project-graph.json
[NX v21.5.1 Daemon Server] - 2025-09-11T07:08:00.026Z - [SYNC]: collect registered sync generators
[NX v21.5.1 Daemon Server] - 2025-09-11T07:08:00.026Z - [SYNC]: project graph hash is the same, not collecting task sync generators
[NX v21.5.1 Daemon Server] - 2025-09-11T07:08:00.026Z - [SYNC]: nx.json hash is the same, not collecting global sync generators
[NX v21.5.1 Daemon Server] - 2025-09-11T07:08:00.026Z - Time taken for 'total execution time for createProjectGraph()' 1.075624999590218ms
[NX v21.5.1 Daemon Server] - 2025-09-11T07:08:00.169Z - [WATCHER]: 0 file(s) created or restored, 0 file(s) modified, 3 file(s) deleted
[NX v21.5.1 Daemon Server] - 2025-09-11T07:08:00.170Z - [WATCHER]: Processing file changes in outputs
[NX v21.5.1 Daemon Server] - 2025-09-11T07:08:00.372Z - [REQUEST]: Updated workspace context based on watched changes, recomputing project graph...
[NX v21.5.1 Daemon Server] - 2025-09-11T07:08:00.372Z - [REQUEST]: 
[NX v21.5.1 Daemon Server] - 2025-09-11T07:08:00.372Z - [REQUEST]: apps/backend/target/surefire/surefire_0-20250911150756787_2tmp,apps/backend/target/surefire/surefirebooter-20250911150756787_3.jar,apps/backend/target/surefire/surefire-20250911150756787_1tmp
Time for 'nx/js/dependencies-and-lockfile:createNodes' 0.6284999996423721
[NX v21.5.1 Daemon Server] - 2025-09-11T07:08:00.378Z - Time taken for 'hash changed files from watcher' 0.38012500014156103ms
Time for 'nx/core/project-json:createNodes' 0.4701249999925494
Time for 'nx/core/package-json:createNodes' 1.1505829999223351
[NX v21.5.1 Daemon Server] - 2025-09-11T07:08:00.383Z - Time taken for 'build-project-configs' 6.802666999399662ms
Time for 'build typescript dependencies' 0.02650000061839819
[NX v21.5.1 Daemon Server] - 2025-09-11T07:08:00.387Z - Wrote project graph cache to /Users/curiosity/tools/wcw/.nx/workspace-data/project-graph.json
[NX v21.5.1 Daemon Server] - 2025-09-11T07:08:00.390Z - [SYNC]: collect registered sync generators
[NX v21.5.1 Daemon Server] - 2025-09-11T07:08:00.390Z - [SYNC]: project graph hash is the same, not collecting task sync generators
[NX v21.5.1 Daemon Server] - 2025-09-11T07:08:00.390Z - [SYNC]: nx.json hash is the same, not collecting global sync generators
[NX v21.5.1 Daemon Server] - 2025-09-11T07:08:00.391Z - Time taken for 'total execution time for createProjectGraph()' 3.0098750004544854ms
[NX v21.5.1 Daemon Server] - 2025-09-11T07:08:47.166Z - [WATCHER]: Processing file changes in outputs
[NX v21.5.1 Daemon Server] - 2025-09-11T07:08:47.177Z - [WATCHER]: docs/stories/1.2.基础用户与权限管理.story.md was modified
[NX v21.5.1 Daemon Server] - 2025-09-11T07:08:47.580Z - [REQUEST]: Updated workspace context based on watched changes, recomputing project graph...
[NX v21.5.1 Daemon Server] - 2025-09-11T07:08:47.580Z - [REQUEST]: docs/stories/1.2.基础用户与权限管理.story.md
[NX v21.5.1 Daemon Server] - 2025-09-11T07:08:47.580Z - [REQUEST]: 
[NX v21.5.1 Daemon Server] - 2025-09-11T07:08:47.583Z - Time taken for 'hash changed files from watcher' 0.6019580001011491ms
Time for 'nx/js/dependencies-and-lockfile:createNodes' 0.3048329995945096
Time for 'nx/core/project-json:createNodes' 0.6579170003533363
Time for 'nx/core/package-json:createNodes' 1.3156249998137355
[NX v21.5.1 Daemon Server] - 2025-09-11T07:08:47.589Z - Time taken for 'build-project-configs' 3.9852919997647405ms
Time for 'build typescript dependencies' 0.02529199980199337
[NX v21.5.1 Daemon Server] - 2025-09-11T07:08:47.592Z - Wrote project graph cache to /Users/curiosity/tools/wcw/.nx/workspace-data/project-graph.json
[NX v21.5.1 Daemon Server] - 2025-09-11T07:08:47.592Z - [SYNC]: collect registered sync generators
[NX v21.5.1 Daemon Server] - 2025-09-11T07:08:47.593Z - [SYNC]: project graph hash is the same, not collecting task sync generators
[NX v21.5.1 Daemon Server] - 2025-09-11T07:08:47.593Z - [SYNC]: nx.json hash is the same, not collecting global sync generators
[NX v21.5.1 Daemon Server] - 2025-09-11T07:08:47.593Z - Time taken for 'total execution time for createProjectGraph()' 3.4218340003862977ms
[NX v21.5.1 Daemon Server] - 2025-09-11T07:10:49.595Z - [WATCHER]: apps/backend/src/main/java/com/shanergy/bprev/repository/RoleRepository.java was created or restored
[NX v21.5.1 Daemon Server] - 2025-09-11T07:10:49.596Z - [WATCHER]: Processing file changes in outputs
[NX v21.5.1 Daemon Server] - 2025-09-11T07:10:49.700Z - [REQUEST]: Updated workspace context based on watched changes, recomputing project graph...
[NX v21.5.1 Daemon Server] - 2025-09-11T07:10:49.700Z - [REQUEST]: apps/backend/src/main/java/com/shanergy/bprev/repository/RoleRepository.java
[NX v21.5.1 Daemon Server] - 2025-09-11T07:10:49.700Z - [REQUEST]: 
[NX v21.5.1 Daemon Server] - 2025-09-11T07:10:49.705Z - Time taken for 'hash changed files from watcher' 1.1611660001799464ms
Time for 'nx/js/dependencies-and-lockfile:createNodes' 0.6885420000180602
Time for 'nx/core/project-json:createNodes' 0.47812500037252903
Time for 'nx/core/package-json:createNodes' 1.5081250006332994
[NX v21.5.1 Daemon Server] - 2025-09-11T07:10:49.713Z - Time taken for 'build-project-configs' 6.951750000007451ms
Time for 'build typescript dependencies' 0.023416999727487564
[NX v21.5.1 Daemon Server] - 2025-09-11T07:10:49.716Z - Wrote project graph cache to /Users/curiosity/tools/wcw/.nx/workspace-data/project-graph.json
[NX v21.5.1 Daemon Server] - 2025-09-11T07:10:49.716Z - [SYNC]: collect registered sync generators
[NX v21.5.1 Daemon Server] - 2025-09-11T07:10:49.716Z - [SYNC]: project graph hash is the same, not collecting task sync generators
[NX v21.5.1 Daemon Server] - 2025-09-11T07:10:49.716Z - [SYNC]: nx.json hash is the same, not collecting global sync generators
[NX v21.5.1 Daemon Server] - 2025-09-11T07:10:49.716Z - Time taken for 'total execution time for createProjectGraph()' 3.779833000153303ms
[NX v21.5.1 Daemon Server] - 2025-09-11T07:10:50.141Z - [WATCHER]: apps/backend/target/classes/com/shanergy/bprev/repository/RoleRepository.class was created or restored
[NX v21.5.1 Daemon Server] - 2025-09-11T07:10:50.141Z - [WATCHER]: Processing file changes in outputs
[NX v21.5.1 Daemon Server] - 2025-09-11T07:10:50.243Z - [REQUEST]: Updated workspace context based on watched changes, recomputing project graph...
[NX v21.5.1 Daemon Server] - 2025-09-11T07:10:50.244Z - [REQUEST]: apps/backend/target/classes/com/shanergy/bprev/repository/RoleRepository.class
[NX v21.5.1 Daemon Server] - 2025-09-11T07:10:50.244Z - [REQUEST]: 
Time for 'nx/js/dependencies-and-lockfile:createNodes' 0.05091699957847595
[NX v21.5.1 Daemon Server] - 2025-09-11T07:10:50.245Z - Time taken for 'hash changed files from watcher' 0.6729170000180602ms
Time for 'nx/core/project-json:createNodes' 0.04708299972116947
Time for 'nx/core/package-json:createNodes' 0.16354200057685375
[NX v21.5.1 Daemon Server] - 2025-09-11T07:10:50.248Z - Time taken for 'build-project-configs' 0.6835420001298189ms
Time for 'build typescript dependencies' 0.02049999963492155
[NX v21.5.1 Daemon Server] - 2025-09-11T07:10:50.253Z - Wrote project graph cache to /Users/curiosity/tools/wcw/.nx/workspace-data/project-graph.json
[NX v21.5.1 Daemon Server] - 2025-09-11T07:10:50.253Z - [SYNC]: collect registered sync generators
[NX v21.5.1 Daemon Server] - 2025-09-11T07:10:50.253Z - [SYNC]: project graph hash is the same, not collecting task sync generators
[NX v21.5.1 Daemon Server] - 2025-09-11T07:10:50.253Z - [SYNC]: nx.json hash is the same, not collecting global sync generators
[NX v21.5.1 Daemon Server] - 2025-09-11T07:10:50.253Z - Time taken for 'total execution time for createProjectGraph()' 3.189916000701487ms
[NX v21.5.1 Daemon Server] - 2025-09-11T07:10:59.921Z - [WATCHER]: apps/backend/src/main/java/com/shanergy/bprev/dto/RoleDtos.java was created or restored
[NX v21.5.1 Daemon Server] - 2025-09-11T07:10:59.923Z - [WATCHER]: Processing file changes in outputs
[NX v21.5.1 Daemon Server] - 2025-09-11T07:11:00.024Z - [REQUEST]: Updated workspace context based on watched changes, recomputing project graph...
[NX v21.5.1 Daemon Server] - 2025-09-11T07:11:00.024Z - [REQUEST]: apps/backend/src/main/java/com/shanergy/bprev/dto/RoleDtos.java
[NX v21.5.1 Daemon Server] - 2025-09-11T07:11:00.024Z - [REQUEST]: 
Time for 'nx/js/dependencies-and-lockfile:createNodes' 0.1620829999446869
[NX v21.5.1 Daemon Server] - 2025-09-11T07:11:00.030Z - Time taken for 'hash changed files from watcher' 0.7387500004842877ms
Time for 'nx/core/project-json:createNodes' 2.2323749996721745
Time for 'nx/core/package-json:createNodes' 2.6954169999808073
[NX v21.5.1 Daemon Server] - 2025-09-11T07:11:00.036Z - Time taken for 'build-project-configs' 6.9990830002352595ms
Time for 'build typescript dependencies' 0.01795800030231476
[NX v21.5.1 Daemon Server] - 2025-09-11T07:11:00.039Z - Wrote project graph cache to /Users/curiosity/tools/wcw/.nx/workspace-data/project-graph.json
[NX v21.5.1 Daemon Server] - 2025-09-11T07:11:00.039Z - [SYNC]: collect registered sync generators
[NX v21.5.1 Daemon Server] - 2025-09-11T07:11:00.039Z - [SYNC]: project graph hash is the same, not collecting task sync generators
[NX v21.5.1 Daemon Server] - 2025-09-11T07:11:00.039Z - [SYNC]: nx.json hash is the same, not collecting global sync generators
[NX v21.5.1 Daemon Server] - 2025-09-11T07:11:00.040Z - Time taken for 'total execution time for createProjectGraph()' 3.186667000874877ms
[NX v21.5.1 Daemon Server] - 2025-09-11T07:11:00.430Z - [WATCHER]: 4 file(s) created or restored, 0 file(s) modified, 0 file(s) deleted
[NX v21.5.1 Daemon Server] - 2025-09-11T07:11:00.430Z - [WATCHER]: Processing file changes in outputs
[NX v21.5.1 Daemon Server] - 2025-09-11T07:11:00.533Z - [REQUEST]: Updated workspace context based on watched changes, recomputing project graph...
[NX v21.5.1 Daemon Server] - 2025-09-11T07:11:00.533Z - [REQUEST]: apps/backend/target/classes/com/shanergy/bprev/dto/RoleDtos.class,apps/backend/target/classes/com/shanergy/bprev/dto/RoleDtos$CreateRoleRequest.class,apps/backend/target/classes/com/shanergy/bprev/dto/RoleDtos$UpdateRoleRequest.class,apps/backend/target/classes/com/shanergy/bprev/dto/RoleDtos$RoleResponse.class
[NX v21.5.1 Daemon Server] - 2025-09-11T07:11:00.537Z - [REQUEST]: 
Time for 'nx/js/dependencies-and-lockfile:createNodes' 0.06962500046938658
[NX v21.5.1 Daemon Server] - 2025-09-11T07:11:00.541Z - Time taken for 'hash changed files from watcher' 0.6138749998062849ms
Time for 'nx/core/package-json:createNodes' 44.30404100008309
Time for 'nx/core/project-json:createNodes' 0.29608399979770184
[NX v21.5.1 Daemon Server] - 2025-09-11T07:11:00.624Z - Time taken for 'build-project-configs' 82.98687500040978ms
Time for 'build typescript dependencies' 0.03399999998509884
[NX v21.5.1 Daemon Server] - 2025-09-11T07:11:00.638Z - Wrote project graph cache to /Users/curiosity/tools/wcw/.nx/workspace-data/project-graph.json
[NX v21.5.1 Daemon Server] - 2025-09-11T07:11:00.638Z - [SYNC]: collect registered sync generators
[NX v21.5.1 Daemon Server] - 2025-09-11T07:11:00.640Z - [SYNC]: project graph hash is the same, not collecting task sync generators
[NX v21.5.1 Daemon Server] - 2025-09-11T07:11:00.640Z - [SYNC]: nx.json hash is the same, not collecting global sync generators
[NX v21.5.1 Daemon Server] - 2025-09-11T07:11:00.640Z - Time taken for 'total execution time for createProjectGraph()' 9.926959000527859ms
[NX v21.5.1 Daemon Server] - 2025-09-11T07:11:10.166Z - [WATCHER]: Processing file changes in outputs
[NX v21.5.1 Daemon Server] - 2025-09-11T07:11:10.169Z - [WATCHER]: apps/backend/src/main/java/com/shanergy/bprev/dto/UserDtos.java was created or restored
[NX v21.5.1 Daemon Server] - 2025-09-11T07:11:10.274Z - [REQUEST]: Updated workspace context based on watched changes, recomputing project graph...
[NX v21.5.1 Daemon Server] - 2025-09-11T07:11:10.274Z - [REQUEST]: apps/backend/src/main/java/com/shanergy/bprev/dto/UserDtos.java
[NX v21.5.1 Daemon Server] - 2025-09-11T07:11:10.274Z - [REQUEST]: 
[NX v21.5.1 Daemon Server] - 2025-09-11T07:11:10.277Z - Time taken for 'hash changed files from watcher' 1.3955829991027713ms
Time for 'nx/js/dependencies-and-lockfile:createNodes' 0.6414580000564456
Time for 'nx/core/project-json:createNodes' 0.8909170003607869
Time for 'nx/core/package-json:createNodes' 2.897459000349045
[NX v21.5.1 Daemon Server] - 2025-09-11T07:11:10.293Z - Time taken for 'build-project-configs' 12.464250000193715ms
Time for 'build typescript dependencies' 0.03462499938905239
[NX v21.5.1 Daemon Server] - 2025-09-11T07:11:10.301Z - Wrote project graph cache to /Users/curiosity/tools/wcw/.nx/workspace-data/project-graph.json
[NX v21.5.1 Daemon Server] - 2025-09-11T07:11:10.301Z - [SYNC]: collect registered sync generators
[NX v21.5.1 Daemon Server] - 2025-09-11T07:11:10.301Z - [SYNC]: project graph hash is the same, not collecting task sync generators
[NX v21.5.1 Daemon Server] - 2025-09-11T07:11:10.302Z - [SYNC]: nx.json hash is the same, not collecting global sync generators
[NX v21.5.1 Daemon Server] - 2025-09-11T07:11:10.302Z - Time taken for 'total execution time for createProjectGraph()' 10.375ms
[NX v21.5.1 Daemon Server] - 2025-09-11T07:11:10.772Z - [WATCHER]: 5 file(s) created or restored, 0 file(s) modified, 0 file(s) deleted
[NX v21.5.1 Daemon Server] - 2025-09-11T07:11:10.772Z - [WATCHER]: Processing file changes in outputs
[NX v21.5.1 Daemon Server] - 2025-09-11T07:11:10.875Z - [REQUEST]: Updated workspace context based on watched changes, recomputing project graph...
[NX v21.5.1 Daemon Server] - 2025-09-11T07:11:10.876Z - [REQUEST]: apps/backend/target/classes/com/shanergy/bprev/dto/UserDtos$UpdateUserRequest.class,apps/backend/target/classes/com/shanergy/bprev/dto/UserDtos$UserResponse.class,apps/backend/target/classes/com/shanergy/bprev/dto/UserDtos$RoleSummary.class,apps/backend/target/classes/com/shanergy/bprev/dto/UserDtos.class,apps/backend/target/classes/com/shanergy/bprev/dto/UserDtos$CreateUserRequest.class
[NX v21.5.1 Daemon Server] - 2025-09-11T07:11:10.876Z - [REQUEST]: 
Time for 'nx/js/dependencies-and-lockfile:createNodes' 0.04091699980199337
[NX v21.5.1 Daemon Server] - 2025-09-11T07:11:10.877Z - Time taken for 'hash changed files from watcher' 1.288832999765873ms
Time for 'nx/core/package-json:createNodes' 5.020958000794053
Time for 'nx/core/project-json:createNodes' 0.07108299992978573
[NX v21.5.1 Daemon Server] - 2025-09-11T07:11:10.890Z - Time taken for 'build-project-configs' 9.720041000284255ms
Time for 'build typescript dependencies' 0.01687499973922968
[NX v21.5.1 Daemon Server] - 2025-09-11T07:11:10.894Z - Wrote project graph cache to /Users/curiosity/tools/wcw/.nx/workspace-data/project-graph.json
[NX v21.5.1 Daemon Server] - 2025-09-11T07:11:10.894Z - [SYNC]: collect registered sync generators
[NX v21.5.1 Daemon Server] - 2025-09-11T07:11:10.895Z - [SYNC]: project graph hash is the same, not collecting task sync generators
[NX v21.5.1 Daemon Server] - 2025-09-11T07:11:10.895Z - [SYNC]: nx.json hash is the same, not collecting global sync generators
[NX v21.5.1 Daemon Server] - 2025-09-11T07:11:10.895Z - Time taken for 'total execution time for createProjectGraph()' 3.766541000455618ms
[NX v21.5.1 Daemon Server] - 2025-09-11T07:11:14.834Z - [WATCHER]: apps/backend/src/main/java/com/shanergy/bprev/service/RoleService.java was created or restored
[NX v21.5.1 Daemon Server] - 2025-09-11T07:11:14.835Z - [WATCHER]: Processing file changes in outputs
[NX v21.5.1 Daemon Server] - 2025-09-11T07:11:14.935Z - [REQUEST]: Updated workspace context based on watched changes, recomputing project graph...
[NX v21.5.1 Daemon Server] - 2025-09-11T07:11:14.936Z - [REQUEST]: apps/backend/src/main/java/com/shanergy/bprev/service/RoleService.java
[NX v21.5.1 Daemon Server] - 2025-09-11T07:11:14.936Z - [REQUEST]: 
Time for 'nx/js/dependencies-and-lockfile:createNodes' 0.09191699977964163
[NX v21.5.1 Daemon Server] - 2025-09-11T07:11:14.938Z - Time taken for 'hash changed files from watcher' 0.29912499990314245ms
Time for 'nx/core/project-json:createNodes' 0.11775000020861626
Time for 'nx/core/package-json:createNodes' 2.6896250005811453
[NX v21.5.1 Daemon Server] - 2025-09-11T07:11:14.944Z - Time taken for 'build-project-configs' 4.629542000591755ms
Time for 'build typescript dependencies' 0.022166999988257885
[NX v21.5.1 Daemon Server] - 2025-09-11T07:11:14.949Z - Wrote project graph cache to /Users/curiosity/tools/wcw/.nx/workspace-data/project-graph.json
[NX v21.5.1 Daemon Server] - 2025-09-11T07:11:14.949Z - [SYNC]: collect registered sync generators
[NX v21.5.1 Daemon Server] - 2025-09-11T07:11:14.949Z - [SYNC]: project graph hash is the same, not collecting task sync generators
[NX v21.5.1 Daemon Server] - 2025-09-11T07:11:14.949Z - [SYNC]: nx.json hash is the same, not collecting global sync generators
[NX v21.5.1 Daemon Server] - 2025-09-11T07:11:14.949Z - Time taken for 'total execution time for createProjectGraph()' 3.0705840000882745ms
[NX v21.5.1 Daemon Server] - 2025-09-11T07:11:15.306Z - [WATCHER]: apps/backend/target/classes/com/shanergy/bprev/service/RoleService.class was created or restored
[NX v21.5.1 Daemon Server] - 2025-09-11T07:11:15.306Z - [WATCHER]: Processing file changes in outputs
[NX v21.5.1 Daemon Server] - 2025-09-11T07:11:15.408Z - [REQUEST]: Updated workspace context based on watched changes, recomputing project graph...
[NX v21.5.1 Daemon Server] - 2025-09-11T07:11:15.408Z - [REQUEST]: apps/backend/target/classes/com/shanergy/bprev/service/RoleService.class
[NX v21.5.1 Daemon Server] - 2025-09-11T07:11:15.408Z - [REQUEST]: 
Time for 'nx/js/dependencies-and-lockfile:createNodes' 0.044583000242710114
[NX v21.5.1 Daemon Server] - 2025-09-11T07:11:15.410Z - Time taken for 'hash changed files from watcher' 0.38870800007134676ms
Time for 'nx/core/project-json:createNodes' 0.058958000503480434
Time for 'nx/core/package-json:createNodes' 0.29183399956673384
[NX v21.5.1 Daemon Server] - 2025-09-11T07:11:15.415Z - Time taken for 'build-project-configs' 0.9991669999435544ms
Time for 'build typescript dependencies' 0.01712500024586916
[NX v21.5.1 Daemon Server] - 2025-09-11T07:11:15.420Z - Wrote project graph cache to /Users/curiosity/tools/wcw/.nx/workspace-data/project-graph.json
[NX v21.5.1 Daemon Server] - 2025-09-11T07:11:15.420Z - [SYNC]: collect registered sync generators
[NX v21.5.1 Daemon Server] - 2025-09-11T07:11:15.420Z - [SYNC]: project graph hash is the same, not collecting task sync generators
[NX v21.5.1 Daemon Server] - 2025-09-11T07:11:15.420Z - [SYNC]: nx.json hash is the same, not collecting global sync generators
[NX v21.5.1 Daemon Server] - 2025-09-11T07:11:15.421Z - Time taken for 'total execution time for createProjectGraph()' 3.744165999814868ms
[NX v21.5.1 Daemon Server] - 2025-09-11T07:11:25.178Z - [WATCHER]: apps/backend/src/main/java/com/shanergy/bprev/service/UserService.java was created or restored
[NX v21.5.1 Daemon Server] - 2025-09-11T07:11:25.178Z - [WATCHER]: Processing file changes in outputs
[NX v21.5.1 Daemon Server] - 2025-09-11T07:11:25.281Z - [REQUEST]: Updated workspace context based on watched changes, recomputing project graph...
[NX v21.5.1 Daemon Server] - 2025-09-11T07:11:25.281Z - [REQUEST]: apps/backend/src/main/java/com/shanergy/bprev/service/UserService.java
[NX v21.5.1 Daemon Server] - 2025-09-11T07:11:25.281Z - [REQUEST]: 
[NX v21.5.1 Daemon Server] - 2025-09-11T07:11:25.284Z - Time taken for 'hash changed files from watcher' 0.5157079994678497ms
Time for 'nx/js/dependencies-and-lockfile:createNodes' 0.24270899966359138
Time for 'nx/core/project-json:createNodes' 0.20183399971574545
Time for 'nx/core/package-json:createNodes' 0.8212080001831055
[NX v21.5.1 Daemon Server] - 2025-09-11T07:11:25.291Z - Time taken for 'build-project-configs' 2.842249999754131ms
Time for 'build typescript dependencies' 0.02104100026190281
[NX v21.5.1 Daemon Server] - 2025-09-11T07:11:25.295Z - Wrote project graph cache to /Users/curiosity/tools/wcw/.nx/workspace-data/project-graph.json
[NX v21.5.1 Daemon Server] - 2025-09-11T07:11:25.296Z - [SYNC]: collect registered sync generators
[NX v21.5.1 Daemon Server] - 2025-09-11T07:11:25.296Z - [SYNC]: project graph hash is the same, not collecting task sync generators
[NX v21.5.1 Daemon Server] - 2025-09-11T07:11:25.296Z - [SYNC]: nx.json hash is the same, not collecting global sync generators
[NX v21.5.1 Daemon Server] - 2025-09-11T07:11:25.296Z - Time taken for 'total execution time for createProjectGraph()' 5.422915999777615ms
[NX v21.5.1 Daemon Server] - 2025-09-11T07:11:25.688Z - [WATCHER]: apps/backend/target/classes/com/shanergy/bprev/service/UserService.class was created or restored
[NX v21.5.1 Daemon Server] - 2025-09-11T07:11:25.688Z - [WATCHER]: Processing file changes in outputs
[NX v21.5.1 Daemon Server] - 2025-09-11T07:11:25.789Z - [REQUEST]: Updated workspace context based on watched changes, recomputing project graph...
[NX v21.5.1 Daemon Server] - 2025-09-11T07:11:25.790Z - [REQUEST]: apps/backend/target/classes/com/shanergy/bprev/service/UserService.class
[NX v21.5.1 Daemon Server] - 2025-09-11T07:11:25.790Z - [REQUEST]: 
Time for 'nx/js/dependencies-and-lockfile:createNodes' 0.0892090005800128
[NX v21.5.1 Daemon Server] - 2025-09-11T07:11:25.793Z - Time taken for 'hash changed files from watcher' 0.5780840003862977ms
Time for 'nx/core/project-json:createNodes' 0.09308400005102158
Time for 'nx/core/package-json:createNodes' 0.3336249999701977
[NX v21.5.1 Daemon Server] - 2025-09-11T07:11:25.799Z - Time taken for 'build-project-configs' 2.6548750000074506ms
Time for 'build typescript dependencies' 0.015874999575316906
[NX v21.5.1 Daemon Server] - 2025-09-11T07:11:25.802Z - Wrote project graph cache to /Users/curiosity/tools/wcw/.nx/workspace-data/project-graph.json
[NX v21.5.1 Daemon Server] - 2025-09-11T07:11:25.803Z - [SYNC]: collect registered sync generators
[NX v21.5.1 Daemon Server] - 2025-09-11T07:11:25.803Z - [SYNC]: project graph hash is the same, not collecting task sync generators
[NX v21.5.1 Daemon Server] - 2025-09-11T07:11:25.803Z - [SYNC]: nx.json hash is the same, not collecting global sync generators
[NX v21.5.1 Daemon Server] - 2025-09-11T07:11:25.803Z - Time taken for 'total execution time for createProjectGraph()' 2.9095419999212027ms
[NX v21.5.1 Daemon Server] - 2025-09-11T07:11:34.974Z - [WATCHER]: Processing file changes in outputs
[NX v21.5.1 Daemon Server] - 2025-09-11T07:11:34.976Z - [WATCHER]: apps/backend/src/main/java/com/shanergy/bprev/controller/RoleController.java was created or restored
[NX v21.5.1 Daemon Server] - 2025-09-11T07:11:35.078Z - [REQUEST]: Updated workspace context based on watched changes, recomputing project graph...
[NX v21.5.1 Daemon Server] - 2025-09-11T07:11:35.079Z - [REQUEST]: apps/backend/src/main/java/com/shanergy/bprev/controller/RoleController.java
[NX v21.5.1 Daemon Server] - 2025-09-11T07:11:35.079Z - [REQUEST]: 
Time for 'nx/js/dependencies-and-lockfile:createNodes' 0.059541999362409115
[NX v21.5.1 Daemon Server] - 2025-09-11T07:11:35.081Z - Time taken for 'hash changed files from watcher' 0.7286670003086329ms
Time for 'nx/core/project-json:createNodes' 0.06362499948590994
Time for 'nx/core/package-json:createNodes' 0.8918749997392297
[NX v21.5.1 Daemon Server] - 2025-09-11T07:11:35.087Z - Time taken for 'build-project-configs' 1.7387920003384352ms
Time for 'build typescript dependencies' 0.021582999266684055
[NX v21.5.1 Daemon Server] - 2025-09-11T07:11:35.092Z - Wrote project graph cache to /Users/curiosity/tools/wcw/.nx/workspace-data/project-graph.json
[NX v21.5.1 Daemon Server] - 2025-09-11T07:11:35.094Z - [SYNC]: collect registered sync generators
[NX v21.5.1 Daemon Server] - 2025-09-11T07:11:35.095Z - [SYNC]: project graph hash is the same, not collecting task sync generators
[NX v21.5.1 Daemon Server] - 2025-09-11T07:11:35.095Z - [SYNC]: nx.json hash is the same, not collecting global sync generators
[NX v21.5.1 Daemon Server] - 2025-09-11T07:11:35.095Z - Time taken for 'total execution time for createProjectGraph()' 3.792624999769032ms
[NX v21.5.1 Daemon Server] - 2025-09-11T07:11:35.468Z - [WATCHER]: Processing file changes in outputs
[NX v21.5.1 Daemon Server] - 2025-09-11T07:11:35.469Z - [WATCHER]: apps/backend/target/classes/com/shanergy/bprev/controller/RoleController.class was created or restored
[NX v21.5.1 Daemon Server] - 2025-09-11T07:11:35.571Z - [REQUEST]: Updated workspace context based on watched changes, recomputing project graph...
[NX v21.5.1 Daemon Server] - 2025-09-11T07:11:35.571Z - [REQUEST]: apps/backend/target/classes/com/shanergy/bprev/controller/RoleController.class
[NX v21.5.1 Daemon Server] - 2025-09-11T07:11:35.571Z - [REQUEST]: 
Time for 'nx/js/dependencies-and-lockfile:createNodes' 0.08449999988079071
[NX v21.5.1 Daemon Server] - 2025-09-11T07:11:35.576Z - Time taken for 'hash changed files from watcher' 0.3344999998807907ms
Time for 'nx/core/project-json:createNodes' 0.05941600073128939
Time for 'nx/core/package-json:createNodes' 0.2175410008057952
[NX v21.5.1 Daemon Server] - 2025-09-11T07:11:35.578Z - Time taken for 'build-project-configs' 1.6322919996455312ms
Time for 'build typescript dependencies' 0.01004099939018488
[NX v21.5.1 Daemon Server] - 2025-09-11T07:11:35.580Z - Wrote project graph cache to /Users/curiosity/tools/wcw/.nx/workspace-data/project-graph.json
[NX v21.5.1 Daemon Server] - 2025-09-11T07:11:35.581Z - [SYNC]: collect registered sync generators
[NX v21.5.1 Daemon Server] - 2025-09-11T07:11:35.581Z - [SYNC]: project graph hash is the same, not collecting task sync generators
[NX v21.5.1 Daemon Server] - 2025-09-11T07:11:35.581Z - [SYNC]: nx.json hash is the same, not collecting global sync generators
[NX v21.5.1 Daemon Server] - 2025-09-11T07:11:35.581Z - Time taken for 'total execution time for createProjectGraph()' 1.6582079995423555ms
[NX v21.5.1 Daemon Server] - 2025-09-11T07:11:41.305Z - [WATCHER]: apps/backend/src/main/java/com/shanergy/bprev/controller/UserController.java was created or restored
[NX v21.5.1 Daemon Server] - 2025-09-11T07:11:41.306Z - [WATCHER]: Processing file changes in outputs
[NX v21.5.1 Daemon Server] - 2025-09-11T07:11:41.407Z - [REQUEST]: Updated workspace context based on watched changes, recomputing project graph...
[NX v21.5.1 Daemon Server] - 2025-09-11T07:11:41.407Z - [REQUEST]: apps/backend/src/main/java/com/shanergy/bprev/controller/UserController.java
[NX v21.5.1 Daemon Server] - 2025-09-11T07:11:41.407Z - [REQUEST]: 
Time for 'nx/js/dependencies-and-lockfile:createNodes' 0.0529169999063015
Time for 'nx/core/project-json:createNodes' 0.0503329997882247
Time for 'nx/core/package-json:createNodes' 0.1808339999988675
[NX v21.5.1 Daemon Server] - 2025-09-11T07:11:41.408Z - Time taken for 'hash changed files from watcher' 0.2976249996572733ms
[NX v21.5.1 Daemon Server] - 2025-09-11T07:11:41.411Z - Time taken for 'build-project-configs' 0.7886669998988509ms
Time for 'build typescript dependencies' 0.03612499963492155
[NX v21.5.1 Daemon Server] - 2025-09-11T07:11:41.417Z - Wrote project graph cache to /Users/curiosity/tools/wcw/.nx/workspace-data/project-graph.json
[NX v21.5.1 Daemon Server] - 2025-09-11T07:11:41.417Z - [SYNC]: collect registered sync generators
[NX v21.5.1 Daemon Server] - 2025-09-11T07:11:41.417Z - [SYNC]: project graph hash is the same, not collecting task sync generators
[NX v21.5.1 Daemon Server] - 2025-09-11T07:11:41.417Z - [SYNC]: nx.json hash is the same, not collecting global sync generators
[NX v21.5.1 Daemon Server] - 2025-09-11T07:11:41.417Z - Time taken for 'total execution time for createProjectGraph()' 2.6225000005215406ms
[NX v21.5.1 Daemon Server] - 2025-09-11T07:11:41.783Z - [WATCHER]: Processing file changes in outputs
[NX v21.5.1 Daemon Server] - 2025-09-11T07:11:41.793Z - [WATCHER]: apps/backend/target/classes/com/shanergy/bprev/controller/UserController.class was created or restored
[NX v21.5.1 Daemon Server] - 2025-09-11T07:11:41.895Z - [REQUEST]: Updated workspace context based on watched changes, recomputing project graph...
[NX v21.5.1 Daemon Server] - 2025-09-11T07:11:41.895Z - [REQUEST]: apps/backend/target/classes/com/shanergy/bprev/controller/UserController.class
[NX v21.5.1 Daemon Server] - 2025-09-11T07:11:41.895Z - [REQUEST]: 
Time for 'nx/js/dependencies-and-lockfile:createNodes' 0.07354200072586536
[NX v21.5.1 Daemon Server] - 2025-09-11T07:11:41.897Z - Time taken for 'hash changed files from watcher' 0.6579579999670386ms
Time for 'nx/core/project-json:createNodes' 0.05158300045877695
Time for 'nx/core/package-json:createNodes' 0.2118750000372529
[NX v21.5.1 Daemon Server] - 2025-09-11T07:11:41.899Z - Time taken for 'build-project-configs' 0.7926250007003546ms
Time for 'build typescript dependencies' 0.007542000152170658
[NX v21.5.1 Daemon Server] - 2025-09-11T07:11:41.901Z - Wrote project graph cache to /Users/curiosity/tools/wcw/.nx/workspace-data/project-graph.json
[NX v21.5.1 Daemon Server] - 2025-09-11T07:11:41.901Z - [SYNC]: collect registered sync generators
[NX v21.5.1 Daemon Server] - 2025-09-11T07:11:41.901Z - [SYNC]: project graph hash is the same, not collecting task sync generators
[NX v21.5.1 Daemon Server] - 2025-09-11T07:11:41.901Z - [SYNC]: nx.json hash is the same, not collecting global sync generators
[NX v21.5.1 Daemon Server] - 2025-09-11T07:11:41.901Z - Time taken for 'total execution time for createProjectGraph()' 1.697999999858439ms
[NX v21.5.1 Daemon Server] - 2025-09-11T07:11:49.629Z - [WATCHER]: apps/backend/src/test/resources/data-h2.sql was modified
[NX v21.5.1 Daemon Server] - 2025-09-11T07:11:49.630Z - [WATCHER]: Processing file changes in outputs
[NX v21.5.1 Daemon Server] - 2025-09-11T07:11:49.832Z - [REQUEST]: Updated workspace context based on watched changes, recomputing project graph...
[NX v21.5.1 Daemon Server] - 2025-09-11T07:11:49.833Z - [REQUEST]: apps/backend/src/test/resources/data-h2.sql
[NX v21.5.1 Daemon Server] - 2025-09-11T07:11:49.833Z - [REQUEST]: 
Time for 'nx/js/dependencies-and-lockfile:createNodes' 0.09504200052469969
[NX v21.5.1 Daemon Server] - 2025-09-11T07:11:49.836Z - Time taken for 'hash changed files from watcher' 0.867666999809444ms
Time for 'nx/core/project-json:createNodes' 0.07537500001490116
Time for 'nx/core/package-json:createNodes' 0.30366700049489737
[NX v21.5.1 Daemon Server] - 2025-09-11T07:11:49.839Z - Time taken for 'build-project-configs' 1.0337920002639294ms
Time for 'build typescript dependencies' 0.018207999877631664
[NX v21.5.1 Daemon Server] - 2025-09-11T07:11:49.842Z - Wrote project graph cache to /Users/curiosity/tools/wcw/.nx/workspace-data/project-graph.json
[NX v21.5.1 Daemon Server] - 2025-09-11T07:11:49.843Z - [SYNC]: collect registered sync generators
[NX v21.5.1 Daemon Server] - 2025-09-11T07:11:49.843Z - [SYNC]: project graph hash is the same, not collecting task sync generators
[NX v21.5.1 Daemon Server] - 2025-09-11T07:11:49.843Z - [SYNC]: nx.json hash is the same, not collecting global sync generators
[NX v21.5.1 Daemon Server] - 2025-09-11T07:11:49.843Z - Time taken for 'total execution time for createProjectGraph()' 2.6922500003129244ms
[NX v21.5.1 Daemon Server] - 2025-09-11T07:11:50.114Z - [WATCHER]: Processing file changes in outputs
[NX v21.5.1 Daemon Server] - 2025-09-11T07:11:50.115Z - [WATCHER]: apps/backend/target/test-classes/data-h2.sql was created or restored
[NX v21.5.1 Daemon Server] - 2025-09-11T07:11:50.216Z - [REQUEST]: Updated workspace context based on watched changes, recomputing project graph...
[NX v21.5.1 Daemon Server] - 2025-09-11T07:11:50.216Z - [REQUEST]: apps/backend/target/test-classes/data-h2.sql
[NX v21.5.1 Daemon Server] - 2025-09-11T07:11:50.216Z - [REQUEST]: 
Time for 'nx/js/dependencies-and-lockfile:createNodes' 0.04991600010544062
[NX v21.5.1 Daemon Server] - 2025-09-11T07:11:50.218Z - Time taken for 'hash changed files from watcher' 0.7481659995391965ms
Time for 'nx/core/project-json:createNodes' 0.06245799921452999
Time for 'nx/core/package-json:createNodes' 0.31604199949651957
[NX v21.5.1 Daemon Server] - 2025-09-11T07:11:50.222Z - Time taken for 'build-project-configs' 0.9569999994710088ms
Time for 'build typescript dependencies' 0.014917000196874142
[NX v21.5.1 Daemon Server] - 2025-09-11T07:11:50.226Z - Wrote project graph cache to /Users/curiosity/tools/wcw/.nx/workspace-data/project-graph.json
[NX v21.5.1 Daemon Server] - 2025-09-11T07:11:50.227Z - [SYNC]: collect registered sync generators
[NX v21.5.1 Daemon Server] - 2025-09-11T07:11:50.227Z - [SYNC]: project graph hash is the same, not collecting task sync generators
[NX v21.5.1 Daemon Server] - 2025-09-11T07:11:50.227Z - [SYNC]: nx.json hash is the same, not collecting global sync generators
[NX v21.5.1 Daemon Server] - 2025-09-11T07:11:50.227Z - Time taken for 'total execution time for createProjectGraph()' 2.7710419995710254ms
[NX v21.5.1 Daemon Server] - 2025-09-11T07:12:07.293Z - [WATCHER]: apps/backend/src/test/java/com/shanergy/bprev/controller/AdminApisTest.java was created or restored
[NX v21.5.1 Daemon Server] - 2025-09-11T07:12:07.293Z - [WATCHER]: Processing file changes in outputs
[NX v21.5.1 Daemon Server] - 2025-09-11T07:12:07.395Z - [REQUEST]: Updated workspace context based on watched changes, recomputing project graph...
[NX v21.5.1 Daemon Server] - 2025-09-11T07:12:07.395Z - [REQUEST]: apps/backend/src/test/java/com/shanergy/bprev/controller/AdminApisTest.java
[NX v21.5.1 Daemon Server] - 2025-09-11T07:12:07.395Z - [REQUEST]: 
[NX v21.5.1 Daemon Server] - 2025-09-11T07:12:07.400Z - Time taken for 'hash changed files from watcher' 0.830290999263525ms
Time for 'nx/core/project-json:createNodes' 0.45216699969023466
Time for 'nx/js/dependencies-and-lockfile:createNodes' 1.6965830000117421
Time for 'nx/core/package-json:createNodes' 1.7585410000756383
[NX v21.5.1 Daemon Server] - 2025-09-11T07:12:07.410Z - Time taken for 'build-project-configs' 8.707374999299645ms
Time for 'build typescript dependencies' 0.027833000756800175
[NX v21.5.1 Daemon Server] - 2025-09-11T07:12:07.414Z - Wrote project graph cache to /Users/curiosity/tools/wcw/.nx/workspace-data/project-graph.json
[NX v21.5.1 Daemon Server] - 2025-09-11T07:12:07.414Z - [SYNC]: collect registered sync generators
[NX v21.5.1 Daemon Server] - 2025-09-11T07:12:07.414Z - [SYNC]: project graph hash is the same, not collecting task sync generators
[NX v21.5.1 Daemon Server] - 2025-09-11T07:12:07.415Z - [SYNC]: nx.json hash is the same, not collecting global sync generators
[NX v21.5.1 Daemon Server] - 2025-09-11T07:12:07.415Z - Time taken for 'total execution time for createProjectGraph()' 3.0404170006513596ms
[NX v21.5.1 Daemon Server] - 2025-09-11T07:12:07.895Z - [WATCHER]: 2 file(s) created or restored, 0 file(s) modified, 0 file(s) deleted
[NX v21.5.1 Daemon Server] - 2025-09-11T07:12:07.895Z - [WATCHER]: Processing file changes in outputs
[NX v21.5.1 Daemon Server] - 2025-09-11T07:12:07.998Z - [REQUEST]: Updated workspace context based on watched changes, recomputing project graph...
[NX v21.5.1 Daemon Server] - 2025-09-11T07:12:07.998Z - [REQUEST]: apps/backend/target/test-classes/com/shanergy/bprev/controller/AdminApisTest.class,apps/backend/target/test-classes/data-h2.sql
[NX v21.5.1 Daemon Server] - 2025-09-11T07:12:07.998Z - [REQUEST]: 
Time for 'nx/js/dependencies-and-lockfile:createNodes' 0.0754169998690486
Time for 'nx/core/project-json:createNodes' 0.0669999998062849
Time for 'nx/core/package-json:createNodes' 0.5762080000713468
[NX v21.5.1 Daemon Server] - 2025-09-11T07:12:08.004Z - Time taken for 'hash changed files from watcher' 1.1229999996721745ms
[NX v21.5.1 Daemon Server] - 2025-09-11T07:12:08.007Z - Time taken for 'build-project-configs' 2.9241249999031425ms
Time for 'build typescript dependencies' 0.023540999740362167
[NX v21.5.1 Daemon Server] - 2025-09-11T07:12:08.015Z - Wrote project graph cache to /Users/curiosity/tools/wcw/.nx/workspace-data/project-graph.json
[NX v21.5.1 Daemon Server] - 2025-09-11T07:12:08.015Z - [SYNC]: collect registered sync generators
[NX v21.5.1 Daemon Server] - 2025-09-11T07:12:08.015Z - [SYNC]: project graph hash is the same, not collecting task sync generators
[NX v21.5.1 Daemon Server] - 2025-09-11T07:12:08.016Z - [SYNC]: nx.json hash is the same, not collecting global sync generators
[NX v21.5.1 Daemon Server] - 2025-09-11T07:12:08.016Z - Time taken for 'total execution time for createProjectGraph()' 4.303667000494897ms
[NX v21.5.1 Daemon Server] - 2025-09-11T07:12:11.454Z - [WATCHER]: 0 file(s) created or restored, 1 file(s) modified, 2 file(s) deleted
[NX v21.5.1 Daemon Server] - 2025-09-11T07:12:11.454Z - [WATCHER]: Processing file changes in outputs
[NX v21.5.1 Daemon Server] - 2025-09-11T07:12:11.655Z - [REQUEST]: Updated workspace context based on watched changes, recomputing project graph...
[NX v21.5.1 Daemon Server] - 2025-09-11T07:12:11.655Z - [REQUEST]: apps/backend/target/maven-status/maven-compiler-plugin/compile/default-compile/inputFiles.lst
[NX v21.5.1 Daemon Server] - 2025-09-11T07:12:11.655Z - [REQUEST]: apps/backend/target/classes/com/shanergy/bprev/controller/HealthController.class,apps/backend/target/classes/com/shanergy/bprev/BprevApplication.class
Time for 'nx/js/dependencies-and-lockfile:createNodes' 0.038333999924361706
[NX v21.5.1 Daemon Server] - 2025-09-11T07:12:11.656Z - Time taken for 'hash changed files from watcher' 0.2100409995764494ms
Time for 'nx/core/package-json:createNodes' 0.12404099944978952
Time for 'nx/core/project-json:createNodes' 0.057874999940395355
[NX v21.5.1 Daemon Server] - 2025-09-11T07:12:11.658Z - Time taken for 'build-project-configs' 0.688374999910593ms
Time for 'build typescript dependencies' 0.003916999325156212
[NX v21.5.1 Daemon Server] - 2025-09-11T07:12:11.659Z - Wrote project graph cache to /Users/curiosity/tools/wcw/.nx/workspace-data/project-graph.json
[NX v21.5.1 Daemon Server] - 2025-09-11T07:12:11.659Z - [SYNC]: collect registered sync generators
[NX v21.5.1 Daemon Server] - 2025-09-11T07:12:11.659Z - [SYNC]: project graph hash is the same, not collecting task sync generators
[NX v21.5.1 Daemon Server] - 2025-09-11T07:12:11.659Z - [SYNC]: nx.json hash is the same, not collecting global sync generators
[NX v21.5.1 Daemon Server] - 2025-09-11T07:12:11.659Z - Time taken for 'total execution time for createProjectGraph()' 0.9210419999435544ms
[NX v21.5.1 Daemon Server] - 2025-09-11T07:12:11.786Z - [WATCHER]: 0 file(s) created or restored, 9 file(s) modified, 0 file(s) deleted
[NX v21.5.1 Daemon Server] - 2025-09-11T07:12:11.786Z - [WATCHER]: Processing file changes in outputs
[NX v21.5.1 Daemon Server] - 2025-09-11T07:12:11.837Z - [WATCHER]: 3 file(s) created or restored, 22 file(s) modified, 1 file(s) deleted
[NX v21.5.1 Daemon Server] - 2025-09-11T07:12:11.847Z - [WATCHER]: Processing file changes in outputs
[NX v21.5.1 Daemon Server] - 2025-09-11T07:12:11.900Z - [WATCHER]: Processing file changes in outputs
[NX v21.5.1 Daemon Server] - 2025-09-11T07:12:11.978Z - [WATCHER]: 1 file(s) created or restored, 6 file(s) modified, 0 file(s) deleted
[NX v21.5.1 Daemon Server] - 2025-09-11T07:12:11.979Z - [WATCHER]: Processing file changes in outputs
[NX v21.5.1 Daemon Server] - 2025-09-11T07:12:12.147Z - [WATCHER]: 3 file(s) created or restored, 0 file(s) modified, 0 file(s) deleted
[NX v21.5.1 Daemon Server] - 2025-09-11T07:12:12.148Z - [WATCHER]: Processing file changes in outputs
[NX v21.5.1 Daemon Server] - 2025-09-11T07:12:12.189Z - [REQUEST]: Updated workspace context based on watched changes, recomputing project graph...
[NX v21.5.1 Daemon Server] - 2025-09-11T07:12:12.189Z - [REQUEST]: apps/backend/target/classes/com/shanergy/bprev/model/User.class,apps/backend/target/classes/com/shanergy/bprev/model/Role.class,apps/backend/target/classes/com/shanergy/bprev/dto/ErrorResponse.class,apps/backend/target/classes/com/shanergy/bprev/dto/LoginResponse.class,apps/backend/target/classes/com/shanergy/bprev/controller/AuthController.class,apps/backend/target/classes/com/shanergy/bprev/dto/LoginRequest.class,apps/backend/target/classes/com/shanergy/bprev/security/JwtUtil.class,apps/backend/target/classes/com/shanergy/bprev/controller/RestExceptionHandler.class,apps/backend/target/classes/com/shanergy/bprev/repository/UserRepository.class,apps/backend/target/test-classes/data-h2.sql,apps/backend/target/classes/com/shanergy/bprev/BprevApplication.class,apps/backend/target/classes/com/shanergy/bprev/controller/HealthController.class,apps/backend/target/classes/com/shanergy/bprev/dto/UserDtos$RoleSummary.class,apps/backend/target/classes/com/shanergy/bprev/dto/UserDtos.class,apps/backend/target/classes/com/shanergy/bprev/repository/RoleRepository.class,apps/backend/target/classes/com/shanergy/bprev/security/SecurityConfig.class,apps/backend/target/classes/com/shanergy/bprev/dto/UserDtos$UserResponse.class,apps/backend/target/classes/com/shanergy/bprev/dto/RoleDtos$UpdateRoleRequest.class,apps/backend/target/maven-status/maven-compiler-plugin/testCompile/default-testCompile/inputFiles.lst,apps/backend/target/classes/com/shanergy/bprev/security/JwtAuthenticationFilter.class,apps/backend/target/classes/com/shanergy/bprev/dto/RoleDtos.class,apps/backend/target/classes/com/shanergy/bprev/service/UserService.class,apps/backend/target/classes/com/shanergy/bprev/dto/RoleDtos$RoleResponse.class,apps/backend/target/classes/com/shanergy/bprev/controller/UserController.class,apps/backend/target/classes/com/shanergy/bprev/controller/ProtectedController.class,apps/backend/target/classes/com/shanergy/bprev/dto/UserDtos$UpdateUserRequest.class,apps/backend/target/classes/com/shanergy/bprev/security/CustomUserDetailsService.class,apps/backend/target/classes/com/shanergy/bprev/controller/RoleController.class,apps/backend/target/maven-status/maven-compiler-plugin/compile/default-compile/createdFiles.lst,apps/backend/target/classes/com/shanergy/bprev/dto/UserDtos$CreateUserRequest.class,apps/backend/target/classes/com/shanergy/bprev/security/RestAuthenticationEntryPoint.class,apps/backend/target/classes/com/shanergy/bprev/dto/RoleDtos$CreateRoleRequest.class,apps/backend/target/classes/com/shanergy/bprev/service/RoleService.class,apps/backend/target/classes/com/shanergy/bprev/security/RestAccessDeniedHandler.class,apps/backend/target/test-classes/com/shanergy/bprev/controller/HealthControllerTest.class,apps/backend/target/maven-status/maven-compiler-plugin/testCompile/default-testCompile/createdFiles.lst,apps/backend/target/test-classes/com/shanergy/bprev/controller/ProtectedControllerIntegrationTest.class,apps/backend/target/test-classes/com/shanergy/bprev/security/SecurityProtectedEndpointsTest.class,apps/backend/target/test-classes/com/shanergy/bprev/controller/AdminApisTest.class,apps/backend/target/test-classes/com/shanergy/bprev/controller/AuthControllerTest.class,apps/backend/target/test-classes/com/shanergy/bprev/security/SecurityPublicEndpointsTest.class,apps/backend/target/surefire/surefire_0-20250911151212084_2tmp,apps/backend/target/surefire/surefire-20250911151212084_1tmp,apps/backend/target/surefire/surefirebooter-20250911151212084_3.jar
[NX v21.5.1 Daemon Server] - 2025-09-11T07:12:12.189Z - [REQUEST]: 
Time for 'nx/js/dependencies-and-lockfile:createNodes' 0.04270799923688173
[NX v21.5.1 Daemon Server] - 2025-09-11T07:12:12.190Z - Time taken for 'hash changed files from watcher' 1.816292000003159ms
Time for 'nx/core/project-json:createNodes' 0.04587499983608723
Time for 'nx/core/package-json:createNodes' 0.2047500004991889
[NX v21.5.1 Daemon Server] - 2025-09-11T07:12:12.191Z - Time taken for 'build-project-configs' 0.7183329993858933ms
Time for 'build typescript dependencies' 0.004707999527454376
[NX v21.5.1 Daemon Server] - 2025-09-11T07:12:12.194Z - Wrote project graph cache to /Users/curiosity/tools/wcw/.nx/workspace-data/project-graph.json
[NX v21.5.1 Daemon Server] - 2025-09-11T07:12:12.194Z - [SYNC]: collect registered sync generators
[NX v21.5.1 Daemon Server] - 2025-09-11T07:12:12.194Z - [SYNC]: project graph hash is the same, not collecting task sync generators
[NX v21.5.1 Daemon Server] - 2025-09-11T07:12:12.194Z - [SYNC]: nx.json hash is the same, not collecting global sync generators
[NX v21.5.1 Daemon Server] - 2025-09-11T07:12:12.194Z - Time taken for 'total execution time for createProjectGraph()' 2.220625000074506ms
[NX v21.5.1 Daemon Server] - 2025-09-11T07:12:15.350Z - [WATCHER]: 3 file(s) created or restored, 3 file(s) modified, 0 file(s) deleted
[NX v21.5.1 Daemon Server] - 2025-09-11T07:12:15.350Z - [WATCHER]: Processing file changes in outputs
[NX v21.5.1 Daemon Server] - 2025-09-11T07:12:15.451Z - [REQUEST]: Updated workspace context based on watched changes, recomputing project graph...
[NX v21.5.1 Daemon Server] - 2025-09-11T07:12:15.451Z - [REQUEST]: apps/backend/target/surefire-reports/TEST-com.shanergy.bprev.controller.HealthControllerTest.xml,apps/backend/target/surefire-reports/TEST-com.shanergy.bprev.security.SecurityProtectedEndpointsTest.xml,apps/backend/target/surefire-reports/TEST-com.shanergy.bprev.security.SecurityPublicEndpointsTest.xml,apps/backend/target/surefire-reports/com.shanergy.bprev.security.SecurityProtectedEndpointsTest.txt,apps/backend/target/surefire-reports/com.shanergy.bprev.controller.HealthControllerTest.txt,apps/backend/target/surefire-reports/com.shanergy.bprev.security.SecurityPublicEndpointsTest.txt
[NX v21.5.1 Daemon Server] - 2025-09-11T07:12:15.451Z - [REQUEST]: 
[NX v21.5.1 Daemon Server] - 2025-09-11T07:12:15.452Z - Time taken for 'hash changed files from watcher' 0.3369580004364252ms
Time for 'nx/js/dependencies-and-lockfile:createNodes' 0.02858399972319603
Time for 'nx/core/project-json:createNodes' 0.028291000053286552
Time for 'nx/core/package-json:createNodes' 0.10287499986588955
[NX v21.5.1 Daemon Server] - 2025-09-11T07:12:15.453Z - Time taken for 'build-project-configs' 0.5360840000212193ms
Time for 'build typescript dependencies' 0.003959000110626221
[NX v21.5.1 Daemon Server] - 2025-09-11T07:12:15.454Z - Wrote project graph cache to /Users/curiosity/tools/wcw/.nx/workspace-data/project-graph.json
[NX v21.5.1 Daemon Server] - 2025-09-11T07:12:15.454Z - [SYNC]: collect registered sync generators
[NX v21.5.1 Daemon Server] - 2025-09-11T07:12:15.454Z - [SYNC]: project graph hash is the same, not collecting task sync generators
[NX v21.5.1 Daemon Server] - 2025-09-11T07:12:15.454Z - [SYNC]: nx.json hash is the same, not collecting global sync generators
[NX v21.5.1 Daemon Server] - 2025-09-11T07:12:15.454Z - Time taken for 'total execution time for createProjectGraph()' 0.6596660008653998ms
[NX v21.5.1 Daemon Server] - 2025-09-11T07:12:15.587Z - [WATCHER]: Processing file changes in outputs
[NX v21.5.1 Daemon Server] - 2025-09-11T07:12:15.587Z - [WATCHER]: 2 file(s) created or restored, 2 file(s) modified, 0 file(s) deleted
[NX v21.5.1 Daemon Server] - 2025-09-11T07:12:15.688Z - [REQUEST]: Updated workspace context based on watched changes, recomputing project graph...
[NX v21.5.1 Daemon Server] - 2025-09-11T07:12:15.688Z - [REQUEST]: apps/backend/target/surefire-reports/TEST-com.shanergy.bprev.controller.ProtectedControllerIntegrationTest.xml,apps/backend/target/surefire-reports/TEST-com.shanergy.bprev.controller.AuthControllerTest.xml,apps/backend/target/surefire-reports/com.shanergy.bprev.controller.ProtectedControllerIntegrationTest.txt,apps/backend/target/surefire-reports/com.shanergy.bprev.controller.AuthControllerTest.txt
[NX v21.5.1 Daemon Server] - 2025-09-11T07:12:15.688Z - [REQUEST]: 
[NX v21.5.1 Daemon Server] - 2025-09-11T07:12:15.689Z - Time taken for 'hash changed files from watcher' 0.30695899948477745ms
Time for 'nx/js/dependencies-and-lockfile:createNodes' 0.040415999479591846
Time for 'nx/core/project-json:createNodes' 0.03437500074505806
Time for 'nx/core/package-json:createNodes' 0.21112499944865704
[NX v21.5.1 Daemon Server] - 2025-09-11T07:12:15.691Z - Time taken for 'build-project-configs' 0.6011669998988509ms
Time for 'build typescript dependencies' 0.006874999962747097
[NX v21.5.1 Daemon Server] - 2025-09-11T07:12:15.692Z - Wrote project graph cache to /Users/curiosity/tools/wcw/.nx/workspace-data/project-graph.json
[NX v21.5.1 Daemon Server] - 2025-09-11T07:12:15.692Z - [SYNC]: collect registered sync generators
[NX v21.5.1 Daemon Server] - 2025-09-11T07:12:15.692Z - [SYNC]: project graph hash is the same, not collecting task sync generators
[NX v21.5.1 Daemon Server] - 2025-09-11T07:12:15.692Z - [SYNC]: nx.json hash is the same, not collecting global sync generators
[NX v21.5.1 Daemon Server] - 2025-09-11T07:12:15.692Z - Time taken for 'total execution time for createProjectGraph()' 1.0872499998658895ms
[NX v21.5.1 Daemon Server] - 2025-09-11T07:12:15.752Z - [WATCHER]: 2 file(s) created or restored, 0 file(s) modified, 0 file(s) deleted
[NX v21.5.1 Daemon Server] - 2025-09-11T07:12:15.752Z - [WATCHER]: Processing file changes in outputs
[NX v21.5.1 Daemon Server] - 2025-09-11T07:12:15.855Z - [REQUEST]: Updated workspace context based on watched changes, recomputing project graph...
[NX v21.5.1 Daemon Server] - 2025-09-11T07:12:15.855Z - [REQUEST]: apps/backend/target/surefire-reports/com.shanergy.bprev.controller.AdminApisTest.txt,apps/backend/target/surefire-reports/TEST-com.shanergy.bprev.controller.AdminApisTest.xml
[NX v21.5.1 Daemon Server] - 2025-09-11T07:12:15.855Z - [REQUEST]: 
Time for 'nx/js/dependencies-and-lockfile:createNodes' 0.033125000074505806
[NX v21.5.1 Daemon Server] - 2025-09-11T07:12:15.856Z - Time taken for 'hash changed files from watcher' 0.5367919998243451ms
Time for 'nx/core/project-json:createNodes' 0.03854199964553118
Time for 'nx/core/package-json:createNodes' 0.11383299995213747
[NX v21.5.1 Daemon Server] - 2025-09-11T07:12:15.858Z - Time taken for 'build-project-configs' 0.5149170001968741ms
Time for 'build typescript dependencies' 0.0067910002544522285
[NX v21.5.1 Daemon Server] - 2025-09-11T07:12:15.859Z - Wrote project graph cache to /Users/curiosity/tools/wcw/.nx/workspace-data/project-graph.json
[NX v21.5.1 Daemon Server] - 2025-09-11T07:12:15.859Z - [SYNC]: collect registered sync generators
[NX v21.5.1 Daemon Server] - 2025-09-11T07:12:15.859Z - [SYNC]: project graph hash is the same, not collecting task sync generators
[NX v21.5.1 Daemon Server] - 2025-09-11T07:12:15.859Z - [SYNC]: nx.json hash is the same, not collecting global sync generators
[NX v21.5.1 Daemon Server] - 2025-09-11T07:12:15.859Z - Time taken for 'total execution time for createProjectGraph()' 1.087917000055313ms
[NX v21.5.1 Daemon Server] - 2025-09-11T07:12:15.990Z - [WATCHER]: 0 file(s) created or restored, 0 file(s) modified, 3 file(s) deleted
[NX v21.5.1 Daemon Server] - 2025-09-11T07:12:15.990Z - [WATCHER]: Processing file changes in outputs
[NX v21.5.1 Daemon Server] - 2025-09-11T07:12:16.192Z - [REQUEST]: Updated workspace context based on watched changes, recomputing project graph...
[NX v21.5.1 Daemon Server] - 2025-09-11T07:12:16.192Z - [REQUEST]: 
[NX v21.5.1 Daemon Server] - 2025-09-11T07:12:16.192Z - [REQUEST]: apps/backend/target/surefire/surefire_0-20250911151212084_2tmp,apps/backend/target/surefire/surefirebooter-20250911151212084_3.jar,apps/backend/target/surefire/surefire-20250911151212084_1tmp
Time for 'nx/js/dependencies-and-lockfile:createNodes' 0.08208300080150366
Time for 'nx/core/project-json:createNodes' 0.09612500015646219
Time for 'nx/core/package-json:createNodes' 0.2748339995741844
[NX v21.5.1 Daemon Server] - 2025-09-11T07:12:16.194Z - Time taken for 'hash changed files from watcher' 0.3241249993443489ms
[NX v21.5.1 Daemon Server] - 2025-09-11T07:12:16.196Z - Time taken for 'build-project-configs' 1.1187920002266765ms
Time for 'build typescript dependencies' 0.014791999943554401
[NX v21.5.1 Daemon Server] - 2025-09-11T07:12:16.200Z - Wrote project graph cache to /Users/curiosity/tools/wcw/.nx/workspace-data/project-graph.json
[NX v21.5.1 Daemon Server] - 2025-09-11T07:12:16.200Z - [SYNC]: collect registered sync generators
[NX v21.5.1 Daemon Server] - 2025-09-11T07:12:16.200Z - [SYNC]: project graph hash is the same, not collecting task sync generators
[NX v21.5.1 Daemon Server] - 2025-09-11T07:12:16.200Z - [SYNC]: nx.json hash is the same, not collecting global sync generators
[NX v21.5.1 Daemon Server] - 2025-09-11T07:12:16.200Z - Time taken for 'total execution time for createProjectGraph()' 1.8814579993486404ms
[NX v21.5.1 Daemon Server] - 2025-09-11T07:12:35.207Z - [WATCHER]: docs/stories/1.2.基础用户与权限管理.story.md was modified
[NX v21.5.1 Daemon Server] - 2025-09-11T07:12:35.207Z - [WATCHER]: Processing file changes in outputs
[NX v21.5.1 Daemon Server] - 2025-09-11T07:12:35.612Z - [REQUEST]: Updated workspace context based on watched changes, recomputing project graph...
[NX v21.5.1 Daemon Server] - 2025-09-11T07:12:35.612Z - [REQUEST]: docs/stories/1.2.基础用户与权限管理.story.md
[NX v21.5.1 Daemon Server] - 2025-09-11T07:12:35.612Z - [REQUEST]: 
[NX v21.5.1 Daemon Server] - 2025-09-11T07:12:35.614Z - Time taken for 'hash changed files from watcher' 0.692917000502348ms
Time for 'nx/js/dependencies-and-lockfile:createNodes' 0.4867500001564622
Time for 'nx/core/project-json:createNodes' 0.2196660004556179
Time for 'nx/core/package-json:createNodes' 0.6962080001831055
[NX v21.5.1 Daemon Server] - 2025-09-11T07:12:35.621Z - Time taken for 'build-project-configs' 3.590208999812603ms
Time for 'build typescript dependencies' 0.030375000089406967
[NX v21.5.1 Daemon Server] - 2025-09-11T07:12:35.628Z - Wrote project graph cache to /Users/curiosity/tools/wcw/.nx/workspace-data/project-graph.json
[NX v21.5.1 Daemon Server] - 2025-09-11T07:12:35.628Z - [SYNC]: collect registered sync generators
[NX v21.5.1 Daemon Server] - 2025-09-11T07:12:35.628Z - [SYNC]: project graph hash is the same, not collecting task sync generators
[NX v21.5.1 Daemon Server] - 2025-09-11T07:12:35.628Z - [SYNC]: nx.json hash is the same, not collecting global sync generators
[NX v21.5.1 Daemon Server] - 2025-09-11T07:12:35.628Z - Time taken for 'total execution time for createProjectGraph()' 6.705292000435293ms
[NX v21.5.1 Daemon Server] - 2025-09-11T07:14:36.355Z - [WATCHER]: Processing file changes in outputs
[NX v21.5.1 Daemon Server] - 2025-09-11T07:14:36.358Z - [WATCHER]: apps/frontend-pc/src/router/index.js was modified
[NX v21.5.1 Daemon Server] - 2025-09-11T07:14:37.163Z - [REQUEST]: Updated workspace context based on watched changes, recomputing project graph...
[NX v21.5.1 Daemon Server] - 2025-09-11T07:14:37.163Z - [REQUEST]: apps/frontend-pc/src/router/index.js
[NX v21.5.1 Daemon Server] - 2025-09-11T07:14:37.163Z - [REQUEST]: 
[NX v21.5.1 Daemon Server] - 2025-09-11T07:14:37.166Z - Time taken for 'hash changed files from watcher' 1.5730839995667338ms
Time for 'nx/js/dependencies-and-lockfile:createNodes' 0.5484579997137189
Time for 'nx/core/project-json:createNodes' 0.2881249999627471
Time for 'nx/core/package-json:createNodes' 1.3199160005897284
[NX v21.5.1 Daemon Server] - 2025-09-11T07:14:37.173Z - Time taken for 'build-project-configs' 4.278874999843538ms
Time for 'build typescript dependencies' 0.037375000305473804
[NX v21.5.1 Daemon Server] - 2025-09-11T07:14:37.181Z - Wrote project graph cache to /Users/curiosity/tools/wcw/.nx/workspace-data/project-graph.json
[NX v21.5.1 Daemon Server] - 2025-09-11T07:14:37.181Z - [SYNC]: collect registered sync generators
[NX v21.5.1 Daemon Server] - 2025-09-11T07:14:37.182Z - [SYNC]: project graph hash is the same, not collecting task sync generators
[NX v21.5.1 Daemon Server] - 2025-09-11T07:14:37.182Z - [SYNC]: nx.json hash is the same, not collecting global sync generators
[NX v21.5.1 Daemon Server] - 2025-09-11T07:14:37.182Z - Time taken for 'total execution time for createProjectGraph()' 7.713541999459267ms
[NX v21.5.1 Daemon Server] - 2025-09-11T07:15:03.608Z - [WATCHER]: apps/frontend-pc/src/services/auth.js was created or restored
[NX v21.5.1 Daemon Server] - 2025-09-11T07:15:03.609Z - [WATCHER]: Processing file changes in outputs
[NX v21.5.1 Daemon Server] - 2025-09-11T07:15:03.710Z - [REQUEST]: Updated workspace context based on watched changes, recomputing project graph...
[NX v21.5.1 Daemon Server] - 2025-09-11T07:15:03.710Z - [REQUEST]: apps/frontend-pc/src/services/auth.js
[NX v21.5.1 Daemon Server] - 2025-09-11T07:15:03.710Z - [REQUEST]: 
Time for 'nx/js/dependencies-and-lockfile:createNodes' 0.06000000052154064
[NX v21.5.1 Daemon Server] - 2025-09-11T07:15:03.764Z - Time taken for 'hash changed files from watcher' 0.42150000017136335ms
Time for 'nx/core/project-json:createNodes' 0.06995800044387579
Time for 'nx/core/package-json:createNodes' 0.19495899975299835
[NX v21.5.1 Daemon Server] - 2025-09-11T07:15:03.771Z - Time taken for 'build-project-configs' 1.091541999951005ms
Time for 'build typescript dependencies' 0.021083000116050243
[NX v21.5.1 Daemon Server] - 2025-09-11T07:15:03.776Z - Wrote project graph cache to /Users/curiosity/tools/wcw/.nx/workspace-data/project-graph.json
[NX v21.5.1 Daemon Server] - 2025-09-11T07:15:03.776Z - [SYNC]: collect registered sync generators
[NX v21.5.1 Daemon Server] - 2025-09-11T07:15:03.776Z - [SYNC]: project graph hash is the same, not collecting task sync generators
[NX v21.5.1 Daemon Server] - 2025-09-11T07:15:03.776Z - [SYNC]: nx.json hash is the same, not collecting global sync generators
[NX v21.5.1 Daemon Server] - 2025-09-11T07:15:03.776Z - Time taken for 'total execution time for createProjectGraph()' 7.394833000376821ms
[NX v21.5.1 Daemon Server] - 2025-09-11T07:15:12.153Z - [WATCHER]: apps/frontend-pc/src/views/LoginView.vue was created or restored
[NX v21.5.1 Daemon Server] - 2025-09-11T07:15:12.154Z - [WATCHER]: Processing file changes in outputs
[NX v21.5.1 Daemon Server] - 2025-09-11T07:15:12.256Z - [REQUEST]: Updated workspace context based on watched changes, recomputing project graph...
[NX v21.5.1 Daemon Server] - 2025-09-11T07:15:12.257Z - [REQUEST]: apps/frontend-pc/src/views/LoginView.vue
[NX v21.5.1 Daemon Server] - 2025-09-11T07:15:12.257Z - [REQUEST]: 
Time for 'nx/js/dependencies-and-lockfile:createNodes' 0.06991699989885092
[NX v21.5.1 Daemon Server] - 2025-09-11T07:15:12.259Z - Time taken for 'hash changed files from watcher' 0.8596670003607869ms
Time for 'nx/core/project-json:createNodes' 0.06824999954551458
Time for 'nx/core/package-json:createNodes' 0.2622079998254776
[NX v21.5.1 Daemon Server] - 2025-09-11T07:15:12.263Z - Time taken for 'build-project-configs' 1.1980000007897615ms
Time for 'build typescript dependencies' 0.01895900070667267
[NX v21.5.1 Daemon Server] - 2025-09-11T07:15:12.270Z - Wrote project graph cache to /Users/curiosity/tools/wcw/.nx/workspace-data/project-graph.json
[NX v21.5.1 Daemon Server] - 2025-09-11T07:15:12.270Z - [SYNC]: collect registered sync generators
[NX v21.5.1 Daemon Server] - 2025-09-11T07:15:12.271Z - [SYNC]: project graph hash is the same, not collecting task sync generators
[NX v21.5.1 Daemon Server] - 2025-09-11T07:15:12.271Z - [SYNC]: nx.json hash is the same, not collecting global sync generators
[NX v21.5.1 Daemon Server] - 2025-09-11T07:15:12.271Z - Time taken for 'total execution time for createProjectGraph()' 4.117041999474168ms
[NX v21.5.1 Daemon Server] - 2025-09-11T07:15:18.946Z - [WATCHER]: Processing file changes in outputs
[NX v21.5.1 Daemon Server] - 2025-09-11T07:15:18.949Z - [WATCHER]: apps/frontend-pc/src/views/AdminView.vue was created or restored
[NX v21.5.1 Daemon Server] - 2025-09-11T07:15:19.050Z - [REQUEST]: Updated workspace context based on watched changes, recomputing project graph...
[NX v21.5.1 Daemon Server] - 2025-09-11T07:15:19.051Z - [REQUEST]: apps/frontend-pc/src/views/AdminView.vue
[NX v21.5.1 Daemon Server] - 2025-09-11T07:15:19.051Z - [REQUEST]: 
[NX v21.5.1 Daemon Server] - 2025-09-11T07:15:19.055Z - Time taken for 'hash changed files from watcher' 0.8795420005917549ms
Time for 'nx/js/dependencies-and-lockfile:createNodes' 0.706874999217689
Time for 'nx/core/project-json:createNodes' 0.43050000071525574
Time for 'nx/core/package-json:createNodes' 1.5410000002011657
[NX v21.5.1 Daemon Server] - 2025-09-11T07:15:19.061Z - Time taken for 'build-project-configs' 4.762749999761581ms
Time for 'build typescript dependencies' 0.03158299997448921
[NX v21.5.1 Daemon Server] - 2025-09-11T07:15:19.069Z - Wrote project graph cache to /Users/curiosity/tools/wcw/.nx/workspace-data/project-graph.json
[NX v21.5.1 Daemon Server] - 2025-09-11T07:15:19.069Z - [SYNC]: collect registered sync generators
[NX v21.5.1 Daemon Server] - 2025-09-11T07:15:19.070Z - [SYNC]: project graph hash is the same, not collecting task sync generators
[NX v21.5.1 Daemon Server] - 2025-09-11T07:15:19.070Z - [SYNC]: nx.json hash is the same, not collecting global sync generators
[NX v21.5.1 Daemon Server] - 2025-09-11T07:15:19.070Z - Time taken for 'total execution time for createProjectGraph()' 7.879999999888241ms
[NX v21.5.1 Daemon Server] - 2025-09-11T07:15:40.379Z - [WATCHER]: apps/frontend-pc/src/views/HomeView.vue was modified
[NX v21.5.1 Daemon Server] - 2025-09-11T07:15:40.380Z - [WATCHER]: Processing file changes in outputs
[NX v21.5.1 Daemon Server] - 2025-09-11T07:15:40.582Z - [REQUEST]: Updated workspace context based on watched changes, recomputing project graph...
[NX v21.5.1 Daemon Server] - 2025-09-11T07:15:40.582Z - [REQUEST]: apps/frontend-pc/src/views/HomeView.vue
[NX v21.5.1 Daemon Server] - 2025-09-11T07:15:40.582Z - [REQUEST]: 
Time for 'nx/js/dependencies-and-lockfile:createNodes' 0.0693749999627471
[NX v21.5.1 Daemon Server] - 2025-09-11T07:15:40.584Z - Time taken for 'hash changed files from watcher' 0.6239170003682375ms
Time for 'nx/core/project-json:createNodes' 0.0677499994635582
Time for 'nx/core/package-json:createNodes' 0.3501249998807907
[NX v21.5.1 Daemon Server] - 2025-09-11T07:15:40.590Z - Time taken for 'build-project-configs' 2.8572079995647073ms
Time for 'build typescript dependencies' 0.021333999931812286
[NX v21.5.1 Daemon Server] - 2025-09-11T07:15:40.594Z - Wrote project graph cache to /Users/curiosity/tools/wcw/.nx/workspace-data/project-graph.json
[NX v21.5.1 Daemon Server] - 2025-09-11T07:15:40.594Z - [SYNC]: collect registered sync generators
[NX v21.5.1 Daemon Server] - 2025-09-11T07:15:40.595Z - [SYNC]: project graph hash is the same, not collecting task sync generators
[NX v21.5.1 Daemon Server] - 2025-09-11T07:15:40.595Z - [SYNC]: nx.json hash is the same, not collecting global sync generators
[NX v21.5.1 Daemon Server] - 2025-09-11T07:15:40.595Z - Time taken for 'total execution time for createProjectGraph()' 3.070666999556124ms
[NX v21.5.1 Daemon Server] - 2025-09-11T07:15:57.168Z - [WATCHER]: apps/frontend-pc/vue.config.js was created or restored
[NX v21.5.1 Daemon Server] - 2025-09-11T07:15:57.169Z - [WATCHER]: Processing file changes in outputs
[NX v21.5.1 Daemon Server] - 2025-09-11T07:15:57.271Z - [REQUEST]: Updated workspace context based on watched changes, recomputing project graph...
[NX v21.5.1 Daemon Server] - 2025-09-11T07:15:57.271Z - [REQUEST]: apps/frontend-pc/vue.config.js
[NX v21.5.1 Daemon Server] - 2025-09-11T07:15:57.271Z - [REQUEST]: 
Time for 'nx/js/dependencies-and-lockfile:createNodes' 0.07825000025331974
[NX v21.5.1 Daemon Server] - 2025-09-11T07:15:57.275Z - Time taken for 'hash changed files from watcher' 0.7627090001478791ms
Time for 'nx/core/project-json:createNodes' 0.09200000017881393
Time for 'nx/core/package-json:createNodes' 0.43249999918043613
[NX v21.5.1 Daemon Server] - 2025-09-11T07:15:57.280Z - Time taken for 'build-project-configs' 1.447124999947846ms
Time for 'build typescript dependencies' 0.01654099952429533
[NX v21.5.1 Daemon Server] - 2025-09-11T07:15:57.288Z - Wrote project graph cache to /Users/curiosity/tools/wcw/.nx/workspace-data/project-graph.json
[NX v21.5.1 Daemon Server] - 2025-09-11T07:15:57.288Z - [SYNC]: collect registered sync generators
[NX v21.5.1 Daemon Server] - 2025-09-11T07:15:57.289Z - [SYNC]: project graph hash is the same, not collecting task sync generators
[NX v21.5.1 Daemon Server] - 2025-09-11T07:15:57.289Z - [SYNC]: nx.json hash is the same, not collecting global sync generators
[NX v21.5.1 Daemon Server] - 2025-09-11T07:15:57.289Z - Time taken for 'total execution time for createProjectGraph()' 4.25241700001061ms
[NX v21.5.1 Daemon Server] - 2025-09-11T07:16:13.344Z - [WATCHER]: docs/stories/1.2.基础用户与权限管理.story.md was modified
[NX v21.5.1 Daemon Server] - 2025-09-11T07:16:13.346Z - [WATCHER]: Processing file changes in outputs
[NX v21.5.1 Daemon Server] - 2025-09-11T07:16:13.547Z - [REQUEST]: Updated workspace context based on watched changes, recomputing project graph...
[NX v21.5.1 Daemon Server] - 2025-09-11T07:16:13.547Z - [REQUEST]: docs/stories/1.2.基础用户与权限管理.story.md
[NX v21.5.1 Daemon Server] - 2025-09-11T07:16:13.547Z - [REQUEST]: 
Time for 'nx/js/dependencies-and-lockfile:createNodes' 0.07095799967646599
[NX v21.5.1 Daemon Server] - 2025-09-11T07:16:13.550Z - Time taken for 'hash changed files from watcher' 0.6610420001670718ms
Time for 'nx/core/project-json:createNodes' 0.08737500011920929
Time for 'nx/core/package-json:createNodes' 0.3463750006631017
[NX v21.5.1 Daemon Server] - 2025-09-11T07:16:13.556Z - Time taken for 'build-project-configs' 1.4352080002427101ms
Time for 'build typescript dependencies' 0.014875000342726707
[NX v21.5.1 Daemon Server] - 2025-09-11T07:16:13.560Z - Wrote project graph cache to /Users/curiosity/tools/wcw/.nx/workspace-data/project-graph.json
[NX v21.5.1 Daemon Server] - 2025-09-11T07:16:13.560Z - [SYNC]: collect registered sync generators
[NX v21.5.1 Daemon Server] - 2025-09-11T07:16:13.560Z - [SYNC]: project graph hash is the same, not collecting task sync generators
[NX v21.5.1 Daemon Server] - 2025-09-11T07:16:13.560Z - [SYNC]: nx.json hash is the same, not collecting global sync generators
[NX v21.5.1 Daemon Server] - 2025-09-11T07:16:13.560Z - Time taken for 'total execution time for createProjectGraph()' 4.173333000391722ms
[NX v21.5.1 Daemon Server] - 2025-09-11T07:17:17.813Z - [WATCHER]: apps/frontend-pc/src/router/index.js was modified
[NX v21.5.1 Daemon Server] - 2025-09-11T07:17:17.814Z - [WATCHER]: Processing file changes in outputs
[NX v21.5.1 Daemon Server] - 2025-09-11T07:17:18.216Z - [REQUEST]: Updated workspace context based on watched changes, recomputing project graph...
[NX v21.5.1 Daemon Server] - 2025-09-11T07:17:18.217Z - [REQUEST]: apps/frontend-pc/src/router/index.js
[NX v21.5.1 Daemon Server] - 2025-09-11T07:17:18.217Z - [REQUEST]: 
[NX v21.5.1 Daemon Server] - 2025-09-11T07:17:18.220Z - Time taken for 'hash changed files from watcher' 0.8849170003086329ms
Time for 'nx/js/dependencies-and-lockfile:createNodes' 0.6608330002054572
Time for 'nx/core/project-json:createNodes' 0.909167000092566
Time for 'nx/core/package-json:createNodes' 3.0238749999552965
[NX v21.5.1 Daemon Server] - 2025-09-11T07:17:18.229Z - Time taken for 'build-project-configs' 5.63633400015533ms
Time for 'build typescript dependencies' 0.03054200019687414
[NX v21.5.1 Daemon Server] - 2025-09-11T07:17:18.234Z - Wrote project graph cache to /Users/curiosity/tools/wcw/.nx/workspace-data/project-graph.json
[NX v21.5.1 Daemon Server] - 2025-09-11T07:17:18.234Z - [SYNC]: collect registered sync generators
[NX v21.5.1 Daemon Server] - 2025-09-11T07:17:18.234Z - [SYNC]: project graph hash is the same, not collecting task sync generators
[NX v21.5.1 Daemon Server] - 2025-09-11T07:17:18.234Z - [SYNC]: nx.json hash is the same, not collecting global sync generators
[NX v21.5.1 Daemon Server] - 2025-09-11T07:17:18.234Z - Time taken for 'total execution time for createProjectGraph()' 4.050084000453353ms
[NX v21.5.1 Daemon Server] - 2025-09-11T07:17:27.179Z - [WATCHER]: apps/frontend-pc/src/views/AdminView.vue was modified
[NX v21.5.1 Daemon Server] - 2025-09-11T07:17:27.179Z - [WATCHER]: Processing file changes in outputs
[NX v21.5.1 Daemon Server] - 2025-09-11T07:17:27.981Z - [REQUEST]: Updated workspace context based on watched changes, recomputing project graph...
[NX v21.5.1 Daemon Server] - 2025-09-11T07:17:27.981Z - [REQUEST]: apps/frontend-pc/src/views/AdminView.vue
[NX v21.5.1 Daemon Server] - 2025-09-11T07:17:27.981Z - [REQUEST]: 
[NX v21.5.1 Daemon Server] - 2025-09-11T07:17:27.983Z - Time taken for 'hash changed files from watcher' 0.6787919998168945ms
Time for 'nx/js/dependencies-and-lockfile:createNodes' 0.049540999345481396
Time for 'nx/core/project-json:createNodes' 0.05362499970942736
Time for 'nx/core/package-json:createNodes' 0.3212090004235506
[NX v21.5.1 Daemon Server] - 2025-09-11T07:17:27.987Z - Time taken for 'build-project-configs' 1.0292920004576445ms
Time for 'build typescript dependencies' 0.021124999970197678
[NX v21.5.1 Daemon Server] - 2025-09-11T07:17:27.992Z - Wrote project graph cache to /Users/curiosity/tools/wcw/.nx/workspace-data/project-graph.json
[NX v21.5.1 Daemon Server] - 2025-09-11T07:17:27.992Z - [SYNC]: collect registered sync generators
[NX v21.5.1 Daemon Server] - 2025-09-11T07:17:27.992Z - [SYNC]: project graph hash is the same, not collecting task sync generators
[NX v21.5.1 Daemon Server] - 2025-09-11T07:17:27.992Z - [SYNC]: nx.json hash is the same, not collecting global sync generators
[NX v21.5.1 Daemon Server] - 2025-09-11T07:17:27.993Z - Time taken for 'total execution time for createProjectGraph()' 3.6507500000298023ms
[NX v21.5.1 Daemon Server] - 2025-09-11T07:17:48.984Z - [WATCHER]: apps/frontend-pc/src/views/AdminUsersView.vue was created or restored
[NX v21.5.1 Daemon Server] - 2025-09-11T07:17:48.985Z - [WATCHER]: Processing file changes in outputs
[NX v21.5.1 Daemon Server] - 2025-09-11T07:17:49.086Z - [REQUEST]: Updated workspace context based on watched changes, recomputing project graph...
[NX v21.5.1 Daemon Server] - 2025-09-11T07:17:49.086Z - [REQUEST]: apps/frontend-pc/src/views/AdminUsersView.vue
[NX v21.5.1 Daemon Server] - 2025-09-11T07:17:49.086Z - [REQUEST]: 
Time for 'nx/js/dependencies-and-lockfile:createNodes' 0.0685419999063015
[NX v21.5.1 Daemon Server] - 2025-09-11T07:17:49.090Z - Time taken for 'hash changed files from watcher' 0.47479100059717894ms
Time for 'nx/core/project-json:createNodes' 0.08133400045335293
Time for 'nx/core/package-json:createNodes' 0.3187919994816184
[NX v21.5.1 Daemon Server] - 2025-09-11T07:17:49.094Z - Time taken for 'build-project-configs' 1.1186669999733567ms
Time for 'build typescript dependencies' 0.02420799992978573
[NX v21.5.1 Daemon Server] - 2025-09-11T07:17:49.099Z - Wrote project graph cache to /Users/curiosity/tools/wcw/.nx/workspace-data/project-graph.json
[NX v21.5.1 Daemon Server] - 2025-09-11T07:17:49.099Z - [SYNC]: collect registered sync generators
[NX v21.5.1 Daemon Server] - 2025-09-11T07:17:49.101Z - [SYNC]: project graph hash is the same, not collecting task sync generators
[NX v21.5.1 Daemon Server] - 2025-09-11T07:17:49.101Z - [SYNC]: nx.json hash is the same, not collecting global sync generators
[NX v21.5.1 Daemon Server] - 2025-09-11T07:17:49.102Z - Time taken for 'total execution time for createProjectGraph()' 3.7983330003917217ms
[NX v21.5.1 Daemon Server] - 2025-09-11T07:18:06.937Z - [WATCHER]: Processing file changes in outputs
[NX v21.5.1 Daemon Server] - 2025-09-11T07:18:06.938Z - [WATCHER]: apps/frontend-pc/src/views/AdminRolesView.vue was created or restored
[NX v21.5.1 Daemon Server] - 2025-09-11T07:18:07.042Z - [REQUEST]: Updated workspace context based on watched changes, recomputing project graph...
[NX v21.5.1 Daemon Server] - 2025-09-11T07:18:07.043Z - [REQUEST]: apps/frontend-pc/src/views/AdminRolesView.vue
[NX v21.5.1 Daemon Server] - 2025-09-11T07:18:07.043Z - [REQUEST]: 
Time for 'nx/js/dependencies-and-lockfile:createNodes' 0.1291669998317957
[NX v21.5.1 Daemon Server] - 2025-09-11T07:18:07.045Z - Time taken for 'hash changed files from watcher' 0.9435839997604489ms
Time for 'nx/core/package-json:createNodes' 0.2724999999627471
Time for 'nx/core/project-json:createNodes' 0.06141600012779236
[NX v21.5.1 Daemon Server] - 2025-09-11T07:18:07.049Z - Time taken for 'build-project-configs' 1.3527499996125698ms
Time for 'build typescript dependencies' 0.02433399949222803
[NX v21.5.1 Daemon Server] - 2025-09-11T07:18:07.057Z - Wrote project graph cache to /Users/curiosity/tools/wcw/.nx/workspace-data/project-graph.json
[NX v21.5.1 Daemon Server] - 2025-09-11T07:18:07.058Z - [SYNC]: collect registered sync generators
[NX v21.5.1 Daemon Server] - 2025-09-11T07:18:07.058Z - [SYNC]: project graph hash is the same, not collecting task sync generators
[NX v21.5.1 Daemon Server] - 2025-09-11T07:18:07.058Z - [SYNC]: nx.json hash is the same, not collecting global sync generators
[NX v21.5.1 Daemon Server] - 2025-09-11T07:18:07.058Z - Time taken for 'total execution time for createProjectGraph()' 3.8757499996572733ms
[NX v21.5.1 Daemon Server] - 2025-09-11T07:18:42.530Z - [WATCHER]: docs/stories/1.2.基础用户与权限管理.story.md was modified
[NX v21.5.1 Daemon Server] - 2025-09-11T07:18:42.531Z - [WATCHER]: Processing file changes in outputs
[NX v21.5.1 Daemon Server] - 2025-09-11T07:18:42.733Z - [REQUEST]: Updated workspace context based on watched changes, recomputing project graph...
[NX v21.5.1 Daemon Server] - 2025-09-11T07:18:42.733Z - [REQUEST]: docs/stories/1.2.基础用户与权限管理.story.md
[NX v21.5.1 Daemon Server] - 2025-09-11T07:18:42.733Z - [REQUEST]: 
[NX v21.5.1 Daemon Server] - 2025-09-11T07:18:42.737Z - Time taken for 'hash changed files from watcher' 0.8457909999415278ms
Time for 'nx/js/dependencies-and-lockfile:createNodes' 0.15758300013840199
Time for 'nx/core/project-json:createNodes' 0.17920800019055605
Time for 'nx/core/package-json:createNodes' 0.5319579998031259
[NX v21.5.1 Daemon Server] - 2025-09-11T07:18:42.742Z - Time taken for 'build-project-configs' 1.9521249998360872ms
Time for 'build typescript dependencies' 0.016082999296486378
[NX v21.5.1 Daemon Server] - 2025-09-11T07:18:42.745Z - Wrote project graph cache to /Users/curiosity/tools/wcw/.nx/workspace-data/project-graph.json
[NX v21.5.1 Daemon Server] - 2025-09-11T07:18:42.746Z - [SYNC]: collect registered sync generators
[NX v21.5.1 Daemon Server] - 2025-09-11T07:18:42.746Z - [SYNC]: project graph hash is the same, not collecting task sync generators
[NX v21.5.1 Daemon Server] - 2025-09-11T07:18:42.746Z - [SYNC]: nx.json hash is the same, not collecting global sync generators
[NX v21.5.1 Daemon Server] - 2025-09-11T07:18:42.748Z - Time taken for 'total execution time for createProjectGraph()' 4.183582999743521ms
[NX v21.5.1 Daemon Server] - 2025-09-11T07:27:38.402Z - [WATCHER]: Processing file changes in outputs
[NX v21.5.1 Daemon Server] - 2025-09-11T07:27:38.405Z - [WATCHER]: apps/frontend-pc/package.json was modified
[NX v21.5.1 Daemon Server] - 2025-09-11T07:27:38.807Z - [REQUEST]: Updated workspace context based on watched changes, recomputing project graph...
[NX v21.5.1 Daemon Server] - 2025-09-11T07:27:38.807Z - [REQUEST]: apps/frontend-pc/package.json
[NX v21.5.1 Daemon Server] - 2025-09-11T07:27:38.808Z - [REQUEST]: 
[NX v21.5.1 Daemon Server] - 2025-09-11T07:27:38.811Z - Time taken for 'hash changed files from watcher' 0.5807079998776317ms
Time for 'nx/js/dependencies-and-lockfile:createNodes' 0.6797080002725124
Time for 'nx/core/project-json:createNodes' 2.394124999642372
Time for 'nx/core/package-json:createNodes' 4.907457999885082
[NX v21.5.1 Daemon Server] - 2025-09-11T07:27:38.820Z - Time taken for 'build-project-configs' 7.382790999487042ms
Time for 'build typescript dependencies' 0.027499999850988388
[NX v21.5.1 Daemon Server] - 2025-09-11T07:27:38.824Z - Wrote project graph cache to /Users/curiosity/tools/wcw/.nx/workspace-data/project-graph.json
[NX v21.5.1 Daemon Server] - 2025-09-11T07:27:38.825Z - [SYNC]: collect registered sync generators
[NX v21.5.1 Daemon Server] - 2025-09-11T07:27:38.825Z - [SYNC]: project graph hash is the same, not collecting task sync generators
[NX v21.5.1 Daemon Server] - 2025-09-11T07:27:38.825Z - [SYNC]: nx.json hash is the same, not collecting global sync generators
[NX v21.5.1 Daemon Server] - 2025-09-11T07:27:38.825Z - Time taken for 'total execution time for createProjectGraph()' 3.30591700039804ms
[NX v21.5.1 Daemon Server] - 2025-09-11T07:27:44.191Z - [WATCHER]: apps/frontend-pc/vitest.config.js was created or restored
[NX v21.5.1 Daemon Server] - 2025-09-11T07:27:44.193Z - [WATCHER]: Processing file changes in outputs
[NX v21.5.1 Daemon Server] - 2025-09-11T07:27:44.295Z - [REQUEST]: Updated workspace context based on watched changes, recomputing project graph...
[NX v21.5.1 Daemon Server] - 2025-09-11T07:27:44.295Z - [REQUEST]: apps/frontend-pc/vitest.config.js
[NX v21.5.1 Daemon Server] - 2025-09-11T07:27:44.295Z - [REQUEST]: 
[NX v21.5.1 Daemon Server] - 2025-09-11T07:27:44.301Z - Time taken for 'hash changed files from watcher' 0.5798339992761612ms
Time for 'nx/js/dependencies-and-lockfile:createNodes' 0.0677499994635582
Time for 'nx/core/package-json:createNodes' 0.22350000031292439
Time for 'nx/core/project-json:createNodes' 0.2876670006662607
[NX v21.5.1 Daemon Server] - 2025-09-11T07:27:44.307Z - Time taken for 'build-project-configs' 2.279334000311792ms
Time for 'build typescript dependencies' 0.02666699979454279
[NX v21.5.1 Daemon Server] - 2025-09-11T07:27:44.312Z - Wrote project graph cache to /Users/curiosity/tools/wcw/.nx/workspace-data/project-graph.json
[NX v21.5.1 Daemon Server] - 2025-09-11T07:27:44.312Z - [SYNC]: collect registered sync generators
[NX v21.5.1 Daemon Server] - 2025-09-11T07:27:44.313Z - [SYNC]: project graph hash is the same, not collecting task sync generators
[NX v21.5.1 Daemon Server] - 2025-09-11T07:27:44.313Z - [SYNC]: nx.json hash is the same, not collecting global sync generators
[NX v21.5.1 Daemon Server] - 2025-09-11T07:27:44.313Z - Time taken for 'total execution time for createProjectGraph()' 5.145624999888241ms
[NX v21.5.1 Daemon Server] - 2025-09-11T07:27:49.577Z - [WATCHER]: apps/frontend-pc/vitest.setup.js was created or restored
[NX v21.5.1 Daemon Server] - 2025-09-11T07:27:49.577Z - [WATCHER]: Processing file changes in outputs
[NX v21.5.1 Daemon Server] - 2025-09-11T07:27:49.678Z - [REQUEST]: Updated workspace context based on watched changes, recomputing project graph...
[NX v21.5.1 Daemon Server] - 2025-09-11T07:27:49.679Z - [REQUEST]: apps/frontend-pc/vitest.setup.js
[NX v21.5.1 Daemon Server] - 2025-09-11T07:27:49.679Z - [REQUEST]: 
[NX v21.5.1 Daemon Server] - 2025-09-11T07:27:49.681Z - Time taken for 'hash changed files from watcher' 0.574749999679625ms
Time for 'nx/js/dependencies-and-lockfile:createNodes' 0.12529200036078691
Time for 'nx/core/project-json:createNodes' 0.11170800030231476
Time for 'nx/core/package-json:createNodes' 0.5207919999957085
[NX v21.5.1 Daemon Server] - 2025-09-11T07:27:49.686Z - Time taken for 'build-project-configs' 2.627874999307096ms
Time for 'build typescript dependencies' 0.021916999481618404
[NX v21.5.1 Daemon Server] - 2025-09-11T07:27:49.690Z - Wrote project graph cache to /Users/curiosity/tools/wcw/.nx/workspace-data/project-graph.json
[NX v21.5.1 Daemon Server] - 2025-09-11T07:27:49.690Z - [SYNC]: collect registered sync generators
[NX v21.5.1 Daemon Server] - 2025-09-11T07:27:49.690Z - [SYNC]: project graph hash is the same, not collecting task sync generators
[NX v21.5.1 Daemon Server] - 2025-09-11T07:27:49.691Z - [SYNC]: nx.json hash is the same, not collecting global sync generators
[NX v21.5.1 Daemon Server] - 2025-09-11T07:27:49.691Z - Time taken for 'total execution time for createProjectGraph()' 4.16399999987334ms
[NX v21.5.1 Daemon Server] - 2025-09-11T07:27:59.782Z - [WATCHER]: apps/frontend-pc/src/__tests__/auth.spec.js was created or restored
[NX v21.5.1 Daemon Server] - 2025-09-11T07:27:59.782Z - [WATCHER]: Processing file changes in outputs
[NX v21.5.1 Daemon Server] - 2025-09-11T07:27:59.883Z - [REQUEST]: Updated workspace context based on watched changes, recomputing project graph...
[NX v21.5.1 Daemon Server] - 2025-09-11T07:27:59.884Z - [REQUEST]: apps/frontend-pc/src/__tests__/auth.spec.js
[NX v21.5.1 Daemon Server] - 2025-09-11T07:27:59.884Z - [REQUEST]: 
Time for 'nx/js/dependencies-and-lockfile:createNodes' 0.061166999861598015
[NX v21.5.1 Daemon Server] - 2025-09-11T07:27:59.885Z - Time taken for 'hash changed files from watcher' 0.453834000043571ms
Time for 'nx/core/project-json:createNodes' 0.06749999988824129
Time for 'nx/core/package-json:createNodes' 0.28733300045132637
[NX v21.5.1 Daemon Server] - 2025-09-11T07:27:59.889Z - Time taken for 'build-project-configs' 1.1050419993698597ms
Time for 'build typescript dependencies' 0.022499999962747097
[NX v21.5.1 Daemon Server] - 2025-09-11T07:27:59.893Z - Wrote project graph cache to /Users/curiosity/tools/wcw/.nx/workspace-data/project-graph.json
[NX v21.5.1 Daemon Server] - 2025-09-11T07:27:59.893Z - [SYNC]: collect registered sync generators
[NX v21.5.1 Daemon Server] - 2025-09-11T07:27:59.894Z - [SYNC]: project graph hash is the same, not collecting task sync generators
[NX v21.5.1 Daemon Server] - 2025-09-11T07:27:59.894Z - [SYNC]: nx.json hash is the same, not collecting global sync generators
[NX v21.5.1 Daemon Server] - 2025-09-11T07:27:59.894Z - Time taken for 'total execution time for createProjectGraph()' 2.9177500000223517ms
[NX v21.5.1 Daemon Server] - 2025-09-11T07:28:08.924Z - [WATCHER]: apps/frontend-pc/src/__tests__/LoginView.spec.js was created or restored
[NX v21.5.1 Daemon Server] - 2025-09-11T07:28:08.925Z - [WATCHER]: Processing file changes in outputs
[NX v21.5.1 Daemon Server] - 2025-09-11T07:28:09.026Z - [REQUEST]: Updated workspace context based on watched changes, recomputing project graph...
[NX v21.5.1 Daemon Server] - 2025-09-11T07:28:09.026Z - [REQUEST]: apps/frontend-pc/src/__tests__/LoginView.spec.js
[NX v21.5.1 Daemon Server] - 2025-09-11T07:28:09.026Z - [REQUEST]: 
Time for 'nx/js/dependencies-and-lockfile:createNodes' 0.06579199992120266
[NX v21.5.1 Daemon Server] - 2025-09-11T07:28:09.028Z - Time taken for 'hash changed files from watcher' 0.37162499967962503ms
Time for 'nx/core/project-json:createNodes' 0.05462499987334013
Time for 'nx/core/package-json:createNodes' 0.23345800023525953
[NX v21.5.1 Daemon Server] - 2025-09-11T07:28:09.032Z - Time taken for 'build-project-configs' 1.3225409993901849ms
Time for 'build typescript dependencies' 0.03145899996161461
[NX v21.5.1 Daemon Server] - 2025-09-11T07:28:09.035Z - Wrote project graph cache to /Users/curiosity/tools/wcw/.nx/workspace-data/project-graph.json
[NX v21.5.1 Daemon Server] - 2025-09-11T07:28:09.036Z - [SYNC]: collect registered sync generators
[NX v21.5.1 Daemon Server] - 2025-09-11T07:28:09.036Z - [SYNC]: project graph hash is the same, not collecting task sync generators
[NX v21.5.1 Daemon Server] - 2025-09-11T07:28:09.036Z - [SYNC]: nx.json hash is the same, not collecting global sync generators
[NX v21.5.1 Daemon Server] - 2025-09-11T07:28:09.036Z - Time taken for 'total execution time for createProjectGraph()' 2.751875000074506ms
[NX v21.5.1 Daemon Server] - 2025-09-11T07:30:57.807Z - [WATCHER]: apps/frontend-pc/package-lock.json was modified
[NX v21.5.1 Daemon Server] - 2025-09-11T07:30:57.808Z - [WATCHER]: Processing file changes in outputs
[NX v21.5.1 Daemon Server] - 2025-09-11T07:30:58.010Z - [REQUEST]: Updated workspace context based on watched changes, recomputing project graph...
[NX v21.5.1 Daemon Server] - 2025-09-11T07:30:58.010Z - [REQUEST]: apps/frontend-pc/package-lock.json
[NX v21.5.1 Daemon Server] - 2025-09-11T07:30:58.010Z - [REQUEST]: 
[NX v21.5.1 Daemon Server] - 2025-09-11T07:30:58.011Z - Time taken for 'hash changed files from watcher' 0.5760000003501773ms
Time for 'nx/js/dependencies-and-lockfile:createNodes' 0.28595800045877695
Time for 'nx/core/project-json:createNodes' 0.1694999998435378
Time for 'nx/core/package-json:createNodes' 0.6668330002576113
[NX v21.5.1 Daemon Server] - 2025-09-11T07:30:58.014Z - Time taken for 'build-project-configs' 2.2431669998914003ms
Time for 'build typescript dependencies' 0.01425000000745058
[NX v21.5.1 Daemon Server] - 2025-09-11T07:30:58.016Z - Wrote project graph cache to /Users/curiosity/tools/wcw/.nx/workspace-data/project-graph.json
[NX v21.5.1 Daemon Server] - 2025-09-11T07:30:58.016Z - [SYNC]: collect registered sync generators
[NX v21.5.1 Daemon Server] - 2025-09-11T07:30:58.016Z - [SYNC]: project graph hash is the same, not collecting task sync generators
[NX v21.5.1 Daemon Server] - 2025-09-11T07:30:58.016Z - [SYNC]: nx.json hash is the same, not collecting global sync generators
[NX v21.5.1 Daemon Server] - 2025-09-11T07:30:58.016Z - Time taken for 'total execution time for createProjectGraph()' 1.6117500001564622ms
[NX v21.5.1 Daemon Server] - 2025-09-11T07:31:38.439Z - [WATCHER]: apps/frontend-pc/package-lock.json was modified
[NX v21.5.1 Daemon Server] - 2025-09-11T07:31:38.439Z - [WATCHER]: Processing file changes in outputs
[NX v21.5.1 Daemon Server] - 2025-09-11T07:31:38.843Z - [REQUEST]: Updated workspace context based on watched changes, recomputing project graph...
[NX v21.5.1 Daemon Server] - 2025-09-11T07:31:38.843Z - [REQUEST]: apps/frontend-pc/package-lock.json
[NX v21.5.1 Daemon Server] - 2025-09-11T07:31:38.843Z - [REQUEST]: 
[NX v21.5.1 Daemon Server] - 2025-09-11T07:31:38.860Z - Time taken for 'hash changed files from watcher' 1.2746250005438924ms
Time for 'nx/js/dependencies-and-lockfile:createNodes' 0.282583000138402
Time for 'nx/core/project-json:createNodes' 0.42758299969136715
Time for 'nx/core/package-json:createNodes' 0.9583330005407333
[NX v21.5.1 Daemon Server] - 2025-09-11T07:31:38.865Z - Time taken for 'build-project-configs' 3.970625000074506ms
Time for 'build typescript dependencies' 0.03483300004154444
[NX v21.5.1 Daemon Server] - 2025-09-11T07:31:38.868Z - Wrote project graph cache to /Users/curiosity/tools/wcw/.nx/workspace-data/project-graph.json
[NX v21.5.1 Daemon Server] - 2025-09-11T07:31:38.868Z - [SYNC]: collect registered sync generators
[NX v21.5.1 Daemon Server] - 2025-09-11T07:31:38.868Z - [SYNC]: project graph hash is the same, not collecting task sync generators
[NX v21.5.1 Daemon Server] - 2025-09-11T07:31:38.868Z - [SYNC]: nx.json hash is the same, not collecting global sync generators
[NX v21.5.1 Daemon Server] - 2025-09-11T07:31:38.869Z - Time taken for 'total execution time for createProjectGraph()' 2.57708299998194ms
[NX v21.5.1 Daemon Server] - 2025-09-11T07:35:55.121Z - [WATCHER]: apps/frontend-pc/src/__tests__/router.guard.spec.js was created or restored
[NX v21.5.1 Daemon Server] - 2025-09-11T07:35:55.138Z - [WATCHER]: Processing file changes in outputs
[NX v21.5.1 Daemon Server] - 2025-09-11T07:35:55.225Z - [REQUEST]: Updated workspace context based on watched changes, recomputing project graph...
[NX v21.5.1 Daemon Server] - 2025-09-11T07:35:55.225Z - [REQUEST]: apps/frontend-pc/src/__tests__/router.guard.spec.js
[NX v21.5.1 Daemon Server] - 2025-09-11T07:35:55.225Z - [REQUEST]: 
[NX v21.5.1 Daemon Server] - 2025-09-11T07:35:55.305Z - Time taken for 'hash changed files from watcher' 0.610708000138402ms
Time for 'nx/js/dependencies-and-lockfile:createNodes' 0.7208749996498227
Time for 'nx/core/project-json:createNodes' 1.156666999682784
Time for 'nx/core/package-json:createNodes' 2.6527920002117753
[NX v21.5.1 Daemon Server] - 2025-09-11T07:35:55.314Z - Time taken for 'build-project-configs' 6.535833000205457ms
Time for 'build typescript dependencies' 0.03179199993610382
[NX v21.5.1 Daemon Server] - 2025-09-11T07:35:55.318Z - Wrote project graph cache to /Users/curiosity/tools/wcw/.nx/workspace-data/project-graph.json
[NX v21.5.1 Daemon Server] - 2025-09-11T07:35:55.318Z - [SYNC]: collect registered sync generators
[NX v21.5.1 Daemon Server] - 2025-09-11T07:35:55.319Z - [SYNC]: project graph hash is the same, not collecting task sync generators
[NX v21.5.1 Daemon Server] - 2025-09-11T07:35:55.319Z - [SYNC]: nx.json hash is the same, not collecting global sync generators
[NX v21.5.1 Daemon Server] - 2025-09-11T07:35:55.319Z - Time taken for 'total execution time for createProjectGraph()' 3.9484160002321005ms
[NX v21.5.1 Daemon Server] - 2025-09-11T07:36:00.833Z - [WATCHER]: apps/frontend-pc/src/__tests__/AdminView.spec.js was created or restored
[NX v21.5.1 Daemon Server] - 2025-09-11T07:36:00.833Z - [WATCHER]: Processing file changes in outputs
[NX v21.5.1 Daemon Server] - 2025-09-11T07:36:00.937Z - [REQUEST]: Updated workspace context based on watched changes, recomputing project graph...
[NX v21.5.1 Daemon Server] - 2025-09-11T07:36:00.937Z - [REQUEST]: apps/frontend-pc/src/__tests__/AdminView.spec.js
[NX v21.5.1 Daemon Server] - 2025-09-11T07:36:00.937Z - [REQUEST]: 
Time for 'nx/js/dependencies-and-lockfile:createNodes' 0.07020900025963783
[NX v21.5.1 Daemon Server] - 2025-09-11T07:36:00.939Z - Time taken for 'hash changed files from watcher' 2.427875000052154ms
Time for 'nx/core/project-json:createNodes' 0.050832999870181084
Time for 'nx/core/package-json:createNodes' 0.31258299946784973
[NX v21.5.1 Daemon Server] - 2025-09-11T07:36:00.942Z - Time taken for 'build-project-configs' 1.3653330001980066ms
Time for 'build typescript dependencies' 0.015083999373018742
[NX v21.5.1 Daemon Server] - 2025-09-11T07:36:00.944Z - Wrote project graph cache to /Users/curiosity/tools/wcw/.nx/workspace-data/project-graph.json
[NX v21.5.1 Daemon Server] - 2025-09-11T07:36:00.944Z - [SYNC]: collect registered sync generators
[NX v21.5.1 Daemon Server] - 2025-09-11T07:36:00.944Z - [SYNC]: project graph hash is the same, not collecting task sync generators
[NX v21.5.1 Daemon Server] - 2025-09-11T07:36:00.944Z - [SYNC]: nx.json hash is the same, not collecting global sync generators
[NX v21.5.1 Daemon Server] - 2025-09-11T07:36:00.944Z - Time taken for 'total execution time for createProjectGraph()' 2.001875000074506ms
[NX v21.5.1 Daemon Server] - 2025-09-11T07:36:43.206Z - [WATCHER]: docs/stories/1.2.基础用户与权限管理.story.md was modified
[NX v21.5.1 Daemon Server] - 2025-09-11T07:36:43.207Z - [WATCHER]: Processing file changes in outputs
[NX v21.5.1 Daemon Server] - 2025-09-11T07:36:43.410Z - [REQUEST]: Updated workspace context based on watched changes, recomputing project graph...
[NX v21.5.1 Daemon Server] - 2025-09-11T07:36:43.410Z - [REQUEST]: docs/stories/1.2.基础用户与权限管理.story.md
[NX v21.5.1 Daemon Server] - 2025-09-11T07:36:43.410Z - [REQUEST]: 
[NX v21.5.1 Daemon Server] - 2025-09-11T07:36:43.414Z - Time taken for 'hash changed files from watcher' 1.2229159995913506ms
Time for 'nx/js/dependencies-and-lockfile:createNodes' 0.7362919999286532
Time for 'nx/core/project-json:createNodes' 0.5594589998945594
Time for 'nx/core/package-json:createNodes' 1.6995000001043081
[NX v21.5.1 Daemon Server] - 2025-09-11T07:36:43.422Z - Time taken for 'build-project-configs' 5.140833999961615ms
Time for 'build typescript dependencies' 0.020999999716877937
[NX v21.5.1 Daemon Server] - 2025-09-11T07:36:43.431Z - Wrote project graph cache to /Users/curiosity/tools/wcw/.nx/workspace-data/project-graph.json
[NX v21.5.1 Daemon Server] - 2025-09-11T07:36:43.431Z - [SYNC]: collect registered sync generators
[NX v21.5.1 Daemon Server] - 2025-09-11T07:36:43.431Z - [SYNC]: project graph hash is the same, not collecting task sync generators
[NX v21.5.1 Daemon Server] - 2025-09-11T07:36:43.432Z - [SYNC]: nx.json hash is the same, not collecting global sync generators
[NX v21.5.1 Daemon Server] - 2025-09-11T07:36:43.432Z - Time taken for 'total execution time for createProjectGraph()' 8.518583999946713ms
[NX v21.5.1 Daemon Server] - 2025-09-11T07:36:48.526Z - [WATCHER]: docs/stories/1.2.基础用户与权限管理.story.md was modified
[NX v21.5.1 Daemon Server] - 2025-09-11T07:36:48.527Z - [WATCHER]: Processing file changes in outputs
[NX v21.5.1 Daemon Server] - 2025-09-11T07:36:48.929Z - [REQUEST]: Updated workspace context based on watched changes, recomputing project graph...
[NX v21.5.1 Daemon Server] - 2025-09-11T07:36:48.929Z - [REQUEST]: docs/stories/1.2.基础用户与权限管理.story.md
[NX v21.5.1 Daemon Server] - 2025-09-11T07:36:48.929Z - [REQUEST]: 
Time for 'nx/js/dependencies-and-lockfile:createNodes' 0.0911250002682209
[NX v21.5.1 Daemon Server] - 2025-09-11T07:36:48.932Z - Time taken for 'hash changed files from watcher' 0.433249999769032ms
Time for 'nx/core/project-json:createNodes' 0.09166700020432472
Time for 'nx/core/package-json:createNodes' 0.32670800015330315
[NX v21.5.1 Daemon Server] - 2025-09-11T07:36:48.935Z - Time taken for 'build-project-configs' 1.5260419994592667ms
Time for 'build typescript dependencies' 0.012041999958455563
[NX v21.5.1 Daemon Server] - 2025-09-11T07:36:48.939Z - Wrote project graph cache to /Users/curiosity/tools/wcw/.nx/workspace-data/project-graph.json
[NX v21.5.1 Daemon Server] - 2025-09-11T07:36:48.939Z - [SYNC]: collect registered sync generators
[NX v21.5.1 Daemon Server] - 2025-09-11T07:36:48.939Z - [SYNC]: project graph hash is the same, not collecting task sync generators
[NX v21.5.1 Daemon Server] - 2025-09-11T07:36:48.939Z - [SYNC]: nx.json hash is the same, not collecting global sync generators
[NX v21.5.1 Daemon Server] - 2025-09-11T07:36:48.939Z - Time taken for 'total execution time for createProjectGraph()' 1.954165999777615ms
[NX v21.5.1 Daemon Server] - 2025-09-11T07:41:12.167Z - [WATCHER]: 0 file(s) created or restored, 2 file(s) modified, 0 file(s) deleted
[NX v21.5.1 Daemon Server] - 2025-09-11T07:41:12.168Z - [WATCHER]: Processing file changes in outputs
[NX v21.5.1 Daemon Server] - 2025-09-11T07:41:12.970Z - [REQUEST]: Updated workspace context based on watched changes, recomputing project graph...
[NX v21.5.1 Daemon Server] - 2025-09-11T07:41:12.970Z - [REQUEST]: apps/backend/target/maven-status/maven-compiler-plugin/compile/default-compile/inputFiles.lst,apps/backend/target/maven-status/maven-compiler-plugin/testCompile/default-testCompile/inputFiles.lst
[NX v21.5.1 Daemon Server] - 2025-09-11T07:41:12.970Z - [REQUEST]: 
[NX v21.5.1 Daemon Server] - 2025-09-11T07:41:12.974Z - Time taken for 'hash changed files from watcher' 0.8538330001756549ms
Time for 'nx/js/dependencies-and-lockfile:createNodes' 0.2598329996690154
Time for 'nx/core/project-json:createNodes' 0.16933299973607063
Time for 'nx/core/package-json:createNodes' 0.634375000372529
[NX v21.5.1 Daemon Server] - 2025-09-11T07:41:12.979Z - Time taken for 'build-project-configs' 4.776332999579608ms
Time for 'build typescript dependencies' 0.03229099977761507
[NX v21.5.1 Daemon Server] - 2025-09-11T07:41:12.982Z - Wrote project graph cache to /Users/curiosity/tools/wcw/.nx/workspace-data/project-graph.json
[NX v21.5.1 Daemon Server] - 2025-09-11T07:41:12.982Z - [SYNC]: collect registered sync generators
[NX v21.5.1 Daemon Server] - 2025-09-11T07:41:12.982Z - [SYNC]: project graph hash is the same, not collecting task sync generators
[NX v21.5.1 Daemon Server] - 2025-09-11T07:41:12.982Z - [SYNC]: nx.json hash is the same, not collecting global sync generators
[NX v21.5.1 Daemon Server] - 2025-09-11T07:41:12.982Z - Time taken for 'total execution time for createProjectGraph()' 4.284249999560416ms
[NX v21.5.1 Daemon Server] - 2025-09-11T07:48:39.758Z - [WATCHER]: Processing file changes in outputs
[NX v21.5.1 Daemon Server] - 2025-09-11T07:48:39.761Z - [WATCHER]: docs/stories/1.2.基础用户与权限管理.story.md was modified
[NX v21.5.1 Daemon Server] - 2025-09-11T07:48:41.364Z - [REQUEST]: Updated workspace context based on watched changes, recomputing project graph...
[NX v21.5.1 Daemon Server] - 2025-09-11T07:48:41.364Z - [REQUEST]: docs/stories/1.2.基础用户与权限管理.story.md
[NX v21.5.1 Daemon Server] - 2025-09-11T07:48:41.364Z - [REQUEST]: 
[NX v21.5.1 Daemon Server] - 2025-09-11T07:48:41.367Z - Time taken for 'hash changed files from watcher' 1.068665999919176ms
Time for 'nx/js/dependencies-and-lockfile:createNodes' 1.183458000421524
Time for 'nx/core/project-json:createNodes' 0.658500000834465
Time for 'nx/core/package-json:createNodes' 2.672416999936104
[NX v21.5.1 Daemon Server] - 2025-09-11T07:48:41.379Z - Time taken for 'build-project-configs' 7.931833000853658ms
Time for 'build typescript dependencies' 0.031125000678002834
[NX v21.5.1 Daemon Server] - 2025-09-11T07:48:41.385Z - Wrote project graph cache to /Users/curiosity/tools/wcw/.nx/workspace-data/project-graph.json
[NX v21.5.1 Daemon Server] - 2025-09-11T07:48:41.385Z - [SYNC]: collect registered sync generators
[NX v21.5.1 Daemon Server] - 2025-09-11T07:48:41.385Z - [SYNC]: project graph hash is the same, not collecting task sync generators
[NX v21.5.1 Daemon Server] - 2025-09-11T07:48:41.385Z - [SYNC]: nx.json hash is the same, not collecting global sync generators
[NX v21.5.1 Daemon Server] - 2025-09-11T07:48:41.385Z - Time taken for 'total execution time for createProjectGraph()' 7.08370800036937ms
[NX v21.5.1 Daemon Server] - 2025-09-11T07:51:48.196Z - [WATCHER]: Processing file changes in outputs
[NX v21.5.1 Daemon Server] - 2025-09-11T07:51:48.199Z - [WATCHER]: docs/stories/1.3.风险清单管理.story.md was created or restored
[NX v21.5.1 Daemon Server] - 2025-09-11T07:51:48.302Z - [REQUEST]: Updated workspace context based on watched changes, recomputing project graph...
[NX v21.5.1 Daemon Server] - 2025-09-11T07:51:48.303Z - [REQUEST]: docs/stories/1.3.风险清单管理.story.md
[NX v21.5.1 Daemon Server] - 2025-09-11T07:51:48.303Z - [REQUEST]: 
[NX v21.5.1 Daemon Server] - 2025-09-11T07:51:48.304Z - Time taken for 'hash changed files from watcher' 0.813790999352932ms
Time for 'nx/js/dependencies-and-lockfile:createNodes' 0.307583000510931
Time for 'nx/core/project-json:createNodes' 0.24483400024473667
Time for 'nx/core/package-json:createNodes' 0.9685000004246831
[NX v21.5.1 Daemon Server] - 2025-09-11T07:51:48.309Z - Time taken for 'build-project-configs' 3.2862919997423887ms
Time for 'build typescript dependencies' 0.12283399980515242
[NX v21.5.1 Daemon Server] - 2025-09-11T07:51:48.312Z - Wrote project graph cache to /Users/curiosity/tools/wcw/.nx/workspace-data/project-graph.json
[NX v21.5.1 Daemon Server] - 2025-09-11T07:51:48.312Z - [SYNC]: collect registered sync generators
[NX v21.5.1 Daemon Server] - 2025-09-11T07:51:48.312Z - [SYNC]: project graph hash is the same, not collecting task sync generators
[NX v21.5.1 Daemon Server] - 2025-09-11T07:51:48.312Z - [SYNC]: nx.json hash is the same, not collecting global sync generators
[NX v21.5.1 Daemon Server] - 2025-09-11T07:51:48.312Z - Time taken for 'total execution time for createProjectGraph()' 2.57479100022465ms
[NX v21.5.1 Daemon Server] - 2025-09-11T07:54:56.906Z - [WATCHER]: docs/stories/1.3.风险清单管理.story.md was modified
[NX v21.5.1 Daemon Server] - 2025-09-11T07:54:56.907Z - [WATCHER]: Processing file changes in outputs
[NX v21.5.1 Daemon Server] - 2025-09-11T07:54:57.110Z - [REQUEST]: Updated workspace context based on watched changes, recomputing project graph...
[NX v21.5.1 Daemon Server] - 2025-09-11T07:54:57.110Z - [REQUEST]: docs/stories/1.3.风险清单管理.story.md
[NX v21.5.1 Daemon Server] - 2025-09-11T07:54:57.110Z - [REQUEST]: 
[NX v21.5.1 Daemon Server] - 2025-09-11T07:54:57.113Z - Time taken for 'hash changed files from watcher' 0.7473329994827509ms
Time for 'nx/js/dependencies-and-lockfile:createNodes' 0.4707089997828007
Time for 'nx/core/project-json:createNodes' 0.5087500009685755
Time for 'nx/core/package-json:createNodes' 3.85487499833107
[NX v21.5.1 Daemon Server] - 2025-09-11T07:54:57.131Z - Time taken for 'build-project-configs' 6.82804200053215ms
Time for 'build typescript dependencies' 0.030083000659942627
[NX v21.5.1 Daemon Server] - 2025-09-11T07:54:57.135Z - Wrote project graph cache to /Users/curiosity/tools/wcw/.nx/workspace-data/project-graph.json
[NX v21.5.1 Daemon Server] - 2025-09-11T07:54:57.135Z - [SYNC]: collect registered sync generators
[NX v21.5.1 Daemon Server] - 2025-09-11T07:54:57.136Z - [SYNC]: project graph hash is the same, not collecting task sync generators
[NX v21.5.1 Daemon Server] - 2025-09-11T07:54:57.136Z - [SYNC]: nx.json hash is the same, not collecting global sync generators
[NX v21.5.1 Daemon Server] - 2025-09-11T07:54:57.136Z - Time taken for 'total execution time for createProjectGraph()' 4.406708000227809ms
[NX v21.5.1 Daemon Server] - 2025-09-11T08:00:04.468Z - [WATCHER]: docs/stories/1.3.风险清单管理.story.md was modified
[NX v21.5.1 Daemon Server] - 2025-09-11T08:00:04.470Z - [WATCHER]: Processing file changes in outputs
[NX v21.5.1 Daemon Server] - 2025-09-11T08:00:04.874Z - [REQUEST]: Updated workspace context based on watched changes, recomputing project graph...
[NX v21.5.1 Daemon Server] - 2025-09-11T08:00:04.874Z - [REQUEST]: docs/stories/1.3.风险清单管理.story.md
[NX v21.5.1 Daemon Server] - 2025-09-11T08:00:04.874Z - [REQUEST]: 
[NX v21.5.1 Daemon Server] - 2025-09-11T08:00:04.884Z - Time taken for 'hash changed files from watcher' 1.0411660000681877ms
Time for 'nx/js/dependencies-and-lockfile:createNodes' 3.134416999295354
Time for 'nx/core/project-json:createNodes' 0.3587499987334013
Time for 'nx/core/package-json:createNodes' 1.4256660006940365
[NX v21.5.1 Daemon Server] - 2025-09-11T08:00:04.893Z - Time taken for 'build-project-configs' 6.517542000859976ms
Time for 'build typescript dependencies' 0.040209000930190086
[NX v21.5.1 Daemon Server] - 2025-09-11T08:00:04.903Z - Wrote project graph cache to /Users/curiosity/tools/wcw/.nx/workspace-data/project-graph.json
[NX v21.5.1 Daemon Server] - 2025-09-11T08:00:04.903Z - [SYNC]: collect registered sync generators
[NX v21.5.1 Daemon Server] - 2025-09-11T08:00:04.903Z - [SYNC]: project graph hash is the same, not collecting task sync generators
[NX v21.5.1 Daemon Server] - 2025-09-11T08:00:04.903Z - [SYNC]: nx.json hash is the same, not collecting global sync generators
[NX v21.5.1 Daemon Server] - 2025-09-11T08:00:04.903Z - Time taken for 'total execution time for createProjectGraph()' 8.554917000234127ms
[NX v21.5.1 Daemon Server] - 2025-09-11T08:06:09.946Z - [WATCHER]: Processing file changes in outputs
[NX v21.5.1 Daemon Server] - 2025-09-11T08:06:09.951Z - [WATCHER]: apps/backend/src/main/resources/schema.sql was modified
[NX v21.5.1 Daemon Server] - 2025-09-11T08:06:10.507Z - [WATCHER]: Processing file changes in outputs
[NX v21.5.1 Daemon Server] - 2025-09-11T08:06:10.508Z - [WATCHER]: apps/backend/target/classes/schema.sql was created or restored
[NX v21.5.1 Daemon Server] - 2025-09-11T08:06:10.766Z - [REQUEST]: Updated workspace context based on watched changes, recomputing project graph...
[NX v21.5.1 Daemon Server] - 2025-09-11T08:06:10.766Z - [REQUEST]: apps/backend/src/main/resources/schema.sql,apps/backend/target/classes/schema.sql
[NX v21.5.1 Daemon Server] - 2025-09-11T08:06:10.766Z - [REQUEST]: 
[NX v21.5.1 Daemon Server] - 2025-09-11T08:06:10.888Z - Time taken for 'hash changed files from watcher' 11.13137499988079ms
Time for 'nx/js/dependencies-and-lockfile:createNodes' 0.42933300137519836
Time for 'nx/core/project-json:createNodes' 0.18195899948477745
Time for 'nx/core/package-json:createNodes' 1.083916999399662
[NX v21.5.1 Daemon Server] - 2025-09-11T08:06:10.895Z - Time taken for 'build-project-configs' 4.19649999961257ms
Time for 'build typescript dependencies' 0.020624998956918716
[NX v21.5.1 Daemon Server] - 2025-09-11T08:06:10.899Z - Wrote project graph cache to /Users/curiosity/tools/wcw/.nx/workspace-data/project-graph.json
[NX v21.5.1 Daemon Server] - 2025-09-11T08:06:10.899Z - [SYNC]: collect registered sync generators
[NX v21.5.1 Daemon Server] - 2025-09-11T08:06:10.900Z - [SYNC]: project graph hash is the same, not collecting task sync generators
[NX v21.5.1 Daemon Server] - 2025-09-11T08:06:10.900Z - [SYNC]: nx.json hash is the same, not collecting global sync generators
[NX v21.5.1 Daemon Server] - 2025-09-11T08:06:10.900Z - Time taken for 'total execution time for createProjectGraph()' 4.37512500025332ms
[NX v21.5.1 Daemon Server] - 2025-09-11T08:06:14.060Z - [WATCHER]: apps/backend/src/test/resources/schema-h2.sql was modified
[NX v21.5.1 Daemon Server] - 2025-09-11T08:06:14.061Z - [WATCHER]: Processing file changes in outputs
[NX v21.5.1 Daemon Server] - 2025-09-11T08:06:14.262Z - [REQUEST]: Updated workspace context based on watched changes, recomputing project graph...
[NX v21.5.1 Daemon Server] - 2025-09-11T08:06:14.262Z - [REQUEST]: apps/backend/src/test/resources/schema-h2.sql
[NX v21.5.1 Daemon Server] - 2025-09-11T08:06:14.262Z - [REQUEST]: 
Time for 'nx/js/dependencies-and-lockfile:createNodes' 0.04462500102818012
[NX v21.5.1 Daemon Server] - 2025-09-11T08:06:14.263Z - Time taken for 'hash changed files from watcher' 0.35283299908041954ms
Time for 'nx/core/project-json:createNodes' 0.042375000193715096
Time for 'nx/core/package-json:createNodes' 0.1703329998999834
[NX v21.5.1 Daemon Server] - 2025-09-11T08:06:14.265Z - Time taken for 'build-project-configs' 0.6670409999787807ms
Time for 'build typescript dependencies' 0.014624999836087227
[NX v21.5.1 Daemon Server] - 2025-09-11T08:06:14.268Z - Wrote project graph cache to /Users/curiosity/tools/wcw/.nx/workspace-data/project-graph.json
[NX v21.5.1 Daemon Server] - 2025-09-11T08:06:14.268Z - [SYNC]: collect registered sync generators
[NX v21.5.1 Daemon Server] - 2025-09-11T08:06:14.269Z - [SYNC]: project graph hash is the same, not collecting task sync generators
[NX v21.5.1 Daemon Server] - 2025-09-11T08:06:14.269Z - [SYNC]: nx.json hash is the same, not collecting global sync generators
[NX v21.5.1 Daemon Server] - 2025-09-11T08:06:14.269Z - Time taken for 'total execution time for createProjectGraph()' 1.7620000001043081ms
[NX v21.5.1 Daemon Server] - 2025-09-11T08:06:14.600Z - [WATCHER]: apps/backend/target/test-classes/schema-h2.sql was created or restored
[NX v21.5.1 Daemon Server] - 2025-09-11T08:06:14.610Z - [WATCHER]: Processing file changes in outputs
[NX v21.5.1 Daemon Server] - 2025-09-11T08:06:14.703Z - [REQUEST]: Updated workspace context based on watched changes, recomputing project graph...
[NX v21.5.1 Daemon Server] - 2025-09-11T08:06:14.703Z - [REQUEST]: apps/backend/target/test-classes/schema-h2.sql
[NX v21.5.1 Daemon Server] - 2025-09-11T08:06:14.703Z - [REQUEST]: 
Time for 'nx/js/dependencies-and-lockfile:createNodes' 0.0371250007301569
[NX v21.5.1 Daemon Server] - 2025-09-11T08:06:14.705Z - Time taken for 'hash changed files from watcher' 0.6390420012176037ms
Time for 'nx/core/project-json:createNodes' 0.038832999765872955
Time for 'nx/core/package-json:createNodes' 0.15458299964666367
[NX v21.5.1 Daemon Server] - 2025-09-11T08:06:14.707Z - Time taken for 'build-project-configs' 0.5596660003066063ms
Time for 'build typescript dependencies' 0.01333400048315525
[NX v21.5.1 Daemon Server] - 2025-09-11T08:06:14.710Z - Wrote project graph cache to /Users/curiosity/tools/wcw/.nx/workspace-data/project-graph.json
[NX v21.5.1 Daemon Server] - 2025-09-11T08:06:14.710Z - [SYNC]: collect registered sync generators
[NX v21.5.1 Daemon Server] - 2025-09-11T08:06:14.710Z - [SYNC]: project graph hash is the same, not collecting task sync generators
[NX v21.5.1 Daemon Server] - 2025-09-11T08:06:14.710Z - [SYNC]: nx.json hash is the same, not collecting global sync generators
[NX v21.5.1 Daemon Server] - 2025-09-11T08:06:14.710Z - Time taken for 'total execution time for createProjectGraph()' 2.1347500011324883ms
[NX v21.5.1 Daemon Server] - 2025-09-11T08:06:22.190Z - [WATCHER]: apps/backend/src/main/java/com/shanergy/bprev/model/Risk.java was created or restored
[NX v21.5.1 Daemon Server] - 2025-09-11T08:06:22.191Z - [WATCHER]: Processing file changes in outputs
[NX v21.5.1 Daemon Server] - 2025-09-11T08:06:22.292Z - [REQUEST]: Updated workspace context based on watched changes, recomputing project graph...
[NX v21.5.1 Daemon Server] - 2025-09-11T08:06:22.292Z - [REQUEST]: apps/backend/src/main/java/com/shanergy/bprev/model/Risk.java
[NX v21.5.1 Daemon Server] - 2025-09-11T08:06:22.292Z - [REQUEST]: 
[NX v21.5.1 Daemon Server] - 2025-09-11T08:06:22.294Z - Time taken for 'hash changed files from watcher' 0.4067919999361038ms
Time for 'nx/js/dependencies-and-lockfile:createNodes' 0.3550840001553297
Time for 'nx/core/project-json:createNodes' 0.23587499931454659
Time for 'nx/core/package-json:createNodes' 0.7569580003619194
[NX v21.5.1 Daemon Server] - 2025-09-11T08:06:22.299Z - Time taken for 'build-project-configs' 3.6159170009195805ms
Time for 'build typescript dependencies' 0.020709000527858734
[NX v21.5.1 Daemon Server] - 2025-09-11T08:06:22.301Z - Wrote project graph cache to /Users/curiosity/tools/wcw/.nx/workspace-data/project-graph.json
[NX v21.5.1 Daemon Server] - 2025-09-11T08:06:22.301Z - [SYNC]: collect registered sync generators
[NX v21.5.1 Daemon Server] - 2025-09-11T08:06:22.301Z - [SYNC]: project graph hash is the same, not collecting task sync generators
[NX v21.5.1 Daemon Server] - 2025-09-11T08:06:22.301Z - [SYNC]: nx.json hash is the same, not collecting global sync generators
[NX v21.5.1 Daemon Server] - 2025-09-11T08:06:22.301Z - Time taken for 'total execution time for createProjectGraph()' 1.7697080001235008ms
[NX v21.5.1 Daemon Server] - 2025-09-11T08:06:22.707Z - [WATCHER]: 2 file(s) created or restored, 0 file(s) modified, 0 file(s) deleted
[NX v21.5.1 Daemon Server] - 2025-09-11T08:06:22.707Z - [WATCHER]: Processing file changes in outputs
[NX v21.5.1 Daemon Server] - 2025-09-11T08:06:22.808Z - [REQUEST]: Updated workspace context based on watched changes, recomputing project graph...
[NX v21.5.1 Daemon Server] - 2025-09-11T08:06:22.808Z - [REQUEST]: apps/backend/target/classes/com/shanergy/bprev/model/Risk.class,apps/backend/target/classes/schema.sql
[NX v21.5.1 Daemon Server] - 2025-09-11T08:06:22.808Z - [REQUEST]: 
[NX v21.5.1 Daemon Server] - 2025-09-11T08:06:22.810Z - Time taken for 'hash changed files from watcher' 0.9193339999765158ms
Time for 'nx/js/dependencies-and-lockfile:createNodes' 0.12291700020432472
Time for 'nx/core/package-json:createNodes' 0.1992500014603138
Time for 'nx/core/project-json:createNodes' 0.178957998752594
[NX v21.5.1 Daemon Server] - 2025-09-11T08:06:22.816Z - Time taken for 'build-project-configs' 2.6430840007960796ms
Time for 'build typescript dependencies' 0.010166000574827194
[NX v21.5.1 Daemon Server] - 2025-09-11T08:06:22.819Z - Wrote project graph cache to /Users/curiosity/tools/wcw/.nx/workspace-data/project-graph.json
[NX v21.5.1 Daemon Server] - 2025-09-11T08:06:22.819Z - [SYNC]: collect registered sync generators
[NX v21.5.1 Daemon Server] - 2025-09-11T08:06:22.819Z - [SYNC]: project graph hash is the same, not collecting task sync generators
[NX v21.5.1 Daemon Server] - 2025-09-11T08:06:22.819Z - [SYNC]: nx.json hash is the same, not collecting global sync generators
[NX v21.5.1 Daemon Server] - 2025-09-11T08:06:22.819Z - Time taken for 'total execution time for createProjectGraph()' 3.03570800088346ms
[NX v21.5.1 Daemon Server] - 2025-09-11T08:06:25.645Z - [WATCHER]: Processing file changes in outputs
[NX v21.5.1 Daemon Server] - 2025-09-11T08:06:25.645Z - [WATCHER]: apps/backend/src/main/java/com/shanergy/bprev/repository/RiskRepository.java was created or restored
[NX v21.5.1 Daemon Server] - 2025-09-11T08:06:25.748Z - [REQUEST]: Updated workspace context based on watched changes, recomputing project graph...
[NX v21.5.1 Daemon Server] - 2025-09-11T08:06:25.748Z - [REQUEST]: apps/backend/src/main/java/com/shanergy/bprev/repository/RiskRepository.java
[NX v21.5.1 Daemon Server] - 2025-09-11T08:06:25.748Z - [REQUEST]: 
Time for 'nx/js/dependencies-and-lockfile:createNodes' 0.07833399996161461
[NX v21.5.1 Daemon Server] - 2025-09-11T08:06:25.750Z - Time taken for 'hash changed files from watcher' 0.5394999999552965ms
Time for 'nx/core/project-json:createNodes' 0.1661669984459877
Time for 'nx/core/package-json:createNodes' 0.2076249998062849
[NX v21.5.1 Daemon Server] - 2025-09-11T08:06:25.754Z - Time taken for 'build-project-configs' 1.3627920001745224ms
Time for 'build typescript dependencies' 0.017459001392126083
[NX v21.5.1 Daemon Server] - 2025-09-11T08:06:25.758Z - Wrote project graph cache to /Users/curiosity/tools/wcw/.nx/workspace-data/project-graph.json
[NX v21.5.1 Daemon Server] - 2025-09-11T08:06:25.758Z - [SYNC]: collect registered sync generators
[NX v21.5.1 Daemon Server] - 2025-09-11T08:06:25.759Z - [SYNC]: project graph hash is the same, not collecting task sync generators
[NX v21.5.1 Daemon Server] - 2025-09-11T08:06:25.759Z - [SYNC]: nx.json hash is the same, not collecting global sync generators
[NX v21.5.1 Daemon Server] - 2025-09-11T08:06:25.759Z - Time taken for 'total execution time for createProjectGraph()' 3.5247499998658895ms
[NX v21.5.1 Daemon Server] - 2025-09-11T08:06:26.119Z - [WATCHER]: Processing file changes in outputs
[NX v21.5.1 Daemon Server] - 2025-09-11T08:06:26.119Z - [WATCHER]: 2 file(s) created or restored, 0 file(s) modified, 0 file(s) deleted
[NX v21.5.1 Daemon Server] - 2025-09-11T08:06:26.220Z - [REQUEST]: Updated workspace context based on watched changes, recomputing project graph...
[NX v21.5.1 Daemon Server] - 2025-09-11T08:06:26.220Z - [REQUEST]: apps/backend/target/classes/schema.sql,apps/backend/target/classes/com/shanergy/bprev/repository/RiskRepository.class
[NX v21.5.1 Daemon Server] - 2025-09-11T08:06:26.220Z - [REQUEST]: 
Time for 'nx/js/dependencies-and-lockfile:createNodes' 0.08483299985527992
[NX v21.5.1 Daemon Server] - 2025-09-11T08:06:26.222Z - Time taken for 'hash changed files from watcher' 0.43287499994039536ms
Time for 'nx/core/project-json:createNodes' 0.05658299848437309
Time for 'nx/core/package-json:createNodes' 0.22979199886322021
[NX v21.5.1 Daemon Server] - 2025-09-11T08:06:26.225Z - Time taken for 'build-project-configs' 1.1694159992039204ms
Time for 'build typescript dependencies' 0.014125000685453415
[NX v21.5.1 Daemon Server] - 2025-09-11T08:06:26.230Z - Wrote project graph cache to /Users/curiosity/tools/wcw/.nx/workspace-data/project-graph.json
[NX v21.5.1 Daemon Server] - 2025-09-11T08:06:26.230Z - [SYNC]: collect registered sync generators
[NX v21.5.1 Daemon Server] - 2025-09-11T08:06:26.231Z - [SYNC]: project graph hash is the same, not collecting task sync generators
[NX v21.5.1 Daemon Server] - 2025-09-11T08:06:26.231Z - [SYNC]: nx.json hash is the same, not collecting global sync generators
[NX v21.5.1 Daemon Server] - 2025-09-11T08:06:26.231Z - Time taken for 'total execution time for createProjectGraph()' 3.3257500007748604ms
[NX v21.5.1 Daemon Server] - 2025-09-11T08:07:09.833Z - [WATCHER]: Processing file changes in outputs
[NX v21.5.1 Daemon Server] - 2025-09-11T08:07:09.836Z - [WATCHER]: apps/backend/src/main/java/com/shanergy/bprev/dto/RiskDtos.java was created or restored
[NX v21.5.1 Daemon Server] - 2025-09-11T08:07:09.940Z - [REQUEST]: Updated workspace context based on watched changes, recomputing project graph...
[NX v21.5.1 Daemon Server] - 2025-09-11T08:07:09.940Z - [REQUEST]: apps/backend/src/main/java/com/shanergy/bprev/dto/RiskDtos.java
[NX v21.5.1 Daemon Server] - 2025-09-11T08:07:09.940Z - [REQUEST]: 
[NX v21.5.1 Daemon Server] - 2025-09-11T08:07:09.942Z - Time taken for 'hash changed files from watcher' 1.4650829993188381ms
Time for 'nx/js/dependencies-and-lockfile:createNodes' 1.447749998420477
Time for 'nx/core/project-json:createNodes' 2.224958000704646
Time for 'nx/core/package-json:createNodes' 4.384665999561548
[NX v21.5.1 Daemon Server] - 2025-09-11T08:07:09.957Z - Time taken for 'build-project-configs' 9.802749998867512ms
Time for 'build typescript dependencies' 0.03199999965727329
[NX v21.5.1 Daemon Server] - 2025-09-11T08:07:09.965Z - Wrote project graph cache to /Users/curiosity/tools/wcw/.nx/workspace-data/project-graph.json
[NX v21.5.1 Daemon Server] - 2025-09-11T08:07:09.965Z - [SYNC]: collect registered sync generators
[NX v21.5.1 Daemon Server] - 2025-09-11T08:07:09.966Z - [SYNC]: project graph hash is the same, not collecting task sync generators
[NX v21.5.1 Daemon Server] - 2025-09-11T08:07:09.966Z - [SYNC]: nx.json hash is the same, not collecting global sync generators
[NX v21.5.1 Daemon Server] - 2025-09-11T08:07:09.966Z - Time taken for 'total execution time for createProjectGraph()' 7.342749999836087ms
[NX v21.5.1 Daemon Server] - 2025-09-11T08:07:10.411Z - [WATCHER]: 4 file(s) created or restored, 0 file(s) modified, 0 file(s) deleted
[NX v21.5.1 Daemon Server] - 2025-09-11T08:07:10.411Z - [WATCHER]: Processing file changes in outputs
[NX v21.5.1 Daemon Server] - 2025-09-11T08:07:10.513Z - [REQUEST]: Updated workspace context based on watched changes, recomputing project graph...
[NX v21.5.1 Daemon Server] - 2025-09-11T08:07:10.513Z - [REQUEST]: apps/backend/target/classes/com/shanergy/bprev/dto/RiskDtos$UpdateRiskRequest.class,apps/backend/target/classes/com/shanergy/bprev/dto/RiskDtos$CreateRiskRequest.class,apps/backend/target/classes/com/shanergy/bprev/dto/RiskDtos$RiskResponse.class,apps/backend/target/classes/com/shanergy/bprev/dto/RiskDtos.class
[NX v21.5.1 Daemon Server] - 2025-09-11T08:07:10.514Z - [REQUEST]: 
Time for 'nx/js/dependencies-and-lockfile:createNodes' 0.13887500017881393
[NX v21.5.1 Daemon Server] - 2025-09-11T08:07:10.516Z - Time taken for 'hash changed files from watcher' 1.2870420012623072ms
Time for 'nx/core/project-json:createNodes' 0.05324999988079071
Time for 'nx/core/package-json:createNodes' 0.22970799915492535
[NX v21.5.1 Daemon Server] - 2025-09-11T08:07:10.519Z - Time taken for 'build-project-configs' 1.2306670006364584ms
Time for 'build typescript dependencies' 0.014040999114513397
[NX v21.5.1 Daemon Server] - 2025-09-11T08:07:10.523Z - Wrote project graph cache to /Users/curiosity/tools/wcw/.nx/workspace-data/project-graph.json
[NX v21.5.1 Daemon Server] - 2025-09-11T08:07:10.523Z - [SYNC]: collect registered sync generators
[NX v21.5.1 Daemon Server] - 2025-09-11T08:07:10.523Z - [SYNC]: project graph hash is the same, not collecting task sync generators
[NX v21.5.1 Daemon Server] - 2025-09-11T08:07:10.523Z - [SYNC]: nx.json hash is the same, not collecting global sync generators
[NX v21.5.1 Daemon Server] - 2025-09-11T08:07:10.524Z - Time taken for 'total execution time for createProjectGraph()' 2.624040998518467ms
[NX v21.5.1 Daemon Server] - 2025-09-11T08:07:35.504Z - [WATCHER]: Processing file changes in outputs
[NX v21.5.1 Daemon Server] - 2025-09-11T08:07:35.506Z - [WATCHER]: apps/backend/src/main/java/com/shanergy/bprev/service/RiskService.java was created or restored
[NX v21.5.1 Daemon Server] - 2025-09-11T08:07:35.610Z - [REQUEST]: Updated workspace context based on watched changes, recomputing project graph...
[NX v21.5.1 Daemon Server] - 2025-09-11T08:07:35.610Z - [REQUEST]: apps/backend/src/main/java/com/shanergy/bprev/service/RiskService.java
[NX v21.5.1 Daemon Server] - 2025-09-11T08:07:35.610Z - [REQUEST]: 
[NX v21.5.1 Daemon Server] - 2025-09-11T08:07:35.615Z - Time taken for 'hash changed files from watcher' 1.383125001564622ms
Time for 'nx/js/dependencies-and-lockfile:createNodes' 2.418207999318838
Time for 'nx/core/project-json:createNodes' 0.44741700030863285
Time for 'nx/core/package-json:createNodes' 1.2274580001831055
[NX v21.5.1 Daemon Server] - 2025-09-11T08:07:35.628Z - Time taken for 'build-project-configs' 8.943458000198007ms
Time for 'build typescript dependencies' 0.0329160001128912
[NX v21.5.1 Daemon Server] - 2025-09-11T08:07:35.637Z - Wrote project graph cache to /Users/curiosity/tools/wcw/.nx/workspace-data/project-graph.json
[NX v21.5.1 Daemon Server] - 2025-09-11T08:07:35.637Z - [SYNC]: collect registered sync generators
[NX v21.5.1 Daemon Server] - 2025-09-11T08:07:35.637Z - [SYNC]: project graph hash is the same, not collecting task sync generators
[NX v21.5.1 Daemon Server] - 2025-09-11T08:07:35.637Z - [SYNC]: nx.json hash is the same, not collecting global sync generators
[NX v21.5.1 Daemon Server] - 2025-09-11T08:07:35.637Z - Time taken for 'total execution time for createProjectGraph()' 9.101375000551343ms
[NX v21.5.1 Daemon Server] - 2025-09-11T08:07:36.125Z - [WATCHER]: apps/backend/target/classes/com/shanergy/bprev/service/RiskService.class was created or restored
[NX v21.5.1 Daemon Server] - 2025-09-11T08:07:36.125Z - [WATCHER]: Processing file changes in outputs
[NX v21.5.1 Daemon Server] - 2025-09-11T08:07:36.226Z - [REQUEST]: Updated workspace context based on watched changes, recomputing project graph...
[NX v21.5.1 Daemon Server] - 2025-09-11T08:07:36.226Z - [REQUEST]: apps/backend/target/classes/com/shanergy/bprev/service/RiskService.class
[NX v21.5.1 Daemon Server] - 2025-09-11T08:07:36.226Z - [REQUEST]: 
Time for 'nx/js/dependencies-and-lockfile:createNodes' 0.057958999648690224
[NX v21.5.1 Daemon Server] - 2025-09-11T08:07:36.229Z - Time taken for 'hash changed files from watcher' 0.3002499993890524ms
Time for 'nx/core/project-json:createNodes' 0.0823340006172657
Time for 'nx/core/package-json:createNodes' 0.34383399970829487
[NX v21.5.1 Daemon Server] - 2025-09-11T08:07:36.237Z - Time taken for 'build-project-configs' 1.1239169985055923ms
Time for 'build typescript dependencies' 0.015249999240040779
[NX v21.5.1 Daemon Server] - 2025-09-11T08:07:36.240Z - Wrote project graph cache to /Users/curiosity/tools/wcw/.nx/workspace-data/project-graph.json
[NX v21.5.1 Daemon Server] - 2025-09-11T08:07:36.240Z - [SYNC]: collect registered sync generators
[NX v21.5.1 Daemon Server] - 2025-09-11T08:07:36.240Z - [SYNC]: project graph hash is the same, not collecting task sync generators
[NX v21.5.1 Daemon Server] - 2025-09-11T08:07:36.241Z - [SYNC]: nx.json hash is the same, not collecting global sync generators
[NX v21.5.1 Daemon Server] - 2025-09-11T08:07:36.241Z - Time taken for 'total execution time for createProjectGraph()' 2.963457999750972ms
[NX v21.5.1 Daemon Server] - 2025-09-11T08:08:21.576Z - [WATCHER]: apps/backend/src/main/java/com/shanergy/bprev/controller/RiskController.java was created or restored
[NX v21.5.1 Daemon Server] - 2025-09-11T08:08:21.579Z - [WATCHER]: Processing file changes in outputs
[NX v21.5.1 Daemon Server] - 2025-09-11T08:08:21.680Z - [REQUEST]: Updated workspace context based on watched changes, recomputing project graph...
[NX v21.5.1 Daemon Server] - 2025-09-11T08:08:21.680Z - [REQUEST]: apps/backend/src/main/java/com/shanergy/bprev/controller/RiskController.java
[NX v21.5.1 Daemon Server] - 2025-09-11T08:08:21.680Z - [REQUEST]: 
[NX v21.5.1 Daemon Server] - 2025-09-11T08:08:21.682Z - Time taken for 'hash changed files from watcher' 0.56258400157094ms
Time for 'nx/js/dependencies-and-lockfile:createNodes' 0.8308749999850988
Time for 'nx/core/project-json:createNodes' 0.7154169995337725
Time for 'nx/core/package-json:createNodes' 1.3335410002619028
[NX v21.5.1 Daemon Server] - 2025-09-11T08:08:21.693Z - Time taken for 'build-project-configs' 8.565083000808954ms
Time for 'build typescript dependencies' 0.023207999765872955
[NX v21.5.1 Daemon Server] - 2025-09-11T08:08:21.696Z - Wrote project graph cache to /Users/curiosity/tools/wcw/.nx/workspace-data/project-graph.json
[NX v21.5.1 Daemon Server] - 2025-09-11T08:08:21.696Z - [SYNC]: collect registered sync generators
[NX v21.5.1 Daemon Server] - 2025-09-11T08:08:21.696Z - [SYNC]: project graph hash is the same, not collecting task sync generators
[NX v21.5.1 Daemon Server] - 2025-09-11T08:08:21.696Z - [SYNC]: nx.json hash is the same, not collecting global sync generators
[NX v21.5.1 Daemon Server] - 2025-09-11T08:08:21.696Z - Time taken for 'total execution time for createProjectGraph()' 2.9260830003768206ms
[NX v21.5.1 Daemon Server] - 2025-09-11T08:08:22.205Z - [WATCHER]: apps/backend/target/classes/com/shanergy/bprev/controller/RiskController.class was created or restored
[NX v21.5.1 Daemon Server] - 2025-09-11T08:08:22.206Z - [WATCHER]: Processing file changes in outputs
[NX v21.5.1 Daemon Server] - 2025-09-11T08:08:22.308Z - [REQUEST]: Updated workspace context based on watched changes, recomputing project graph...
[NX v21.5.1 Daemon Server] - 2025-09-11T08:08:22.308Z - [REQUEST]: apps/backend/target/classes/com/shanergy/bprev/controller/RiskController.class
[NX v21.5.1 Daemon Server] - 2025-09-11T08:08:22.308Z - [REQUEST]: 
Time for 'nx/js/dependencies-and-lockfile:createNodes' 0.05975000001490116
[NX v21.5.1 Daemon Server] - 2025-09-11T08:08:22.310Z - Time taken for 'hash changed files from watcher' 0.6850829999893904ms
Time for 'nx/core/project-json:createNodes' 0.06766699999570847
Time for 'nx/core/package-json:createNodes' 0.35241599939763546
[NX v21.5.1 Daemon Server] - 2025-09-11T08:08:22.313Z - Time taken for 'build-project-configs' 1.7246660012751818ms
Time for 'build typescript dependencies' 0.00995899923145771
[NX v21.5.1 Daemon Server] - 2025-09-11T08:08:22.316Z - Wrote project graph cache to /Users/curiosity/tools/wcw/.nx/workspace-data/project-graph.json
[NX v21.5.1 Daemon Server] - 2025-09-11T08:08:22.316Z - [SYNC]: collect registered sync generators
[NX v21.5.1 Daemon Server] - 2025-09-11T08:08:22.317Z - [SYNC]: project graph hash is the same, not collecting task sync generators
[NX v21.5.1 Daemon Server] - 2025-09-11T08:08:22.317Z - [SYNC]: nx.json hash is the same, not collecting global sync generators
[NX v21.5.1 Daemon Server] - 2025-09-11T08:08:22.317Z - Time taken for 'total execution time for createProjectGraph()' 1.6926669999957085ms
[NX v21.5.1 Daemon Server] - 2025-09-11T08:08:40.461Z - [WATCHER]: Processing file changes in outputs
[NX v21.5.1 Daemon Server] - 2025-09-11T08:08:40.464Z - [WATCHER]: apps/frontend-pc/src/services/auth.js was modified
[NX v21.5.1 Daemon Server] - 2025-09-11T08:08:40.667Z - [REQUEST]: Updated workspace context based on watched changes, recomputing project graph...
[NX v21.5.1 Daemon Server] - 2025-09-11T08:08:40.667Z - [REQUEST]: apps/frontend-pc/src/services/auth.js
[NX v21.5.1 Daemon Server] - 2025-09-11T08:08:40.667Z - [REQUEST]: 
[NX v21.5.1 Daemon Server] - 2025-09-11T08:08:40.669Z - Time taken for 'hash changed files from watcher' 0.625ms
Time for 'nx/js/dependencies-and-lockfile:createNodes' 0.5517500005662441
Time for 'nx/core/project-json:createNodes' 1.0284579992294312
Time for 'nx/core/package-json:createNodes' 1.9409999996423721
[NX v21.5.1 Daemon Server] - 2025-09-11T08:08:40.677Z - Time taken for 'build-project-configs' 4.409125000238419ms
Time for 'build typescript dependencies' 0.024375000968575478
[NX v21.5.1 Daemon Server] - 2025-09-11T08:08:40.680Z - Wrote project graph cache to /Users/curiosity/tools/wcw/.nx/workspace-data/project-graph.json
[NX v21.5.1 Daemon Server] - 2025-09-11T08:08:40.681Z - [SYNC]: collect registered sync generators
[NX v21.5.1 Daemon Server] - 2025-09-11T08:08:40.681Z - [SYNC]: project graph hash is the same, not collecting task sync generators
[NX v21.5.1 Daemon Server] - 2025-09-11T08:08:40.681Z - [SYNC]: nx.json hash is the same, not collecting global sync generators
[NX v21.5.1 Daemon Server] - 2025-09-11T08:08:40.681Z - Time taken for 'total execution time for createProjectGraph()' 3.7185000013560057ms
[NX v21.5.1 Daemon Server] - 2025-09-11T08:09:13.266Z - [WATCHER]: Processing file changes in outputs
[NX v21.5.1 Daemon Server] - 2025-09-11T08:09:13.268Z - [WATCHER]: apps/frontend-pc/src/views/risk/RisksListView.vue was created or restored
[NX v21.5.1 Daemon Server] - 2025-09-11T08:09:13.370Z - [REQUEST]: Updated workspace context based on watched changes, recomputing project graph...
[NX v21.5.1 Daemon Server] - 2025-09-11T08:09:13.371Z - [REQUEST]: apps/frontend-pc/src/views/risk/RisksListView.vue
[NX v21.5.1 Daemon Server] - 2025-09-11T08:09:13.371Z - [REQUEST]: 
Time for 'nx/js/dependencies-and-lockfile:createNodes' 0.2879579998552799
[NX v21.5.1 Daemon Server] - 2025-09-11T08:09:13.377Z - Time taken for 'hash changed files from watcher' 0.7259589992463589ms
Time for 'nx/core/project-json:createNodes' 1.2053749989718199
Time for 'nx/core/package-json:createNodes' 3.38387499935925
[NX v21.5.1 Daemon Server] - 2025-09-11T08:09:13.390Z - Time taken for 'build-project-configs' 13.082957999780774ms
Time for 'build typescript dependencies' 0.019541000947356224
[NX v21.5.1 Daemon Server] - 2025-09-11T08:09:13.394Z - Wrote project graph cache to /Users/curiosity/tools/wcw/.nx/workspace-data/project-graph.json
[NX v21.5.1 Daemon Server] - 2025-09-11T08:09:13.395Z - [SYNC]: collect registered sync generators
[NX v21.5.1 Daemon Server] - 2025-09-11T08:09:13.395Z - [SYNC]: project graph hash is the same, not collecting task sync generators
[NX v21.5.1 Daemon Server] - 2025-09-11T08:09:13.395Z - [SYNC]: nx.json hash is the same, not collecting global sync generators
[NX v21.5.1 Daemon Server] - 2025-09-11T08:09:13.395Z - Time taken for 'total execution time for createProjectGraph()' 5.3265419993549585ms
[NX v21.5.1 Daemon Server] - 2025-09-11T08:09:23.128Z - [WATCHER]: apps/frontend-pc/src/views/risk/RiskFormView.vue was created or restored
[NX v21.5.1 Daemon Server] - 2025-09-11T08:09:23.129Z - [WATCHER]: Processing file changes in outputs
[NX v21.5.1 Daemon Server] - 2025-09-11T08:09:23.230Z - [REQUEST]: Updated workspace context based on watched changes, recomputing project graph...
[NX v21.5.1 Daemon Server] - 2025-09-11T08:09:23.230Z - [REQUEST]: apps/frontend-pc/src/views/risk/RiskFormView.vue
[NX v21.5.1 Daemon Server] - 2025-09-11T08:09:23.230Z - [REQUEST]: 
Time for 'nx/js/dependencies-and-lockfile:createNodes' 0.051625000312924385
Time for 'nx/core/project-json:createNodes' 0.05704200081527233
Time for 'nx/core/package-json:createNodes' 0.22979200072586536
[NX v21.5.1 Daemon Server] - 2025-09-11T08:09:23.232Z - Time taken for 'hash changed files from watcher' 0.6426669992506504ms
[NX v21.5.1 Daemon Server] - 2025-09-11T08:09:23.235Z - Time taken for 'build-project-configs' 1.1380830015987158ms
Time for 'build typescript dependencies' 0.008791999891400337
[NX v21.5.1 Daemon Server] - 2025-09-11T08:09:23.238Z - Wrote project graph cache to /Users/curiosity/tools/wcw/.nx/workspace-data/project-graph.json
[NX v21.5.1 Daemon Server] - 2025-09-11T08:09:23.238Z - [SYNC]: collect registered sync generators
[NX v21.5.1 Daemon Server] - 2025-09-11T08:09:23.238Z - [SYNC]: project graph hash is the same, not collecting task sync generators
[NX v21.5.1 Daemon Server] - 2025-09-11T08:09:23.238Z - [SYNC]: nx.json hash is the same, not collecting global sync generators
[NX v21.5.1 Daemon Server] - 2025-09-11T08:09:23.238Z - Time taken for 'total execution time for createProjectGraph()' 2.4830829985439777ms
[NX v21.5.1 Daemon Server] - 2025-09-11T08:09:27.637Z - [WATCHER]: apps/frontend-pc/src/router/index.js was modified
[NX v21.5.1 Daemon Server] - 2025-09-11T08:09:27.638Z - [WATCHER]: Processing file changes in outputs
[NX v21.5.1 Daemon Server] - 2025-09-11T08:09:27.840Z - [REQUEST]: Updated workspace context based on watched changes, recomputing project graph...
[NX v21.5.1 Daemon Server] - 2025-09-11T08:09:27.840Z - [REQUEST]: apps/frontend-pc/src/router/index.js
[NX v21.5.1 Daemon Server] - 2025-09-11T08:09:27.840Z - [REQUEST]: 
[NX v21.5.1 Daemon Server] - 2025-09-11T08:09:27.842Z - Time taken for 'hash changed files from watcher' 1.3114169985055923ms
Time for 'nx/js/dependencies-and-lockfile:createNodes' 0.4781660009175539
Time for 'nx/core/project-json:createNodes' 0.27095799893140793
Time for 'nx/core/package-json:createNodes' 1.5035000015050173
[NX v21.5.1 Daemon Server] - 2025-09-11T08:09:27.850Z - Time taken for 'build-project-configs' 3.873124999925494ms
Time for 'build typescript dependencies' 0.041582999750971794
[NX v21.5.1 Daemon Server] - 2025-09-11T08:09:27.857Z - Wrote project graph cache to /Users/curiosity/tools/wcw/.nx/workspace-data/project-graph.json
[NX v21.5.1 Daemon Server] - 2025-09-11T08:09:27.857Z - [SYNC]: collect registered sync generators
[NX v21.5.1 Daemon Server] - 2025-09-11T08:09:27.857Z - [SYNC]: project graph hash is the same, not collecting task sync generators
[NX v21.5.1 Daemon Server] - 2025-09-11T08:09:27.857Z - [SYNC]: nx.json hash is the same, not collecting global sync generators
[NX v21.5.1 Daemon Server] - 2025-09-11T08:09:27.858Z - Time taken for 'total execution time for createProjectGraph()' 7.319083001464605ms
[NX v21.5.1 Daemon Server] - 2025-09-11T08:09:48.834Z - [WATCHER]: apps/backend/src/test/java/com/shanergy/bprev/controller/RiskControllerTest.java was created or restored
[NX v21.5.1 Daemon Server] - 2025-09-11T08:09:48.835Z - [WATCHER]: Processing file changes in outputs
[NX v21.5.1 Daemon Server] - 2025-09-11T08:09:48.936Z - [REQUEST]: Updated workspace context based on watched changes, recomputing project graph...
[NX v21.5.1 Daemon Server] - 2025-09-11T08:09:48.936Z - [REQUEST]: apps/backend/src/test/java/com/shanergy/bprev/controller/RiskControllerTest.java
[NX v21.5.1 Daemon Server] - 2025-09-11T08:09:48.936Z - [REQUEST]: 
[NX v21.5.1 Daemon Server] - 2025-09-11T08:09:48.939Z - Time taken for 'hash changed files from watcher' 0.657583000138402ms
Time for 'nx/js/dependencies-and-lockfile:createNodes' 0.40783300064504147
Time for 'nx/core/project-json:createNodes' 0.3319170009344816
Time for 'nx/core/package-json:createNodes' 0.8515829984098673
[NX v21.5.1 Daemon Server] - 2025-09-11T08:09:48.945Z - Time taken for 'build-project-configs' 3.137500001117587ms
Time for 'build typescript dependencies' 0.02195800095796585
[NX v21.5.1 Daemon Server] - 2025-09-11T08:09:48.949Z - Wrote project graph cache to /Users/curiosity/tools/wcw/.nx/workspace-data/project-graph.json
[NX v21.5.1 Daemon Server] - 2025-09-11T08:09:48.949Z - [SYNC]: collect registered sync generators
[NX v21.5.1 Daemon Server] - 2025-09-11T08:09:48.949Z - [SYNC]: project graph hash is the same, not collecting task sync generators
[NX v21.5.1 Daemon Server] - 2025-09-11T08:09:48.949Z - [SYNC]: nx.json hash is the same, not collecting global sync generators
[NX v21.5.1 Daemon Server] - 2025-09-11T08:09:48.950Z - Time taken for 'total execution time for createProjectGraph()' 4.46199999935925ms
[NX v21.5.1 Daemon Server] - 2025-09-11T08:09:49.484Z - [WATCHER]: Processing file changes in outputs
[NX v21.5.1 Daemon Server] - 2025-09-11T08:09:49.486Z - [WATCHER]: apps/backend/target/test-classes/com/shanergy/bprev/controller/RiskControllerTest.class was created or restored
[NX v21.5.1 Daemon Server] - 2025-09-11T08:09:49.588Z - [REQUEST]: Updated workspace context based on watched changes, recomputing project graph...
[NX v21.5.1 Daemon Server] - 2025-09-11T08:09:49.588Z - [REQUEST]: apps/backend/target/test-classes/com/shanergy/bprev/controller/RiskControllerTest.class
[NX v21.5.1 Daemon Server] - 2025-09-11T08:09:49.588Z - [REQUEST]: 
Time for 'nx/js/dependencies-and-lockfile:createNodes' 0.044874999672174454
[NX v21.5.1 Daemon Server] - 2025-09-11T08:09:49.589Z - Time taken for 'hash changed files from watcher' 0.6630409993231297ms
Time for 'nx/core/project-json:createNodes' 0.057458000257611275
Time for 'nx/core/package-json:createNodes' 0.20308400131762028
[NX v21.5.1 Daemon Server] - 2025-09-11T08:09:49.593Z - Time taken for 'build-project-configs' 0.8204159997403622ms
Time for 'build typescript dependencies' 0.009958000853657722
[NX v21.5.1 Daemon Server] - 2025-09-11T08:09:49.596Z - Wrote project graph cache to /Users/curiosity/tools/wcw/.nx/workspace-data/project-graph.json
[NX v21.5.1 Daemon Server] - 2025-09-11T08:09:49.596Z - [SYNC]: collect registered sync generators
[NX v21.5.1 Daemon Server] - 2025-09-11T08:09:49.596Z - [SYNC]: project graph hash is the same, not collecting task sync generators
[NX v21.5.1 Daemon Server] - 2025-09-11T08:09:49.597Z - [SYNC]: nx.json hash is the same, not collecting global sync generators
[NX v21.5.1 Daemon Server] - 2025-09-11T08:09:49.597Z - Time taken for 'total execution time for createProjectGraph()' 3.023583998903632ms
[NX v21.5.1 Daemon Server] - 2025-09-11T08:10:27.846Z - [WATCHER]: docs/stories/1.3.风险清单管理.story.md was modified
[NX v21.5.1 Daemon Server] - 2025-09-11T08:10:27.848Z - [WATCHER]: Processing file changes in outputs
[NX v21.5.1 Daemon Server] - 2025-09-11T08:10:28.050Z - [REQUEST]: Updated workspace context based on watched changes, recomputing project graph...
[NX v21.5.1 Daemon Server] - 2025-09-11T08:10:28.050Z - [REQUEST]: docs/stories/1.3.风险清单管理.story.md
[NX v21.5.1 Daemon Server] - 2025-09-11T08:10:28.050Z - [REQUEST]: 
[NX v21.5.1 Daemon Server] - 2025-09-11T08:10:28.052Z - Time taken for 'hash changed files from watcher' 0.8026670012623072ms
Time for 'nx/js/dependencies-and-lockfile:createNodes' 0.3864580001682043
Time for 'nx/core/project-json:createNodes' 0.2782499995082617
Time for 'nx/core/package-json:createNodes' 1.3908339999616146
[NX v21.5.1 Daemon Server] - 2025-09-11T08:10:28.058Z - Time taken for 'build-project-configs' 3.177167000249028ms
Time for 'build typescript dependencies' 0.020875001326203346
[NX v21.5.1 Daemon Server] - 2025-09-11T08:10:28.061Z - Wrote project graph cache to /Users/curiosity/tools/wcw/.nx/workspace-data/project-graph.json
[NX v21.5.1 Daemon Server] - 2025-09-11T08:10:28.061Z - [SYNC]: collect registered sync generators
[NX v21.5.1 Daemon Server] - 2025-09-11T08:10:28.061Z - [SYNC]: project graph hash is the same, not collecting task sync generators
[NX v21.5.1 Daemon Server] - 2025-09-11T08:10:28.061Z - [SYNC]: nx.json hash is the same, not collecting global sync generators
[NX v21.5.1 Daemon Server] - 2025-09-11T08:10:28.061Z - Time taken for 'total execution time for createProjectGraph()' 2.8990000002086163ms
[NX v21.5.1 Daemon Server] - 2025-09-11T08:10:42.516Z - [WATCHER]: 0 file(s) created or restored, 1 file(s) modified, 2 file(s) deleted
[NX v21.5.1 Daemon Server] - 2025-09-11T08:10:42.517Z - [WATCHER]: Processing file changes in outputs
[NX v21.5.1 Daemon Server] - 2025-09-11T08:10:42.918Z - [REQUEST]: Updated workspace context based on watched changes, recomputing project graph...
[NX v21.5.1 Daemon Server] - 2025-09-11T08:10:42.918Z - [REQUEST]: apps/backend/target/maven-status/maven-compiler-plugin/compile/default-compile/inputFiles.lst
[NX v21.5.1 Daemon Server] - 2025-09-11T08:10:42.918Z - [REQUEST]: apps/backend/target/classes/com/shanergy/bprev/BprevApplication.class,apps/backend/target/classes/com/shanergy/bprev/controller/HealthController.class
[NX v21.5.1 Daemon Server] - 2025-09-11T08:10:42.921Z - Time taken for 'hash changed files from watcher' 0.41241700015962124ms
Time for 'nx/js/dependencies-and-lockfile:createNodes' 0.5610409993678331
Time for 'nx/core/project-json:createNodes' 0.5500419996678829
Time for 'nx/core/package-json:createNodes' 1.9731250014156103
[NX v21.5.1 Daemon Server] - 2025-09-11T08:10:42.930Z - Time taken for 'build-project-configs' 6.320584001019597ms
Time for 'build typescript dependencies' 0.021542001515626907
[NX v21.5.1 Daemon Server] - 2025-09-11T08:10:42.934Z - Wrote project graph cache to /Users/curiosity/tools/wcw/.nx/workspace-data/project-graph.json
[NX v21.5.1 Daemon Server] - 2025-09-11T08:10:42.934Z - [SYNC]: collect registered sync generators
[NX v21.5.1 Daemon Server] - 2025-09-11T08:10:42.934Z - [SYNC]: project graph hash is the same, not collecting task sync generators
[NX v21.5.1 Daemon Server] - 2025-09-11T08:10:42.934Z - [SYNC]: nx.json hash is the same, not collecting global sync generators
[NX v21.5.1 Daemon Server] - 2025-09-11T08:10:42.934Z - Time taken for 'total execution time for createProjectGraph()' 4.097458999603987ms
[NX v21.5.1 Daemon Server] - 2025-09-11T08:10:43.066Z - [WATCHER]: 0 file(s) created or restored, 6 file(s) modified, 0 file(s) deleted
[NX v21.5.1 Daemon Server] - 2025-09-11T08:10:43.066Z - [WATCHER]: Processing file changes in outputs
[NX v21.5.1 Daemon Server] - 2025-09-11T08:10:43.145Z - [WATCHER]: 0 file(s) created or restored, 16 file(s) modified, 0 file(s) deleted
[NX v21.5.1 Daemon Server] - 2025-09-11T08:10:43.146Z - [WATCHER]: Processing file changes in outputs
[NX v21.5.1 Daemon Server] - 2025-09-11T08:10:43.206Z - [WATCHER]: 2 file(s) created or restored, 14 file(s) modified, 0 file(s) deleted
[NX v21.5.1 Daemon Server] - 2025-09-11T08:10:43.207Z - [WATCHER]: Processing file changes in outputs
[NX v21.5.1 Daemon Server] - 2025-09-11T08:10:43.263Z - [WATCHER]: 0 file(s) created or restored, 3 file(s) modified, 1 file(s) deleted
[NX v21.5.1 Daemon Server] - 2025-09-11T08:10:43.263Z - [WATCHER]: Processing file changes in outputs
[NX v21.5.1 Daemon Server] - 2025-09-11T08:10:43.408Z - [WATCHER]: 1 file(s) created or restored, 6 file(s) modified, 0 file(s) deleted
[NX v21.5.1 Daemon Server] - 2025-09-11T08:10:43.408Z - [WATCHER]: Processing file changes in outputs
[NX v21.5.1 Daemon Server] - 2025-09-11T08:10:43.464Z - [WATCHER]: apps/backend/target/maven-status/maven-compiler-plugin/testCompile/default-testCompile/createdFiles.lst was modified
[NX v21.5.1 Daemon Server] - 2025-09-11T08:10:43.465Z - [WATCHER]: Processing file changes in outputs
[NX v21.5.1 Daemon Server] - 2025-09-11T08:10:43.589Z - [WATCHER]: 3 file(s) created or restored, 0 file(s) modified, 0 file(s) deleted
[NX v21.5.1 Daemon Server] - 2025-09-11T08:10:43.589Z - [WATCHER]: Processing file changes in outputs
[NX v21.5.1 Daemon Server] - 2025-09-11T08:10:43.868Z - [REQUEST]: Updated workspace context based on watched changes, recomputing project graph...
[NX v21.5.1 Daemon Server] - 2025-09-11T08:10:43.868Z - [REQUEST]: apps/backend/target/classes/com/shanergy/bprev/controller/AuthController.class,apps/backend/target/classes/com/shanergy/bprev/dto/LoginResponse.class,apps/backend/target/classes/com/shanergy/bprev/repository/RiskRepository.class,apps/backend/target/classes/com/shanergy/bprev/model/Risk.class,apps/backend/target/classes/com/shanergy/bprev/security/JwtUtil.class,apps/backend/target/classes/com/shanergy/bprev/dto/LoginRequest.class,apps/backend/target/classes/com/shanergy/bprev/dto/RiskDtos$UpdateRiskRequest.class,apps/backend/target/classes/com/shanergy/bprev/dto/UserDtos$UserResponse.class,apps/backend/target/classes/com/shanergy/bprev/dto/UserDtos$RoleSummary.class,apps/backend/target/classes/com/shanergy/bprev/repository/UserRepository.class,apps/backend/target/classes/com/shanergy/bprev/dto/RiskDtos$CreateRiskRequest.class,apps/backend/target/classes/com/shanergy/bprev/service/RiskService.class,apps/backend/target/classes/com/shanergy/bprev/dto/UserDtos$UpdateUserRequest.class,apps/backend/target/classes/com/shanergy/bprev/service/UserService.class,apps/backend/target/classes/com/shanergy/bprev/model/Role.class,apps/backend/target/classes/com/shanergy/bprev/dto/RiskDtos.class,apps/backend/target/classes/com/shanergy/bprev/dto/UserDtos.class,apps/backend/target/classes/com/shanergy/bprev/controller/ProtectedController.class,apps/backend/target/classes/com/shanergy/bprev/repository/RoleRepository.class,apps/backend/target/classes/com/shanergy/bprev/model/User.class,apps/backend/target/classes/com/shanergy/bprev/dto/RiskDtos$RiskResponse.class,apps/backend/target/classes/com/shanergy/bprev/dto/UserDtos$CreateUserRequest.class,apps/backend/target/classes/com/shanergy/bprev/controller/HealthController.class,apps/backend/target/classes/com/shanergy/bprev/BprevApplication.class,apps/backend/target/classes/com/shanergy/bprev/security/CustomUserDetailsService.class,apps/backend/target/classes/com/shanergy/bprev/security/RestAuthenticationEntryPoint.class,apps/backend/target/classes/com/shanergy/bprev/controller/RestExceptionHandler.class,apps/backend/target/classes/com/shanergy/bprev/dto/RoleDtos$UpdateRoleRequest.class,apps/backend/target/classes/com/shanergy/bprev/controller/RiskController.class,apps/backend/target/classes/com/shanergy/bprev/dto/RoleDtos.class,apps/backend/target/classes/com/shanergy/bprev/dto/RoleDtos$RoleResponse.class,apps/backend/target/classes/com/shanergy/bprev/security/RestAccessDeniedHandler.class,apps/backend/target/classes/com/shanergy/bprev/dto/RoleDtos$CreateRoleRequest.class,apps/backend/target/classes/com/shanergy/bprev/security/JwtAuthenticationFilter.class,apps/backend/target/classes/com/shanergy/bprev/dto/ErrorResponse.class,apps/backend/target/classes/com/shanergy/bprev/controller/UserController.class,apps/backend/target/classes/com/shanergy/bprev/security/SecurityConfig.class,apps/backend/target/classes/com/shanergy/bprev/service/RoleService.class,apps/backend/target/maven-status/maven-compiler-plugin/testCompile/default-testCompile/inputFiles.lst,apps/backend/target/classes/com/shanergy/bprev/controller/RoleController.class,apps/backend/target/maven-status/maven-compiler-plugin/compile/default-compile/createdFiles.lst,apps/backend/target/test-classes/com/shanergy/bprev/controller/HealthControllerTest.class,apps/backend/target/test-classes/com/shanergy/bprev/controller/AuthControllerTest.class,apps/backend/target/test-classes/com/shanergy/bprev/controller/ProtectedControllerIntegrationTest.class,apps/backend/target/test-classes/com/shanergy/bprev/controller/AdminApisTest.class,apps/backend/target/test-classes/com/shanergy/bprev/security/SecurityProtectedEndpointsTest.class,apps/backend/target/test-classes/com/shanergy/bprev/security/SecurityPublicEndpointsTest.class,apps/backend/target/test-classes/com/shanergy/bprev/controller/RiskControllerTest.class,apps/backend/target/maven-status/maven-compiler-plugin/testCompile/default-testCompile/createdFiles.lst,apps/backend/target/surefire/surefire-20250911161043529_1tmp,apps/backend/target/surefire/surefire_0-20250911161043529_2tmp,apps/backend/target/surefire/surefirebooter-20250911161043529_3.jar
[NX v21.5.1 Daemon Server] - 2025-09-11T08:10:43.869Z - [REQUEST]: 
[NX v21.5.1 Daemon Server] - 2025-09-11T08:10:43.870Z - Time taken for 'hash changed files from watcher' 0.6305839996784925ms
Time for 'nx/js/dependencies-and-lockfile:createNodes' 0.026833001524209976
Time for 'nx/core/project-json:createNodes' 0.06841700151562691
Time for 'nx/core/package-json:createNodes' 0.31099999882280827
[NX v21.5.1 Daemon Server] - 2025-09-11T08:10:43.872Z - Time taken for 'build-project-configs' 0.6364999990910292ms
Time for 'build typescript dependencies' 0.004208000376820564
[NX v21.5.1 Daemon Server] - 2025-09-11T08:10:43.873Z - Wrote project graph cache to /Users/curiosity/tools/wcw/.nx/workspace-data/project-graph.json
[NX v21.5.1 Daemon Server] - 2025-09-11T08:10:43.873Z - [SYNC]: collect registered sync generators
[NX v21.5.1 Daemon Server] - 2025-09-11T08:10:43.873Z - [SYNC]: project graph hash is the same, not collecting task sync generators
[NX v21.5.1 Daemon Server] - 2025-09-11T08:10:43.873Z - [SYNC]: nx.json hash is the same, not collecting global sync generators
[NX v21.5.1 Daemon Server] - 2025-09-11T08:10:43.873Z - Time taken for 'total execution time for createProjectGraph()' 1.1989580001682043ms
[NX v21.5.1 Daemon Server] - 2025-09-11T08:10:45.983Z - [WATCHER]: 1 file(s) created or restored, 1 file(s) modified, 0 file(s) deleted
[NX v21.5.1 Daemon Server] - 2025-09-11T08:10:45.983Z - [WATCHER]: Processing file changes in outputs
[NX v21.5.1 Daemon Server] - 2025-09-11T08:10:46.046Z - [WATCHER]: Processing file changes in outputs
[NX v21.5.1 Daemon Server] - 2025-09-11T08:10:46.047Z - [WATCHER]: 1 file(s) created or restored, 1 file(s) modified, 0 file(s) deleted
[NX v21.5.1 Daemon Server] - 2025-09-11T08:10:46.084Z - [REQUEST]: Updated workspace context based on watched changes, recomputing project graph...
[NX v21.5.1 Daemon Server] - 2025-09-11T08:10:46.084Z - [REQUEST]: apps/backend/target/surefire-reports/TEST-com.shanergy.bprev.security.SecurityPublicEndpointsTest.xml,apps/backend/target/surefire-reports/com.shanergy.bprev.security.SecurityPublicEndpointsTest.txt,apps/backend/target/surefire-reports/TEST-com.shanergy.bprev.security.SecurityProtectedEndpointsTest.xml,apps/backend/target/surefire-reports/com.shanergy.bprev.security.SecurityProtectedEndpointsTest.txt
[NX v21.5.1 Daemon Server] - 2025-09-11T08:10:46.084Z - [REQUEST]: 
Time for 'nx/js/dependencies-and-lockfile:createNodes' 0.026374999433755875
[NX v21.5.1 Daemon Server] - 2025-09-11T08:10:46.084Z - Time taken for 'hash changed files from watcher' 0.37254200130701065ms
Time for 'nx/core/project-json:createNodes' 0.029999999329447746
Time for 'nx/core/package-json:createNodes' 0.09804100170731544
[NX v21.5.1 Daemon Server] - 2025-09-11T08:10:46.086Z - Time taken for 'build-project-configs' 1.0132500007748604ms
Time for 'build typescript dependencies' 0.0039589982479810715
[NX v21.5.1 Daemon Server] - 2025-09-11T08:10:46.087Z - Wrote project graph cache to /Users/curiosity/tools/wcw/.nx/workspace-data/project-graph.json
[NX v21.5.1 Daemon Server] - 2025-09-11T08:10:46.087Z - [SYNC]: collect registered sync generators
[NX v21.5.1 Daemon Server] - 2025-09-11T08:10:46.087Z - [SYNC]: project graph hash is the same, not collecting task sync generators
[NX v21.5.1 Daemon Server] - 2025-09-11T08:10:46.087Z - [SYNC]: nx.json hash is the same, not collecting global sync generators
[NX v21.5.1 Daemon Server] - 2025-09-11T08:10:46.087Z - Time taken for 'total execution time for createProjectGraph()' 0.7539999987930059ms
[NX v21.5.1 Daemon Server] - 2025-09-11T08:10:46.101Z - [WATCHER]: 3 file(s) created or restored, 1 file(s) modified, 0 file(s) deleted
[NX v21.5.1 Daemon Server] - 2025-09-11T08:10:46.102Z - [WATCHER]: Processing file changes in outputs
[NX v21.5.1 Daemon Server] - 2025-09-11T08:10:46.205Z - [WATCHER]: 1 file(s) created or restored, 1 file(s) modified, 0 file(s) deleted
[NX v21.5.1 Daemon Server] - 2025-09-11T08:10:46.206Z - [WATCHER]: Processing file changes in outputs
[NX v21.5.1 Daemon Server] - 2025-09-11T08:10:46.207Z - [REQUEST]: Updated workspace context based on watched changes, recomputing project graph...
[NX v21.5.1 Daemon Server] - 2025-09-11T08:10:46.207Z - [REQUEST]: apps/backend/target/surefire-reports/com.shanergy.bprev.controller.RiskControllerTest.txt,apps/backend/target/surefire-reports/TEST-com.shanergy.bprev.controller.RiskControllerTest.xml,apps/backend/target/surefire-reports/TEST-com.shanergy.bprev.controller.HealthControllerTest.xml,apps/backend/target/surefire-reports/com.shanergy.bprev.controller.HealthControllerTest.txt,apps/backend/target/surefire-reports/TEST-com.shanergy.bprev.controller.ProtectedControllerIntegrationTest.xml,apps/backend/target/surefire-reports/com.shanergy.bprev.controller.ProtectedControllerIntegrationTest.txt
[NX v21.5.1 Daemon Server] - 2025-09-11T08:10:46.207Z - [REQUEST]: 
Time for 'nx/js/dependencies-and-lockfile:createNodes' 0.05620799958705902
Time for 'nx/core/project-json:createNodes' 0.04749999940395355
[NX v21.5.1 Daemon Server] - 2025-09-11T08:10:46.210Z - Time taken for 'hash changed files from watcher' 0.6793750002980232ms
Time for 'nx/core/package-json:createNodes' 0.24829200096428394
[NX v21.5.1 Daemon Server] - 2025-09-11T08:10:46.213Z - Time taken for 'build-project-configs' 1.3849170003086329ms
Time for 'build typescript dependencies' 0.013499999418854713
[NX v21.5.1 Daemon Server] - 2025-09-11T08:10:46.216Z - Wrote project graph cache to /Users/curiosity/tools/wcw/.nx/workspace-data/project-graph.json
[NX v21.5.1 Daemon Server] - 2025-09-11T08:10:46.216Z - [SYNC]: collect registered sync generators
[NX v21.5.1 Daemon Server] - 2025-09-11T08:10:46.217Z - [SYNC]: project graph hash is the same, not collecting task sync generators
[NX v21.5.1 Daemon Server] - 2025-09-11T08:10:46.217Z - [SYNC]: nx.json hash is the same, not collecting global sync generators
[NX v21.5.1 Daemon Server] - 2025-09-11T08:10:46.217Z - Time taken for 'total execution time for createProjectGraph()' 2.724042000249028ms
[NX v21.5.1 Daemon Server] - 2025-09-11T08:10:46.268Z - [WATCHER]: Processing file changes in outputs
[NX v21.5.1 Daemon Server] - 2025-09-11T08:10:46.268Z - [WATCHER]: 1 file(s) created or restored, 1 file(s) modified, 0 file(s) deleted
[NX v21.5.1 Daemon Server] - 2025-09-11T08:10:46.334Z - [WATCHER]: Processing file changes in outputs
[NX v21.5.1 Daemon Server] - 2025-09-11T08:10:46.336Z - [WATCHER]: 1 file(s) created or restored, 1 file(s) modified, 0 file(s) deleted
[NX v21.5.1 Daemon Server] - 2025-09-11T08:10:46.370Z - [REQUEST]: Updated workspace context based on watched changes, recomputing project graph...
[NX v21.5.1 Daemon Server] - 2025-09-11T08:10:46.370Z - [REQUEST]: apps/backend/target/surefire-reports/TEST-com.shanergy.bprev.controller.AuthControllerTest.xml,apps/backend/target/surefire-reports/com.shanergy.bprev.controller.AuthControllerTest.txt,apps/backend/target/surefire-reports/TEST-com.shanergy.bprev.controller.AdminApisTest.xml,apps/backend/target/surefire-reports/com.shanergy.bprev.controller.AdminApisTest.txt
[NX v21.5.1 Daemon Server] - 2025-09-11T08:10:46.370Z - [REQUEST]: 
Time for 'nx/js/dependencies-and-lockfile:createNodes' 0.07804100029170513
[NX v21.5.1 Daemon Server] - 2025-09-11T08:10:46.371Z - Time taken for 'hash changed files from watcher' 0.40258399955928326ms
Time for 'nx/core/project-json:createNodes' 0.30183300003409386
Time for 'nx/core/package-json:createNodes' 0.3151249997317791
[NX v21.5.1 Daemon Server] - 2025-09-11T08:10:46.373Z - Time taken for 'build-project-configs' 1.33483299985528ms
Time for 'build typescript dependencies' 0.02283400110900402
[NX v21.5.1 Daemon Server] - 2025-09-11T08:10:46.375Z - Wrote project graph cache to /Users/curiosity/tools/wcw/.nx/workspace-data/project-graph.json
[NX v21.5.1 Daemon Server] - 2025-09-11T08:10:46.375Z - [SYNC]: collect registered sync generators
[NX v21.5.1 Daemon Server] - 2025-09-11T08:10:46.375Z - [SYNC]: project graph hash is the same, not collecting task sync generators
[NX v21.5.1 Daemon Server] - 2025-09-11T08:10:46.375Z - [SYNC]: nx.json hash is the same, not collecting global sync generators
[NX v21.5.1 Daemon Server] - 2025-09-11T08:10:46.375Z - Time taken for 'total execution time for createProjectGraph()' 1.1328330002725124ms
[NX v21.5.1 Daemon Server] - 2025-09-11T08:10:46.579Z - [WATCHER]: 0 file(s) created or restored, 0 file(s) modified, 3 file(s) deleted
[NX v21.5.1 Daemon Server] - 2025-09-11T08:10:46.579Z - [WATCHER]: Processing file changes in outputs
[NX v21.5.1 Daemon Server] - 2025-09-11T08:10:46.782Z - [REQUEST]: Updated workspace context based on watched changes, recomputing project graph...
[NX v21.5.1 Daemon Server] - 2025-09-11T08:10:46.782Z - [REQUEST]: 
[NX v21.5.1 Daemon Server] - 2025-09-11T08:10:46.782Z - [REQUEST]: apps/backend/target/surefire/surefire_0-20250911161043529_2tmp,apps/backend/target/surefire/surefirebooter-20250911161043529_3.jar,apps/backend/target/surefire/surefire-20250911161043529_1tmp
Time for 'nx/js/dependencies-and-lockfile:createNodes' 0.07495800033211708
Time for 'nx/core/project-json:createNodes' 0.07033400051295757
Time for 'nx/core/package-json:createNodes' 0.29862499982118607
[NX v21.5.1 Daemon Server] - 2025-09-11T08:10:46.786Z - Time taken for 'hash changed files from watcher' 0.6697920002043247ms
[NX v21.5.1 Daemon Server] - 2025-09-11T08:10:46.789Z - Time taken for 'build-project-configs' 1.7247919999063015ms
Time for 'build typescript dependencies' 0.010625001043081284
[NX v21.5.1 Daemon Server] - 2025-09-11T08:10:46.793Z - Wrote project graph cache to /Users/curiosity/tools/wcw/.nx/workspace-data/project-graph.json
[NX v21.5.1 Daemon Server] - 2025-09-11T08:10:46.793Z - [SYNC]: collect registered sync generators
[NX v21.5.1 Daemon Server] - 2025-09-11T08:10:46.793Z - [SYNC]: project graph hash is the same, not collecting task sync generators
[NX v21.5.1 Daemon Server] - 2025-09-11T08:10:46.793Z - [SYNC]: nx.json hash is the same, not collecting global sync generators
[NX v21.5.1 Daemon Server] - 2025-09-11T08:10:46.793Z - Time taken for 'total execution time for createProjectGraph()' 1.942874999716878ms
[NX v21.5.1 Daemon Server] - 2025-09-11T08:13:26.116Z - [WATCHER]: apps/backend/pom.xml was modified
[NX v21.5.1 Daemon Server] - 2025-09-11T08:13:26.117Z - [WATCHER]: Processing file changes in outputs
[NX v21.5.1 Daemon Server] - 2025-09-11T08:13:26.523Z - [REQUEST]: Updated workspace context based on watched changes, recomputing project graph...
[NX v21.5.1 Daemon Server] - 2025-09-11T08:13:26.523Z - [REQUEST]: apps/backend/pom.xml
[NX v21.5.1 Daemon Server] - 2025-09-11T08:13:26.523Z - [REQUEST]: 
[NX v21.5.1 Daemon Server] - 2025-09-11T08:13:26.529Z - Time taken for 'hash changed files from watcher' 2.8609589990228415ms
Time for 'nx/js/dependencies-and-lockfile:createNodes' 0.7424589991569519
Time for 'nx/core/project-json:createNodes' 0.2770409993827343
Time for 'nx/core/package-json:createNodes' 1.148666998371482
[NX v21.5.1 Daemon Server] - 2025-09-11T08:13:26.536Z - Time taken for 'build-project-configs' 7.261040998622775ms
Time for 'build typescript dependencies' 0.030167000368237495
[NX v21.5.1 Daemon Server] - 2025-09-11T08:13:26.542Z - Wrote project graph cache to /Users/curiosity/tools/wcw/.nx/workspace-data/project-graph.json
[NX v21.5.1 Daemon Server] - 2025-09-11T08:13:26.542Z - [SYNC]: collect registered sync generators
[NX v21.5.1 Daemon Server] - 2025-09-11T08:13:26.542Z - [SYNC]: project graph hash is the same, not collecting task sync generators
[NX v21.5.1 Daemon Server] - 2025-09-11T08:13:26.542Z - [SYNC]: nx.json hash is the same, not collecting global sync generators
[NX v21.5.1 Daemon Server] - 2025-09-11T08:13:26.542Z - Time taken for 'total execution time for createProjectGraph()' 5.164041999727488ms
[NX v21.5.1 Daemon Server] - 2025-09-11T08:13:28.076Z - [WATCHER]: 12 file(s) created or restored, 0 file(s) modified, 30 file(s) deleted
[NX v21.5.1 Daemon Server] - 2025-09-11T08:13:28.077Z - [WATCHER]: Processing file changes in outputs
[NX v21.5.1 Daemon Server] - 2025-09-11T08:13:28.139Z - [WATCHER]: 34 file(s) created or restored, 0 file(s) modified, 9 file(s) deleted
[NX v21.5.1 Daemon Server] - 2025-09-11T08:13:28.167Z - [WATCHER]: Processing file changes in outputs
[NX v21.5.1 Daemon Server] - 2025-09-11T08:13:28.178Z - [REQUEST]: Updated workspace context based on watched changes, recomputing project graph...
[NX v21.5.1 Daemon Server] - 2025-09-11T08:13:28.178Z - [REQUEST]: apps/backend/target/classes/com/shanergy/bprev/dto/RiskDtos$CreateRiskRequest.class,apps/backend/target/classes/com/shanergy/bprev/dto/ErrorResponse.class,apps/backend/target/classes/com/shanergy/bprev/controller/RiskController.class,apps/backend/target/classes/com/shanergy/bprev/BprevApplication.class,apps/backend/target/classes/com/shanergy/bprev/controller/UserController.class,apps/backend/target/classes/com/shanergy/bprev/controller/ProtectedController.class,apps/backend/target/classes/com/shanergy/bprev/controller/AuthController.class,apps/backend/target/classes/com/shanergy/bprev/controller/HealthController.class,apps/backend/target/classes/com/shanergy/bprev/dto/LoginResponse.class,apps/backend/target/classes/com/shanergy/bprev/controller/RoleController.class,apps/backend/target/classes/com/shanergy/bprev/controller/RestExceptionHandler.class,apps/backend/target/classes/com/shanergy/bprev/dto/LoginRequest.class,apps/backend/target/classes/com/shanergy/bprev/dto/UserDtos$UserResponse.class,apps/backend/target/classes/com/shanergy/bprev/dto/UserDtos$RoleSummary.class,apps/backend/target/classes/com/shanergy/bprev/repository/UserRepository.class,apps/backend/target/classes/com/shanergy/bprev/model/Role.class,apps/backend/target/classes/com/shanergy/bprev/security/RestAccessDeniedHandler.class,apps/backend/target/classes/com/shanergy/bprev/security/SecurityConfig.class,apps/backend/target/classes/com/shanergy/bprev/repository/RoleRepository.class,apps/backend/target/classes/com/shanergy/bprev/security/CustomUserDetailsService.class,apps/backend/target/classes/com/shanergy/bprev/service/RoleService.class,apps/backend/target/classes/com/shanergy/bprev/dto/RoleDtos.class,apps/backend/target/classes/com/shanergy/bprev/repository/RiskRepository.class,apps/backend/target/classes/com/shanergy/bprev/dto/RiskDtos$RiskResponse.class,apps/backend/target/classes/com/shanergy/bprev/dto/RiskDtos.class,apps/backend/target/classes/com/shanergy/bprev/security/JwtUtil.class,apps/backend/target/classes/com/shanergy/bprev/dto/RiskDtos$UpdateRiskRequest.class,apps/backend/target/classes/com/shanergy/bprev/security/JwtAuthenticationFilter.class,apps/backend/target/classes/com/shanergy/bprev/service/UserService.class,apps/backend/target/classes/com/shanergy/bprev/model/Risk.class,apps/backend/target/classes/com/shanergy/bprev/dto/UserDtos$CreateUserRequest.class,apps/backend/target/classes/com/shanergy/bprev/dto/UserDtos$UpdateUserRequest.class,apps/backend/target/classes/com/shanergy/bprev/model/User.class,apps/backend/target/classes/com/shanergy/bprev/service/RiskService.class,apps/backend/target/classes/com/shanergy/bprev/dto/RoleDtos$UpdateRoleRequest.class,apps/backend/target/classes/com/shanergy/bprev/dto/UserDtos.class,apps/backend/target/classes/com/shanergy/bprev/dto/RoleDtos$CreateRoleRequest.class,apps/backend/target/classes/com/shanergy/bprev/dto/RoleDtos$RoleResponse.class,apps/backend/target/classes/com/shanergy/bprev/security/RestAuthenticationEntryPoint.class
[NX v21.5.1 Daemon Server] - 2025-09-11T08:13:28.178Z - [REQUEST]: apps/backend/target/classes/schema.sql,apps/backend/target/classes/application.properties,apps/backend/target/classes/data.sql,apps/backend/target/test-classes/data-h2.sql,apps/backend/target/test-classes/com/shanergy/bprev/security/SecurityProtectedEndpointsTest.class,apps/backend/target/test-classes/com/shanergy/bprev/controller/AuthControllerTest.class,apps/backend/target/test-classes/application.properties,apps/backend/target/test-classes/com/shanergy/bprev/controller/HealthControllerTest.class,apps/backend/target/test-classes/com/shanergy/bprev/controller/ProtectedControllerIntegrationTest.class,apps/backend/target/test-classes/com/shanergy/bprev/controller/AdminApisTest.class,apps/backend/target/test-classes/com/shanergy/bprev/controller/RiskControllerTest.class,apps/backend/target/test-classes/com/shanergy/bprev/security/SecurityPublicEndpointsTest.class
Time for 'nx/js/dependencies-and-lockfile:createNodes' 0.04312499985098839
Time for 'nx/core/project-json:createNodes' 0.04170900024473667
[NX v21.5.1 Daemon Server] - 2025-09-11T08:13:28.180Z - Time taken for 'hash changed files from watcher' 0.7970419991761446ms
Time for 'nx/core/package-json:createNodes' 0.23879100009799004
[NX v21.5.1 Daemon Server] - 2025-09-11T08:13:28.182Z - Time taken for 'build-project-configs' 0.9760829992592335ms
Time for 'build typescript dependencies' 0.011208001524209976
[NX v21.5.1 Daemon Server] - 2025-09-11T08:13:28.185Z - Wrote project graph cache to /Users/curiosity/tools/wcw/.nx/workspace-data/project-graph.json
[NX v21.5.1 Daemon Server] - 2025-09-11T08:13:28.185Z - [SYNC]: collect registered sync generators
[NX v21.5.1 Daemon Server] - 2025-09-11T08:13:28.186Z - [SYNC]: project graph hash is the same, not collecting task sync generators
[NX v21.5.1 Daemon Server] - 2025-09-11T08:13:28.186Z - [SYNC]: nx.json hash is the same, not collecting global sync generators
[NX v21.5.1 Daemon Server] - 2025-09-11T08:13:28.186Z - Time taken for 'total execution time for createProjectGraph()' 1.8896670006215572ms
[NX v21.5.1 Daemon Server] - 2025-09-11T08:13:28.190Z - [WATCHER]: 13 file(s) created or restored, 0 file(s) modified, 0 file(s) deleted
[NX v21.5.1 Daemon Server] - 2025-09-11T08:13:28.219Z - [WATCHER]: Processing file changes in outputs
[NX v21.5.1 Daemon Server] - 2025-09-11T08:13:28.293Z - [REQUEST]: Updated workspace context based on watched changes, recomputing project graph...
[NX v21.5.1 Daemon Server] - 2025-09-11T08:13:28.293Z - [REQUEST]: apps/backend/target/test-classes/data-h2.sql,apps/backend/target/test-classes/com/shanergy/bprev/security/SecurityProtectedEndpointsTest.class,apps/backend/target/classes/schema.sql,apps/backend/target/test-classes/com/shanergy/bprev/controller/RiskControllerTest.class,apps/backend/target/test-classes/com/shanergy/bprev/controller/AdminApisTest.class,apps/backend/target/test-classes/com/shanergy/bprev/controller/HealthControllerTest.class,apps/backend/target/test-classes/com/shanergy/bprev/controller/ProtectedControllerIntegrationTest.class,apps/backend/target/test-classes/com/shanergy/bprev/controller/AuthControllerTest.class,apps/backend/target/test-classes/schema-h2.sql,apps/backend/target/classes/application.properties,apps/backend/target/test-classes/com/shanergy/bprev/security/SecurityPublicEndpointsTest.class,apps/backend/target/test-classes/application.properties,apps/backend/target/classes/data.sql
[NX v21.5.1 Daemon Server] - 2025-09-11T08:13:28.293Z - [REQUEST]: 
Time for 'nx/js/dependencies-and-lockfile:createNodes' 0.05866700038313866
[NX v21.5.1 Daemon Server] - 2025-09-11T08:13:28.296Z - Time taken for 'hash changed files from watcher' 1.1201670002192259ms
Time for 'nx/core/project-json:createNodes' 0.0541669987142086
Time for 'nx/core/package-json:createNodes' 0.222291998565197
[NX v21.5.1 Daemon Server] - 2025-09-11T08:13:28.301Z - Time taken for 'build-project-configs' 0.96875ms
Time for 'build typescript dependencies' 0.01558300107717514
[NX v21.5.1 Daemon Server] - 2025-09-11T08:13:28.304Z - Wrote project graph cache to /Users/curiosity/tools/wcw/.nx/workspace-data/project-graph.json
[NX v21.5.1 Daemon Server] - 2025-09-11T08:13:28.304Z - [SYNC]: collect registered sync generators
[NX v21.5.1 Daemon Server] - 2025-09-11T08:13:28.304Z - [SYNC]: project graph hash is the same, not collecting task sync generators
[NX v21.5.1 Daemon Server] - 2025-09-11T08:13:28.305Z - [SYNC]: nx.json hash is the same, not collecting global sync generators
[NX v21.5.1 Daemon Server] - 2025-09-11T08:13:28.305Z - Time taken for 'total execution time for createProjectGraph()' 3.688875000923872ms
[NX v21.5.1 Daemon Server] - 2025-09-11T08:14:00.300Z - [WATCHER]: apps/backend/src/main/java/com/shanergy/bprev/controller/RiskController.java was modified
[NX v21.5.1 Daemon Server] - 2025-09-11T08:14:00.301Z - [WATCHER]: Processing file changes in outputs
[NX v21.5.1 Daemon Server] - 2025-09-11T08:14:00.503Z - [REQUEST]: Updated workspace context based on watched changes, recomputing project graph...
[NX v21.5.1 Daemon Server] - 2025-09-11T08:14:00.504Z - [REQUEST]: apps/backend/src/main/java/com/shanergy/bprev/controller/RiskController.java
[NX v21.5.1 Daemon Server] - 2025-09-11T08:14:00.504Z - [REQUEST]: 
[NX v21.5.1 Daemon Server] - 2025-09-11T08:14:00.513Z - Time taken for 'hash changed files from watcher' 1.0681250002235174ms
Time for 'nx/js/dependencies-and-lockfile:createNodes' 1.530791999772191
Time for 'nx/core/project-json:createNodes' 0.6780830007046461
Time for 'nx/core/package-json:createNodes' 2.992333998903632
[NX v21.5.1 Daemon Server] - 2025-09-11T08:14:00.526Z - Time taken for 'build-project-configs' 9.13162500038743ms
Time for 'build typescript dependencies' 0.05408399924635887
[NX v21.5.1 Daemon Server] - 2025-09-11T08:14:00.531Z - Wrote project graph cache to /Users/curiosity/tools/wcw/.nx/workspace-data/project-graph.json
[NX v21.5.1 Daemon Server] - 2025-09-11T08:14:00.532Z - [SYNC]: collect registered sync generators
[NX v21.5.1 Daemon Server] - 2025-09-11T08:14:00.532Z - [SYNC]: project graph hash is the same, not collecting task sync generators
[NX v21.5.1 Daemon Server] - 2025-09-11T08:14:00.532Z - [SYNC]: nx.json hash is the same, not collecting global sync generators
[NX v21.5.1 Daemon Server] - 2025-09-11T08:14:00.532Z - Time taken for 'total execution time for createProjectGraph()' 6.753999998793006ms
[NX v21.5.1 Daemon Server] - 2025-09-11T08:14:00.969Z - [WATCHER]: Processing file changes in outputs
[NX v21.5.1 Daemon Server] - 2025-09-11T08:14:00.970Z - [WATCHER]: apps/backend/target/classes/com/shanergy/bprev/controller/RiskController.class was modified
[NX v21.5.1 Daemon Server] - 2025-09-11T08:14:01.371Z - [REQUEST]: Updated workspace context based on watched changes, recomputing project graph...
[NX v21.5.1 Daemon Server] - 2025-09-11T08:14:01.371Z - [REQUEST]: apps/backend/target/classes/com/shanergy/bprev/controller/RiskController.class
[NX v21.5.1 Daemon Server] - 2025-09-11T08:14:01.372Z - [REQUEST]: 
Time for 'nx/js/dependencies-and-lockfile:createNodes' 0.045416999608278275
[NX v21.5.1 Daemon Server] - 2025-09-11T08:14:01.373Z - Time taken for 'hash changed files from watcher' 0.4741660002619028ms
Time for 'nx/core/project-json:createNodes' 0.05262500047683716
Time for 'nx/core/package-json:createNodes' 1.2635420002043247
[NX v21.5.1 Daemon Server] - 2025-09-11T08:14:01.377Z - Time taken for 'build-project-configs' 1.9494589995592833ms
Time for 'build typescript dependencies' 0.014042001217603683
[NX v21.5.1 Daemon Server] - 2025-09-11T08:14:01.380Z - Wrote project graph cache to /Users/curiosity/tools/wcw/.nx/workspace-data/project-graph.json
[NX v21.5.1 Daemon Server] - 2025-09-11T08:14:01.380Z - [SYNC]: collect registered sync generators
[NX v21.5.1 Daemon Server] - 2025-09-11T08:14:01.380Z - [SYNC]: project graph hash is the same, not collecting task sync generators
[NX v21.5.1 Daemon Server] - 2025-09-11T08:14:01.380Z - [SYNC]: nx.json hash is the same, not collecting global sync generators
[NX v21.5.1 Daemon Server] - 2025-09-11T08:14:01.380Z - Time taken for 'total execution time for createProjectGraph()' 2.8287499994039536ms
[NX v21.5.1 Daemon Server] - 2025-09-11T08:14:10.483Z - [WATCHER]: apps/frontend-pc/src/views/risk/RisksListView.vue was modified
[NX v21.5.1 Daemon Server] - 2025-09-11T08:14:10.484Z - [WATCHER]: Processing file changes in outputs
[NX v21.5.1 Daemon Server] - 2025-09-11T08:14:11.286Z - [REQUEST]: Updated workspace context based on watched changes, recomputing project graph...
[NX v21.5.1 Daemon Server] - 2025-09-11T08:14:11.286Z - [REQUEST]: apps/frontend-pc/src/views/risk/RisksListView.vue
[NX v21.5.1 Daemon Server] - 2025-09-11T08:14:11.286Z - [REQUEST]: 
Time for 'nx/js/dependencies-and-lockfile:createNodes' 0.0587920006364584
[NX v21.5.1 Daemon Server] - 2025-09-11T08:14:11.290Z - Time taken for 'hash changed files from watcher' 0.8894580006599426ms
Time for 'nx/core/project-json:createNodes' 0.07074999995529652
Time for 'nx/core/package-json:createNodes' 0.2807500008493662
[NX v21.5.1 Daemon Server] - 2025-09-11T08:14:11.294Z - Time taken for 'build-project-configs' 1.7976670004427433ms
Time for 'build typescript dependencies' 0.023207999765872955
[NX v21.5.1 Daemon Server] - 2025-09-11T08:14:11.298Z - Wrote project graph cache to /Users/curiosity/tools/wcw/.nx/workspace-data/project-graph.json
[NX v21.5.1 Daemon Server] - 2025-09-11T08:14:11.298Z - [SYNC]: collect registered sync generators
[NX v21.5.1 Daemon Server] - 2025-09-11T08:14:11.298Z - [SYNC]: project graph hash is the same, not collecting task sync generators
[NX v21.5.1 Daemon Server] - 2025-09-11T08:14:11.298Z - [SYNC]: nx.json hash is the same, not collecting global sync generators
[NX v21.5.1 Daemon Server] - 2025-09-11T08:14:11.299Z - Time taken for 'total execution time for createProjectGraph()' 3.4274579994380474ms
[NX v21.5.1 Daemon Server] - 2025-09-11T08:14:25.259Z - [WATCHER]: docs/stories/1.3.风险清单管理.story.md was modified
[NX v21.5.1 Daemon Server] - 2025-09-11T08:14:25.260Z - [WATCHER]: Processing file changes in outputs
[NX v21.5.1 Daemon Server] - 2025-09-11T08:14:26.861Z - [REQUEST]: Updated workspace context based on watched changes, recomputing project graph...
[NX v21.5.1 Daemon Server] - 2025-09-11T08:14:26.861Z - [REQUEST]: docs/stories/1.3.风险清单管理.story.md
[NX v21.5.1 Daemon Server] - 2025-09-11T08:14:26.861Z - [REQUEST]: 
[NX v21.5.1 Daemon Server] - 2025-09-11T08:14:26.864Z - Time taken for 'hash changed files from watcher' 0.41183300130069256ms
Time for 'nx/js/dependencies-and-lockfile:createNodes' 0.09154199995100498
Time for 'nx/core/project-json:createNodes' 0.1134170014411211
Time for 'nx/core/package-json:createNodes' 0.8540409989655018
[NX v21.5.1 Daemon Server] - 2025-09-11T08:14:26.868Z - Time taken for 'build-project-configs' 1.7480410002171993ms
Time for 'build typescript dependencies' 0.02508299984037876
[NX v21.5.1 Daemon Server] - 2025-09-11T08:14:26.873Z - Wrote project graph cache to /Users/curiosity/tools/wcw/.nx/workspace-data/project-graph.json
[NX v21.5.1 Daemon Server] - 2025-09-11T08:14:26.873Z - [SYNC]: collect registered sync generators
[NX v21.5.1 Daemon Server] - 2025-09-11T08:14:26.874Z - [SYNC]: project graph hash is the same, not collecting task sync generators
[NX v21.5.1 Daemon Server] - 2025-09-11T08:14:26.874Z - [SYNC]: nx.json hash is the same, not collecting global sync generators
[NX v21.5.1 Daemon Server] - 2025-09-11T08:14:26.874Z - Time taken for 'total execution time for createProjectGraph()' 3.562957998365164ms
[NX v21.5.1 Daemon Server] - 2025-09-11T08:23:38.624Z - [WATCHER]: apps/backend/src/main/java/com/shanergy/bprev/controller/RiskController.java was modified
[NX v21.5.1 Daemon Server] - 2025-09-11T08:23:38.626Z - [WATCHER]: Processing file changes in outputs
[NX v21.5.1 Daemon Server] - 2025-09-11T08:23:39.271Z - [WATCHER]: apps/backend/target/classes/com/shanergy/bprev/controller/RiskController.class was modified
[NX v21.5.1 Daemon Server] - 2025-09-11T08:23:39.272Z - [WATCHER]: Processing file changes in outputs
[NX v21.5.1 Daemon Server] - 2025-09-11T08:23:41.827Z - [REQUEST]: Updated workspace context based on watched changes, recomputing project graph...
[NX v21.5.1 Daemon Server] - 2025-09-11T08:23:41.828Z - [REQUEST]: apps/backend/src/main/java/com/shanergy/bprev/controller/RiskController.java,apps/backend/target/classes/com/shanergy/bprev/controller/RiskController.class
[NX v21.5.1 Daemon Server] - 2025-09-11T08:23:41.828Z - [REQUEST]: 
[NX v21.5.1 Daemon Server] - 2025-09-11T08:23:41.831Z - Time taken for 'hash changed files from watcher' 1.3008340001106262ms
Time for 'nx/js/dependencies-and-lockfile:createNodes' 0.6807079985737801
Time for 'nx/core/project-json:createNodes' 0.5278340000659227
Time for 'nx/core/package-json:createNodes' 2.2358330003917217
[NX v21.5.1 Daemon Server] - 2025-09-11T08:23:41.840Z - Time taken for 'build-project-configs' 6.301707999780774ms
Time for 'build typescript dependencies' 0.03458300046622753
[NX v21.5.1 Daemon Server] - 2025-09-11T08:23:41.846Z - Wrote project graph cache to /Users/curiosity/tools/wcw/.nx/workspace-data/project-graph.json
[NX v21.5.1 Daemon Server] - 2025-09-11T08:23:41.846Z - [SYNC]: collect registered sync generators
[NX v21.5.1 Daemon Server] - 2025-09-11T08:23:41.847Z - [SYNC]: project graph hash is the same, not collecting task sync generators
[NX v21.5.1 Daemon Server] - 2025-09-11T08:23:41.847Z - [SYNC]: nx.json hash is the same, not collecting global sync generators
[NX v21.5.1 Daemon Server] - 2025-09-11T08:23:41.847Z - Time taken for 'total execution time for createProjectGraph()' 4.970082998275757ms
[NX v21.5.1 Daemon Server] - 2025-09-11T08:23:49.496Z - [WATCHER]: docs/stories/1.3.风险清单管理.story.md was modified
[NX v21.5.1 Daemon Server] - 2025-09-11T08:23:49.496Z - [WATCHER]: Processing file changes in outputs
[NX v21.5.1 Daemon Server] - 2025-09-11T08:23:55.897Z - [REQUEST]: Updated workspace context based on watched changes, recomputing project graph...
[NX v21.5.1 Daemon Server] - 2025-09-11T08:23:55.898Z - [REQUEST]: docs/stories/1.3.风险清单管理.story.md
[NX v21.5.1 Daemon Server] - 2025-09-11T08:23:55.898Z - [REQUEST]: 
Time for 'nx/js/dependencies-and-lockfile:createNodes' 0.06824999861419201
[NX v21.5.1 Daemon Server] - 2025-09-11T08:23:55.901Z - Time taken for 'hash changed files from watcher' 0.7077920008450747ms
Time for 'nx/core/package-json:createNodes' 2.134291999042034
Time for 'nx/core/project-json:createNodes' 2.400374999269843
[NX v21.5.1 Daemon Server] - 2025-09-11T08:23:55.909Z - Time taken for 'build-project-configs' 5.29024999961257ms
Time for 'build typescript dependencies' 0.015584001317620277
[NX v21.5.1 Daemon Server] - 2025-09-11T08:23:55.912Z - Wrote project graph cache to /Users/curiosity/tools/wcw/.nx/workspace-data/project-graph.json
[NX v21.5.1 Daemon Server] - 2025-09-11T08:23:55.912Z - [SYNC]: collect registered sync generators
[NX v21.5.1 Daemon Server] - 2025-09-11T08:23:55.912Z - [SYNC]: project graph hash is the same, not collecting task sync generators
[NX v21.5.1 Daemon Server] - 2025-09-11T08:23:55.912Z - [SYNC]: nx.json hash is the same, not collecting global sync generators
[NX v21.5.1 Daemon Server] - 2025-09-11T08:23:55.913Z - Time taken for 'total execution time for createProjectGraph()' 3.1985410004854202ms
[NX v21.5.1 Daemon Server] - 2025-09-11T08:51:26.918Z - [WATCHER]: docs/stories/1.3.风险清单管理.story.md was modified
[NX v21.5.1 Daemon Server] - 2025-09-11T08:51:26.920Z - [WATCHER]: Processing file changes in outputs
[NX v21.5.1 Daemon Server] - 2025-09-11T08:51:33.322Z - [REQUEST]: Updated workspace context based on watched changes, recomputing project graph...
[NX v21.5.1 Daemon Server] - 2025-09-11T08:51:33.322Z - [REQUEST]: docs/stories/1.3.风险清单管理.story.md
[NX v21.5.1 Daemon Server] - 2025-09-11T08:51:33.322Z - [REQUEST]: 
[NX v21.5.1 Daemon Server] - 2025-09-11T08:51:33.325Z - Time taken for 'hash changed files from watcher' 0.5452919993549585ms
Time for 'nx/js/dependencies-and-lockfile:createNodes' 0.8752500005066395
Time for 'nx/core/project-json:createNodes' 0.25354200042784214
Time for 'nx/core/package-json:createNodes' 1.8726669996976852
[NX v21.5.1 Daemon Server] - 2025-09-11T08:51:33.336Z - Time taken for 'build-project-configs' 8.346416000276804ms
Time for 'build typescript dependencies' 0.023874999955296516
[NX v21.5.1 Daemon Server] - 2025-09-11T08:51:33.341Z - Wrote project graph cache to /Users/curiosity/tools/wcw/.nx/workspace-data/project-graph.json
[NX v21.5.1 Daemon Server] - 2025-09-11T08:51:33.341Z - [SYNC]: collect registered sync generators
[NX v21.5.1 Daemon Server] - 2025-09-11T08:51:33.341Z - [SYNC]: project graph hash is the same, not collecting task sync generators
[NX v21.5.1 Daemon Server] - 2025-09-11T08:51:33.341Z - [SYNC]: nx.json hash is the same, not collecting global sync generators
[NX v21.5.1 Daemon Server] - 2025-09-11T08:51:33.341Z - Time taken for 'total execution time for createProjectGraph()' 4.848000001162291ms
[NX v21.5.1 Daemon Server] - 2025-09-11T08:57:25.022Z - [WATCHER]: docs/stories/1.1.story.md was created or restored
[NX v21.5.1 Daemon Server] - 2025-09-11T08:57:25.023Z - [WATCHER]: Processing file changes in outputs
[NX v21.5.1 Daemon Server] - 2025-09-11T08:57:25.127Z - [REQUEST]: Updated workspace context based on watched changes, recomputing project graph...
[NX v21.5.1 Daemon Server] - 2025-09-11T08:57:25.127Z - [REQUEST]: docs/stories/1.1.story.md
[NX v21.5.1 Daemon Server] - 2025-09-11T08:57:25.127Z - [REQUEST]: 
[NX v21.5.1 Daemon Server] - 2025-09-11T08:57:25.131Z - Time taken for 'hash changed files from watcher' 1.4106670003384352ms
Time for 'nx/core/project-json:createNodes' 0.2860000003129244
Time for 'nx/js/dependencies-and-lockfile:createNodes' 0.49633300118148327
Time for 'nx/core/package-json:createNodes' 1.398250000551343
[NX v21.5.1 Daemon Server] - 2025-09-11T08:57:25.141Z - Time taken for 'build-project-configs' 5.336666999384761ms
Time for 'build typescript dependencies' 0.027374999597668648
[NX v21.5.1 Daemon Server] - 2025-09-11T08:57:25.146Z - Wrote project graph cache to /Users/curiosity/tools/wcw/.nx/workspace-data/project-graph.json
[NX v21.5.1 Daemon Server] - 2025-09-11T08:57:25.146Z - [SYNC]: collect registered sync generators
[NX v21.5.1 Daemon Server] - 2025-09-11T08:57:25.146Z - [SYNC]: project graph hash is the same, not collecting task sync generators
[NX v21.5.1 Daemon Server] - 2025-09-11T08:57:25.146Z - [SYNC]: nx.json hash is the same, not collecting global sync generators
[NX v21.5.1 Daemon Server] - 2025-09-11T08:57:25.147Z - Time taken for 'total execution time for createProjectGraph()' 4.226042000576854ms
[NX v21.5.1 Daemon Server] - 2025-09-11T09:00:46.575Z - [WATCHER]: docs/stories/1.1.story.md was deleted
[NX v21.5.1 Daemon Server] - 2025-09-11T09:00:46.576Z - [WATCHER]: Processing file changes in outputs
[NX v21.5.1 Daemon Server] - 2025-09-11T09:00:46.779Z - [REQUEST]: Updated workspace context based on watched changes, recomputing project graph...
[NX v21.5.1 Daemon Server] - 2025-09-11T09:00:46.780Z - [REQUEST]: 
[NX v21.5.1 Daemon Server] - 2025-09-11T09:00:46.780Z - [REQUEST]: docs/stories/1.1.story.md
[NX v21.5.1 Daemon Server] - 2025-09-11T09:00:46.782Z - Time taken for 'hash changed files from watcher' 0.6288329996168613ms
Time for 'nx/js/dependencies-and-lockfile:createNodes' 0.3507500011473894
Time for 'nx/core/project-json:createNodes' 0.9139590002596378
Time for 'nx/core/package-json:createNodes' 1.876333000138402
[NX v21.5.1 Daemon Server] - 2025-09-11T09:00:46.790Z - Time taken for 'build-project-configs' 4.361625000834465ms
Time for 'build typescript dependencies' 0.024083001539111137
[NX v21.5.1 Daemon Server] - 2025-09-11T09:00:46.793Z - Wrote project graph cache to /Users/curiosity/tools/wcw/.nx/workspace-data/project-graph.json
[NX v21.5.1 Daemon Server] - 2025-09-11T09:00:46.793Z - [SYNC]: collect registered sync generators
[NX v21.5.1 Daemon Server] - 2025-09-11T09:00:46.794Z - [SYNC]: project graph hash is the same, not collecting task sync generators
[NX v21.5.1 Daemon Server] - 2025-09-11T09:00:46.794Z - [SYNC]: nx.json hash is the same, not collecting global sync generators
[NX v21.5.1 Daemon Server] - 2025-09-11T09:00:46.794Z - Time taken for 'total execution time for createProjectGraph()' 4.581666998565197ms
[NX v21.5.1 Daemon Server] - 2025-09-11T09:00:48.378Z - [WATCHER]: docs/stories/1.3.风险清单管理.story.md was modified
[NX v21.5.1 Daemon Server] - 2025-09-11T09:00:48.379Z - [WATCHER]: Processing file changes in outputs
[NX v21.5.1 Daemon Server] - 2025-09-11T09:00:48.780Z - [REQUEST]: Updated workspace context based on watched changes, recomputing project graph...
[NX v21.5.1 Daemon Server] - 2025-09-11T09:00:48.780Z - [REQUEST]: docs/stories/1.3.风险清单管理.story.md
[NX v21.5.1 Daemon Server] - 2025-09-11T09:00:48.780Z - [REQUEST]: 
Time for 'nx/js/dependencies-and-lockfile:createNodes' 0.05700000002980232
[NX v21.5.1 Daemon Server] - 2025-09-11T09:00:48.782Z - Time taken for 'hash changed files from watcher' 0.48312499932944775ms
Time for 'nx/core/project-json:createNodes' 0.4014590010046959
Time for 'nx/core/package-json:createNodes' 0.2898749988526106
[NX v21.5.1 Daemon Server] - 2025-09-11T09:00:48.785Z - Time taken for 'build-project-configs' 1.4288340006023645ms
Time for 'build typescript dependencies' 0.019791001453995705
[NX v21.5.1 Daemon Server] - 2025-09-11T09:00:48.787Z - Wrote project graph cache to /Users/curiosity/tools/wcw/.nx/workspace-data/project-graph.json
[NX v21.5.1 Daemon Server] - 2025-09-11T09:00:48.788Z - [SYNC]: collect registered sync generators
[NX v21.5.1 Daemon Server] - 2025-09-11T09:00:48.788Z - [SYNC]: project graph hash is the same, not collecting task sync generators
[NX v21.5.1 Daemon Server] - 2025-09-11T09:00:48.788Z - [SYNC]: nx.json hash is the same, not collecting global sync generators
[NX v21.5.1 Daemon Server] - 2025-09-11T09:00:48.788Z - Time taken for 'total execution time for createProjectGraph()' 2.0146249998360872ms
[NX v21.5.1 Daemon Server] - 2025-09-11T09:05:34.637Z - [WATCHER]: Processing file changes in outputs
[NX v21.5.1 Daemon Server] - 2025-09-11T09:05:34.641Z - [WATCHER]: docs/stories/1.3.风险清单管理.story.md was modified
[NX v21.5.1 Daemon Server] - 2025-09-11T09:05:35.444Z - [REQUEST]: Updated workspace context based on watched changes, recomputing project graph...
[NX v21.5.1 Daemon Server] - 2025-09-11T09:05:35.444Z - [REQUEST]: docs/stories/1.3.风险清单管理.story.md
[NX v21.5.1 Daemon Server] - 2025-09-11T09:05:35.445Z - [REQUEST]: 
[NX v21.5.1 Daemon Server] - 2025-09-11T09:05:35.448Z - Time taken for 'hash changed files from watcher' 1.2020410001277924ms
Time for 'nx/js/dependencies-and-lockfile:createNodes' 0.5579169988632202
Time for 'nx/core/project-json:createNodes' 0.31574999913573265
Time for 'nx/core/package-json:createNodes' 1.6834169998764992
[NX v21.5.1 Daemon Server] - 2025-09-11T09:05:35.455Z - Time taken for 'build-project-configs' 4.451666999608278ms
Time for 'build typescript dependencies' 0.04108300060033798
[NX v21.5.1 Daemon Server] - 2025-09-11T09:05:35.460Z - Wrote project graph cache to /Users/curiosity/tools/wcw/.nx/workspace-data/project-graph.json
[NX v21.5.1 Daemon Server] - 2025-09-11T09:05:35.460Z - [SYNC]: collect registered sync generators
[NX v21.5.1 Daemon Server] - 2025-09-11T09:05:35.460Z - [SYNC]: project graph hash is the same, not collecting task sync generators
[NX v21.5.1 Daemon Server] - 2025-09-11T09:05:35.460Z - [SYNC]: nx.json hash is the same, not collecting global sync generators
[NX v21.5.1 Daemon Server] - 2025-09-11T09:05:35.460Z - Time taken for 'total execution time for createProjectGraph()' 4.324541000649333ms
[NX v21.5.1 Daemon Server] - 2025-09-11T09:05:40.358Z - [WATCHER]: docs/stories/1.2.基础用户与权限管理.story.md was modified
[NX v21.5.1 Daemon Server] - 2025-09-11T09:05:40.358Z - [WATCHER]: Processing file changes in outputs
[NX v21.5.1 Daemon Server] - 2025-09-11T09:05:41.960Z - [REQUEST]: Updated workspace context based on watched changes, recomputing project graph...
[NX v21.5.1 Daemon Server] - 2025-09-11T09:05:41.960Z - [REQUEST]: docs/stories/1.2.基础用户与权限管理.story.md
[NX v21.5.1 Daemon Server] - 2025-09-11T09:05:41.960Z - [REQUEST]: 
Time for 'nx/js/dependencies-and-lockfile:createNodes' 0.07945799827575684
[NX v21.5.1 Daemon Server] - 2025-09-11T09:05:41.962Z - Time taken for 'hash changed files from watcher' 0.4105839990079403ms
Time for 'nx/core/project-json:createNodes' 0.08133300021290779
Time for 'nx/core/package-json:createNodes' 0.2732090000063181
[NX v21.5.1 Daemon Server] - 2025-09-11T09:05:41.965Z - Time taken for 'build-project-configs' 1.8122499994933605ms
Time for 'build typescript dependencies' 0.014208998531103134
[NX v21.5.1 Daemon Server] - 2025-09-11T09:05:41.968Z - Wrote project graph cache to /Users/curiosity/tools/wcw/.nx/workspace-data/project-graph.json
[NX v21.5.1 Daemon Server] - 2025-09-11T09:05:41.968Z - [SYNC]: collect registered sync generators
[NX v21.5.1 Daemon Server] - 2025-09-11T09:05:41.968Z - [SYNC]: project graph hash is the same, not collecting task sync generators
[NX v21.5.1 Daemon Server] - 2025-09-11T09:05:41.968Z - [SYNC]: nx.json hash is the same, not collecting global sync generators
[NX v21.5.1 Daemon Server] - 2025-09-11T09:05:41.968Z - Time taken for 'total execution time for createProjectGraph()' 2.289750000461936ms
[NX v21.5.1 Daemon Server] - 2025-09-11T09:05:45.755Z - [WATCHER]: docs/stories/1.2.基础用户与权限管理.story.md was modified
[NX v21.5.1 Daemon Server] - 2025-09-11T09:05:45.756Z - [WATCHER]: Processing file changes in outputs
[NX v21.5.1 Daemon Server] - 2025-09-11T09:05:46.423Z - [WATCHER]: docs/stories/1.2.基础用户与权限管理.story.md was modified
[NX v21.5.1 Daemon Server] - 2025-09-11T09:05:46.423Z - [WATCHER]: Processing file changes in outputs
[NX v21.5.1 Daemon Server] - 2025-09-11T09:05:48.306Z - [WATCHER]: docs/stories/1.3.风险清单管理.story.md was modified
[NX v21.5.1 Daemon Server] - 2025-09-11T09:05:48.306Z - [WATCHER]: Processing file changes in outputs
[NX v21.5.1 Daemon Server] - 2025-09-11T09:05:48.957Z - [REQUEST]: Updated workspace context based on watched changes, recomputing project graph...
[NX v21.5.1 Daemon Server] - 2025-09-11T09:05:48.957Z - [REQUEST]: docs/stories/1.2.基础用户与权限管理.story.md,docs/stories/1.3.风险清单管理.story.md
[NX v21.5.1 Daemon Server] - 2025-09-11T09:05:48.957Z - [REQUEST]: 
Time for 'nx/js/dependencies-and-lockfile:createNodes' 0.03629099950194359
[NX v21.5.1 Daemon Server] - 2025-09-11T09:05:48.958Z - Time taken for 'hash changed files from watcher' 0.2831670008599758ms
Time for 'nx/core/project-json:createNodes' 0.03216700069606304
Time for 'nx/core/package-json:createNodes' 0.11112499982118607
[NX v21.5.1 Daemon Server] - 2025-09-11T09:05:48.959Z - Time taken for 'build-project-configs' 0.5117920003831387ms
Time for 'build typescript dependencies' 0.005249999463558197
[NX v21.5.1 Daemon Server] - 2025-09-11T09:05:48.961Z - Wrote project graph cache to /Users/curiosity/tools/wcw/.nx/workspace-data/project-graph.json
[NX v21.5.1 Daemon Server] - 2025-09-11T09:05:48.961Z - [SYNC]: collect registered sync generators
[NX v21.5.1 Daemon Server] - 2025-09-11T09:05:48.961Z - [SYNC]: project graph hash is the same, not collecting task sync generators
[NX v21.5.1 Daemon Server] - 2025-09-11T09:05:48.961Z - [SYNC]: nx.json hash is the same, not collecting global sync generators
[NX v21.5.1 Daemon Server] - 2025-09-11T09:05:48.961Z - Time taken for 'total execution time for createProjectGraph()' 1.304042000323534ms
[NX v21.5.1 Daemon Server] - 2025-09-11T09:07:40.663Z - [WATCHER]: docs/stories/1.4.移动端隐患快速上报.story.md was created or restored
[NX v21.5.1 Daemon Server] - 2025-09-11T09:07:40.665Z - [WATCHER]: Processing file changes in outputs
[NX v21.5.1 Daemon Server] - 2025-09-11T09:07:40.766Z - [REQUEST]: Updated workspace context based on watched changes, recomputing project graph...
[NX v21.5.1 Daemon Server] - 2025-09-11T09:07:40.767Z - [REQUEST]: docs/stories/1.4.移动端隐患快速上报.story.md
[NX v21.5.1 Daemon Server] - 2025-09-11T09:07:40.767Z - [REQUEST]: 
[NX v21.5.1 Daemon Server] - 2025-09-11T09:07:40.769Z - Time taken for 'hash changed files from watcher' 0.8966249991208315ms
Time for 'nx/js/dependencies-and-lockfile:createNodes' 0.46812500059604645
Time for 'nx/core/project-json:createNodes' 0.2582499999552965
Time for 'nx/core/package-json:createNodes' 1.1164159998297691
[NX v21.5.1 Daemon Server] - 2025-09-11T09:07:40.775Z - Time taken for 'build-project-configs' 3.191415999084711ms
Time for 'build typescript dependencies' 0.023333000019192696
[NX v21.5.1 Daemon Server] - 2025-09-11T09:07:40.778Z - Wrote project graph cache to /Users/curiosity/tools/wcw/.nx/workspace-data/project-graph.json
[NX v21.5.1 Daemon Server] - 2025-09-11T09:07:40.779Z - [SYNC]: collect registered sync generators
[NX v21.5.1 Daemon Server] - 2025-09-11T09:07:40.779Z - [SYNC]: project graph hash is the same, not collecting task sync generators
[NX v21.5.1 Daemon Server] - 2025-09-11T09:07:40.779Z - [SYNC]: nx.json hash is the same, not collecting global sync generators
[NX v21.5.1 Daemon Server] - 2025-09-11T09:07:40.779Z - Time taken for 'total execution time for createProjectGraph()' 3.5635419990867376ms
[NX v21.5.1 Daemon Server] - 2025-09-11T09:13:27.080Z - [WATCHER]: Processing file changes in outputs
[NX v21.5.1 Daemon Server] - 2025-09-11T09:13:27.083Z - [WATCHER]: docs/stories/1.4.移动端隐患快速上报.story.md was modified
[NX v21.5.1 Daemon Server] - 2025-09-11T09:13:27.286Z - [REQUEST]: Updated workspace context based on watched changes, recomputing project graph...
[NX v21.5.1 Daemon Server] - 2025-09-11T09:13:27.286Z - [REQUEST]: docs/stories/1.4.移动端隐患快速上报.story.md
[NX v21.5.1 Daemon Server] - 2025-09-11T09:13:27.286Z - [REQUEST]: 
[NX v21.5.1 Daemon Server] - 2025-09-11T09:13:27.287Z - Time taken for 'hash changed files from watcher' 0.5294159986078739ms
Time for 'nx/js/dependencies-and-lockfile:createNodes' 0.21604100055992603
Time for 'nx/core/project-json:createNodes' 0.19233400002121925
Time for 'nx/core/package-json:createNodes' 0.7905839998275042
[NX v21.5.1 Daemon Server] - 2025-09-11T09:13:27.291Z - Time taken for 'build-project-configs' 1.9411249998956919ms
Time for 'build typescript dependencies' 0.01616699993610382
[NX v21.5.1 Daemon Server] - 2025-09-11T09:13:27.293Z - Wrote project graph cache to /Users/curiosity/tools/wcw/.nx/workspace-data/project-graph.json
[NX v21.5.1 Daemon Server] - 2025-09-11T09:13:27.293Z - [SYNC]: collect registered sync generators
[NX v21.5.1 Daemon Server] - 2025-09-11T09:13:27.293Z - [SYNC]: project graph hash is the same, not collecting task sync generators
[NX v21.5.1 Daemon Server] - 2025-09-11T09:13:27.293Z - [SYNC]: nx.json hash is the same, not collecting global sync generators
[NX v21.5.1 Daemon Server] - 2025-09-11T09:13:27.293Z - Time taken for 'total execution time for createProjectGraph()' 2.1172089986503124ms
[NX v21.5.1 Daemon Server] - 2025-09-11T12:13:27.071Z - [WATCHER]: Stopping the watcher for /Users/curiosity/tools/wcw (sources)
[NX v21.5.1 Daemon Server] - 2025-09-11T12:13:27.073Z - [WATCHER]: Stopping the watcher for /Users/curiosity/tools/wcw (outputs)
[NX v21.5.1 Daemon Server] - 2025-09-11T12:13:27.077Z - Server stopped because: "10800000ms of inactivity"
node:events:485
      throw er; // Unhandled 'error' event
      ^

Error: listen EPERM: operation not permitted /private/var/folders/xt/r7ghqgqx69xc59_fw8txct8c0000gn/T/6e505779ec31f1ac16ae/d.sock
    at Server.setupListenHandle [as _listen2] (node:net:1918:21)
    at listenInCluster (node:net:1997:12)
    at Server.listen (node:net:2119:5)
    at /Users/curiosity/tools/wcw/.nx/installation/node_modules/nx/src/daemon/server/server.js:374:20
    at new Promise (<anonymous>)
    at startServer (/Users/curiosity/tools/wcw/.nx/installation/node_modules/nx/src/daemon/server/server.js:372:12)
    at async /Users/curiosity/tools/wcw/.nx/installation/node_modules/nx/src/daemon/server/start.js:8:9
Emitted 'error' event on Server instance at:
    at emitErrorNT (node:net:1976:8)
    at process.processTicksAndRejections (node:internal/process/task_queues:90:21) {
  code: 'EPERM',
  errno: -1,
  syscall: 'listen',
  address: '/private/var/folders/xt/r7ghqgqx69xc59_fw8txct8c0000gn/T/6e505779ec31f1ac16ae/d.sock',
  port: -1
}

Node.js v24.3.0
